vtaxid,no human-to-human,limited human-to-human,sustained human-to-human,pred_label
1032690,0.4760,0.0987,0.4254,no human-to-human
1032691,0.4760,0.0987,0.4254,no human-to-human
104580,0.0741,0.0289,0.8970,sustained human-to-human
106966,0.0710,0.0273,0.9017,sustained human-to-human
1074213,0.0741,0.0289,0.8970,sustained human-to-human
1076281,0.4549,0.1621,0.3830,no human-to-human
1076282,0.4549,0.1621,0.3830,no human-to-human
1076283,0.4549,0.1621,0.3830,no human-to-human
1076284,0.5480,0.1193,0.3326,no human-to-human
1076285,0.4549,0.1621,0.3830,no human-to-human
10891,0.0591,0.0346,0.9063,sustained human-to-human
1095764,0.0741,0.0289,0.8970,sustained human-to-human
10970,0.2764,0.1617,0.5619,sustained human-to-human
1105379,0.0788,0.0298,0.8913,sustained human-to-human
1105380,0.0741,0.0289,0.8970,sustained human-to-human
1112700,0.0741,0.0289,0.8970,sustained human-to-human
1141625,0.1886,0.0330,0.7784,sustained human-to-human
1156749,0.0858,0.0396,0.8745,sustained human-to-human
11665,0.0741,0.0289,0.8970,sustained human-to-human
1181292,0.0741,0.0289,0.8970,sustained human-to-human
11819,0.0741,0.0289,0.8970,sustained human-to-human
11834,0.4078,0.0271,0.5651,sustained human-to-human
11840,0.0741,0.0289,0.8970,sustained human-to-human
11855,0.1261,0.0260,0.8478,sustained human-to-human
11856,0.4285,0.0430,0.5285,sustained human-to-human
1186059,0.0741,0.0289,0.8970,sustained human-to-human
11864,0.1087,0.0581,0.8332,sustained human-to-human
11884,0.2079,0.0346,0.7575,sustained human-to-human
11885,0.7543,0.0350,0.2108,no human-to-human
11901,0.0705,0.0210,0.9084,sustained human-to-human
1194163,0.0741,0.0289,0.8970,sustained human-to-human
1194164,0.0741,0.0289,0.8970,sustained human-to-human
11970,0.1246,0.0317,0.8437,sustained human-to-human
1203029,0.0788,0.0298,0.8913,sustained human-to-human
1221646,0.0741,0.0289,0.8970,sustained human-to-human
1222038,0.0741,0.0289,0.8970,sustained human-to-human
1222039,0.0741,0.0289,0.8970,sustained human-to-human
1222040,0.0741,0.0289,0.8970,sustained human-to-human
1222041,0.0741,0.0289,0.8970,sustained human-to-human
1222042,0.0741,0.0289,0.8970,sustained human-to-human
1222043,0.0741,0.0289,0.8970,sustained human-to-human
1222044,0.0741,0.0289,0.8970,sustained human-to-human
1222045,0.0741,0.0289,0.8970,sustained human-to-human
1222046,0.0741,0.0289,0.8970,sustained human-to-human
1222047,0.0741,0.0289,0.8970,sustained human-to-human
1222048,0.0741,0.0289,0.8970,sustained human-to-human
1222049,0.0741,0.0289,0.8970,sustained human-to-human
1222050,0.0741,0.0289,0.8970,sustained human-to-human
1222051,0.0741,0.0289,0.8970,sustained human-to-human
12239,0.0741,0.0289,0.8970,sustained human-to-human
12286,0.0741,0.0289,0.8970,sustained human-to-human
1239438,0.0788,0.0298,0.8913,sustained human-to-human
1239439,0.0788,0.0298,0.8913,sustained human-to-human
1239567,0.0741,0.0289,0.8970,sustained human-to-human
1239568,0.0788,0.0298,0.8913,sustained human-to-human
1239569,0.5008,0.0452,0.4540,no human-to-human
1244521,0.8612,0.0618,0.0770,no human-to-human
1244522,0.8153,0.0661,0.1186,no human-to-human
1244525,0.5982,0.1222,0.2796,no human-to-human
1254425,0.1273,0.0346,0.8381,sustained human-to-human
1285463,0.0741,0.0289,0.8970,sustained human-to-human
1293419,0.0741,0.0289,0.8970,sustained human-to-human
1293420,0.0741,0.0289,0.8970,sustained human-to-human
1312874,0.0741,0.0289,0.8970,sustained human-to-human
1329782,0.1092,0.0330,0.8578,sustained human-to-human
1330066,0.0788,0.0298,0.8913,sustained human-to-human
1330068,0.0741,0.0289,0.8970,sustained human-to-human
1330521,0.0585,0.0291,0.9124,sustained human-to-human
1330993,0.0741,0.0289,0.8970,sustained human-to-human
1402035,0.0741,0.0289,0.8970,sustained human-to-human
1408279,0.3346,0.1363,0.5291,sustained human-to-human
1417603,0.0741,0.0289,0.8970,sustained human-to-human
1417604,0.0741,0.0289,0.8970,sustained human-to-human
1417605,0.0741,0.0289,0.8970,sustained human-to-human
1417606,0.0741,0.0289,0.8970,sustained human-to-human
1417607,0.0741,0.0289,0.8970,sustained human-to-human
1417608,0.0741,0.0289,0.8970,sustained human-to-human
1417609,0.0741,0.0289,0.8970,sustained human-to-human
1417610,0.0741,0.0289,0.8970,sustained human-to-human
1417611,0.0741,0.0289,0.8970,sustained human-to-human
1417612,0.0741,0.0289,0.8970,sustained human-to-human
1417613,0.0741,0.0289,0.8970,sustained human-to-human
1417614,0.0741,0.0289,0.8970,sustained human-to-human
1417615,0.0741,0.0289,0.8970,sustained human-to-human
1417616,0.0741,0.0289,0.8970,sustained human-to-human
1417617,0.0741,0.0289,0.8970,sustained human-to-human
1417618,0.0741,0.0289,0.8970,sustained human-to-human
1417619,0.0741,0.0289,0.8970,sustained human-to-human
1428481,0.0741,0.0289,0.8970,sustained human-to-human
1432857,0.0741,0.0289,0.8970,sustained human-to-human
1437125,0.0741,0.0289,0.8970,sustained human-to-human
1521109,0.0741,0.0289,0.8970,sustained human-to-human
1523264,0.0741,0.0289,0.8970,sustained human-to-human
1523265,0.0741,0.0289,0.8970,sustained human-to-human
1523266,0.0741,0.0289,0.8970,sustained human-to-human
1523268,0.0741,0.0289,0.8970,sustained human-to-human
1523273,0.0741,0.0289,0.8970,sustained human-to-human
1523276,0.0741,0.0289,0.8970,sustained human-to-human
1523277,0.0741,0.0289,0.8970,sustained human-to-human
1523278,0.0741,0.0289,0.8970,sustained human-to-human
1523281,0.0741,0.0289,0.8970,sustained human-to-human
1523282,0.0741,0.0289,0.8970,sustained human-to-human
1523285,0.0741,0.0289,0.8970,sustained human-to-human
1523287,0.0741,0.0289,0.8970,sustained human-to-human
1523288,0.0741,0.0289,0.8970,sustained human-to-human
1523289,0.0741,0.0289,0.8970,sustained human-to-human
1525176,0.0741,0.0289,0.8970,sustained human-to-human
1525177,0.0741,0.0289,0.8970,sustained human-to-human
1525178,0.0741,0.0289,0.8970,sustained human-to-human
1525179,0.0741,0.0289,0.8970,sustained human-to-human
1530251,0.0741,0.0289,0.8970,sustained human-to-human
1569923,0.0741,0.0289,0.8970,sustained human-to-human
1602211,0.0788,0.0298,0.8913,sustained human-to-human
1608040,0.0741,0.0289,0.8970,sustained human-to-human
1609130,0.0788,0.0298,0.8913,sustained human-to-human
1609131,0.0741,0.0289,0.8970,sustained human-to-human
1615798,0.0741,0.0289,0.8970,sustained human-to-human
164250,0.3188,0.0583,0.6229,sustained human-to-human
1678146,0.0741,0.0289,0.8970,sustained human-to-human
1679172,0.0741,0.0289,0.8970,sustained human-to-human
1714296,0.0741,0.0289,0.8970,sustained human-to-human
1714297,0.0559,0.0314,0.9126,sustained human-to-human
1714298,0.0741,0.0289,0.8970,sustained human-to-human
1714360,0.0788,0.0298,0.8913,sustained human-to-human
1714361,0.0788,0.0298,0.8913,sustained human-to-human
178530,0.0741,0.0289,0.8970,sustained human-to-human
1803959,0.3323,0.0297,0.6380,sustained human-to-human
1803961,0.6281,0.0325,0.3394,no human-to-human
1884453,0.7430,0.0394,0.2176,no human-to-human
1899067,0.0741,0.0289,0.8970,sustained human-to-human
1899068,0.0741,0.0289,0.8970,sustained human-to-human
1899069,0.0741,0.0289,0.8970,sustained human-to-human
1899070,0.0741,0.0289,0.8970,sustained human-to-human
1899071,0.0741,0.0289,0.8970,sustained human-to-human
1899072,0.0741,0.0289,0.8970,sustained human-to-human
1899073,0.0741,0.0289,0.8970,sustained human-to-human
1899074,0.0741,0.0289,0.8970,sustained human-to-human
1899075,0.0788,0.0298,0.8913,sustained human-to-human
1899076,0.0741,0.0289,0.8970,sustained human-to-human
1899077,0.0741,0.0289,0.8970,sustained human-to-human
1899078,0.0741,0.0289,0.8970,sustained human-to-human
1899079,0.0741,0.0289,0.8970,sustained human-to-human
1899080,0.0741,0.0289,0.8970,sustained human-to-human
1899081,0.0741,0.0289,0.8970,sustained human-to-human
1899082,0.0741,0.0289,0.8970,sustained human-to-human
1899083,0.0433,0.0284,0.9283,sustained human-to-human
1899084,0.0741,0.0289,0.8970,sustained human-to-human
1899085,0.0433,0.0284,0.9283,sustained human-to-human
1899086,0.0433,0.0284,0.9283,sustained human-to-human
1906931,0.3318,0.1348,0.5334,sustained human-to-human
1907787,0.1886,0.0330,0.7784,sustained human-to-human
1912147,0.0788,0.0298,0.8913,sustained human-to-human
1914575,0.0741,0.0289,0.8970,sustained human-to-human
1914576,0.0741,0.0289,0.8970,sustained human-to-human
1922835,0.0741,0.0289,0.8970,sustained human-to-human
1923094,0.0741,0.0289,0.8970,sustained human-to-human
1923116,0.0741,0.0289,0.8970,sustained human-to-human
1923133,0.0741,0.0289,0.8970,sustained human-to-human
1933176,0.1886,0.0330,0.7784,sustained human-to-human
1933263,0.1246,0.0317,0.8437,sustained human-to-human
196403,0.3125,0.0419,0.6456,sustained human-to-human
1972587,0.0741,0.0289,0.8970,sustained human-to-human
1986118,0.0741,0.0289,0.8970,sustained human-to-human
1987124,0.0741,0.0289,0.8970,sustained human-to-human
2044876,0.0741,0.0289,0.8970,sustained human-to-human
2053898,0.0741,0.0289,0.8970,sustained human-to-human
2081950,0.0788,0.0298,0.8913,sustained human-to-human
2094719,0.0741,0.0289,0.8970,sustained human-to-human
2152919,0.0741,0.0289,0.8970,sustained human-to-human
2169479,0.0741,0.0289,0.8970,sustained human-to-human
2184749,0.0741,0.0289,0.8970,sustained human-to-human
2219046,0.0741,0.0289,0.8970,sustained human-to-human
2219047,0.0741,0.0289,0.8970,sustained human-to-human
2219048,0.0741,0.0289,0.8970,sustained human-to-human
2219052,0.0741,0.0289,0.8970,sustained human-to-human
2219053,0.0741,0.0289,0.8970,sustained human-to-human
2219997,0.0741,0.0289,0.8970,sustained human-to-human
2269360,0.0741,0.0289,0.8970,sustained human-to-human
235406,0.0741,0.0289,0.8970,sustained human-to-human
2364099,0.0741,0.0289,0.8970,sustained human-to-human
2497867,0.0741,0.0289,0.8970,sustained human-to-human
2499678,0.0741,0.0289,0.8970,sustained human-to-human
2501947,0.0741,0.0289,0.8970,sustained human-to-human
2516502,0.0788,0.0298,0.8913,sustained human-to-human
2602438,0.0741,0.0289,0.8970,sustained human-to-human
2716315,0.0741,0.0289,0.8970,sustained human-to-human
2778245,0.0741,0.0289,0.8970,sustained human-to-human
2778246,0.0741,0.0289,0.8970,sustained human-to-human
2778247,0.0741,0.0289,0.8970,sustained human-to-human
2778248,0.0741,0.0289,0.8970,sustained human-to-human
2778249,0.0741,0.0289,0.8970,sustained human-to-human
2778250,0.0741,0.0289,0.8970,sustained human-to-human
2778251,0.0741,0.0289,0.8970,sustained human-to-human
2778252,0.0741,0.0289,0.8970,sustained human-to-human
2778253,0.0741,0.0289,0.8970,sustained human-to-human
2831046,0.0741,0.0289,0.8970,sustained human-to-human
2844304,0.0790,0.0369,0.8841,sustained human-to-human
286540,0.5800,0.1236,0.2965,no human-to-human
2936928,0.0741,0.0289,0.8970,sustained human-to-human
295016,0.0741,0.0289,0.8970,sustained human-to-human
2994337,0.1630,0.0553,0.7817,sustained human-to-human
3047346,0.0788,0.0298,0.8913,sustained human-to-human
3047369,0.0741,0.0289,0.8970,sustained human-to-human
3047370,0.0788,0.0298,0.8913,sustained human-to-human
3047809,0.0788,0.0298,0.8913,sustained human-to-human
3047952,0.0741,0.0289,0.8970,sustained human-to-human
3048166,0.0741,0.0289,0.8970,sustained human-to-human
3048206,0.0788,0.0298,0.8913,sustained human-to-human
3048297,0.0741,0.0289,0.8970,sustained human-to-human
3048318,0.0741,0.0289,0.8970,sustained human-to-human
3048439,0.0824,0.0372,0.8804,sustained human-to-human
3050329,0.0741,0.0289,0.8970,sustained human-to-human
3052316,0.1034,0.0320,0.8646,sustained human-to-human
3052329,0.2350,0.0440,0.7210,sustained human-to-human
3052343,0.0741,0.0289,0.8970,sustained human-to-human
3052370,0.0741,0.0289,0.8970,sustained human-to-human
3052380,0.0741,0.0289,0.8970,sustained human-to-human
3052393,0.0741,0.0289,0.8970,sustained human-to-human
3052394,0.0741,0.0289,0.8970,sustained human-to-human
3052400,0.2119,0.0332,0.7549,sustained human-to-human
3052404,0.6848,0.1330,0.1823,no human-to-human
3052421,0.0559,0.0314,0.9126,sustained human-to-human
3052424,0.0741,0.0289,0.8970,sustained human-to-human
3052441,0.0741,0.0289,0.8970,sustained human-to-human
3052445,0.6670,0.0556,0.2774,no human-to-human
3052457,0.8134,0.0943,0.0923,no human-to-human
3052467,0.0788,0.0298,0.8913,sustained human-to-human
3052492,0.0559,0.0314,0.9126,sustained human-to-human
3052509,0.0741,0.0289,0.8970,sustained human-to-human
3052521,0.1886,0.0330,0.7784,sustained human-to-human
3052538,0.1945,0.0356,0.7699,sustained human-to-human
3052616,0.0741,0.0289,0.8970,sustained human-to-human
3052618,0.0741,0.0289,0.8970,sustained human-to-human
3052620,0.0741,0.0289,0.8970,sustained human-to-human
3052621,0.0741,0.0289,0.8970,sustained human-to-human
3052625,0.3566,0.0825,0.5610,sustained human-to-human
3052626,0.0741,0.0289,0.8970,sustained human-to-human
3052637,0.0741,0.0289,0.8970,sustained human-to-human
3052661,0.3627,0.0933,0.5439,sustained human-to-human
3052809,0.0741,0.0289,0.8970,sustained human-to-human
3052826,0.6038,0.0441,0.3520,no human-to-human
3060496,0.0559,0.0314,0.9126,sustained human-to-human
3060507,0.0741,0.0289,0.8970,sustained human-to-human
308159,0.4921,0.1602,0.3477,no human-to-human
3158245,0.3149,0.0394,0.6457,sustained human-to-human
336959,0.0741,0.0289,0.8970,sustained human-to-human
340187,0.0741,0.0289,0.8970,sustained human-to-human
341730,0.0543,0.0269,0.9188,sustained human-to-human
348136,0.0741,0.0289,0.8970,sustained human-to-human
354090,0.2913,0.2170,0.4917,sustained human-to-human
363747,0.1919,0.0357,0.7724,sustained human-to-human
37741,0.6608,0.1064,0.2328,no human-to-human
38016,0.0741,0.0289,0.8970,sustained human-to-human
384335,0.0741,0.0289,0.8970,sustained human-to-human
390157,0.0741,0.0289,0.8970,sustained human-to-human
394239,0.0741,0.0289,0.8970,sustained human-to-human
405554,0.1169,0.0334,0.8497,sustained human-to-human
430511,0.2593,0.1533,0.5874,sustained human-to-human
430911,0.0741,0.0289,0.8970,sustained human-to-human
433731,0.0585,0.0291,0.9124,sustained human-to-human
433732,0.0766,0.0315,0.8919,sustained human-to-human
46920,0.7507,0.0860,0.1633,no human-to-human
47681,0.1610,0.0252,0.8138,sustained human-to-human
481494,0.0741,0.0289,0.8970,sustained human-to-human
481495,0.0741,0.0289,0.8970,sustained human-to-human
481497,0.0741,0.0289,0.8970,sustained human-to-human
481503,0.1246,0.0317,0.8437,sustained human-to-human
481504,0.0741,0.0289,0.8970,sustained human-to-human
481510,0.0741,0.0289,0.8970,sustained human-to-human
481513,0.0741,0.0289,0.8970,sustained human-to-human
496406,0.0741,0.0289,0.8970,sustained human-to-human
496407,0.2716,0.0447,0.6838,sustained human-to-human
496408,0.0741,0.0289,0.8970,sustained human-to-human
496409,0.2716,0.0447,0.6838,sustained human-to-human
497343,0.5912,0.2097,0.1991,no human-to-human
497344,0.6511,0.1563,0.1926,no human-to-human
497915,0.0741,0.0289,0.8970,sustained human-to-human
537513,0.0741,0.0289,0.8970,sustained human-to-human
537514,0.0741,0.0289,0.8970,sustained human-to-human
537516,0.0741,0.0289,0.8970,sustained human-to-human
537517,0.0741,0.0289,0.8970,sustained human-to-human
537524,0.0741,0.0289,0.8970,sustained human-to-human
537526,0.0741,0.0289,0.8970,sustained human-to-human
537528,0.0741,0.0289,0.8970,sustained human-to-human
537530,0.0741,0.0289,0.8970,sustained human-to-human
537531,0.0741,0.0289,0.8970,sustained human-to-human
537534,0.0741,0.0289,0.8970,sustained human-to-human
537535,0.0741,0.0289,0.8970,sustained human-to-human
537539,0.5193,0.0381,0.4426,no human-to-human
537543,0.0741,0.0289,0.8970,sustained human-to-human
537547,0.0741,0.0289,0.8970,sustained human-to-human
537550,0.0741,0.0289,0.8970,sustained human-to-human
537551,0.0741,0.0289,0.8970,sustained human-to-human
537552,0.0741,0.0289,0.8970,sustained human-to-human
537553,0.0741,0.0289,0.8970,sustained human-to-human
537555,0.4091,0.0379,0.5529,sustained human-to-human
537557,0.0741,0.0289,0.8970,sustained human-to-human
537558,0.0741,0.0289,0.8970,sustained human-to-human
537559,0.0741,0.0289,0.8970,sustained human-to-human
537560,0.0741,0.0289,0.8970,sustained human-to-human
537561,0.0741,0.0289,0.8970,sustained human-to-human
537563,0.0741,0.0289,0.8970,sustained human-to-human
537565,0.5193,0.0381,0.4426,no human-to-human
537566,0.0741,0.0289,0.8970,sustained human-to-human
537570,0.0741,0.0289,0.8970,sustained human-to-human
537573,0.0741,0.0289,0.8970,sustained human-to-human
537574,0.0741,0.0289,0.8970,sustained human-to-human
537577,0.0741,0.0289,0.8970,sustained human-to-human
537578,0.3756,0.0381,0.5863,sustained human-to-human
537584,0.0741,0.0289,0.8970,sustained human-to-human
537587,0.0741,0.0289,0.8970,sustained human-to-human
537588,0.0741,0.0289,0.8970,sustained human-to-human
537589,0.0741,0.0289,0.8970,sustained human-to-human
537591,0.0741,0.0289,0.8970,sustained human-to-human
546676,0.0741,0.0289,0.8970,sustained human-to-human
546677,0.0741,0.0289,0.8970,sustained human-to-human
546678,0.0741,0.0289,0.8970,sustained human-to-human
546679,0.0741,0.0289,0.8970,sustained human-to-human
546680,0.0741,0.0289,0.8970,sustained human-to-human
546681,0.0741,0.0289,0.8970,sustained human-to-human
546682,0.0741,0.0289,0.8970,sustained human-to-human
546683,0.0741,0.0289,0.8970,sustained human-to-human
546685,0.0741,0.0289,0.8970,sustained human-to-human
546687,0.0741,0.0289,0.8970,sustained human-to-human
546688,0.0741,0.0289,0.8970,sustained human-to-human
546689,0.0741,0.0289,0.8970,sustained human-to-human
546691,0.0741,0.0289,0.8970,sustained human-to-human
546692,0.0741,0.0289,0.8970,sustained human-to-human
546693,0.0741,0.0289,0.8970,sustained human-to-human
546694,0.0741,0.0289,0.8970,sustained human-to-human
546696,0.0741,0.0289,0.8970,sustained human-to-human
546697,0.0741,0.0289,0.8970,sustained human-to-human
546698,0.0741,0.0289,0.8970,sustained human-to-human
546699,0.0741,0.0289,0.8970,sustained human-to-human
546700,0.0741,0.0289,0.8970,sustained human-to-human
546701,0.0741,0.0289,0.8970,sustained human-to-human
546702,0.0741,0.0289,0.8970,sustained human-to-human
546703,0.0741,0.0289,0.8970,sustained human-to-human
546709,0.0741,0.0289,0.8970,sustained human-to-human
546710,0.0741,0.0289,0.8970,sustained human-to-human
546711,0.0741,0.0289,0.8970,sustained human-to-human
546714,0.0741,0.0289,0.8970,sustained human-to-human
546715,0.0741,0.0289,0.8970,sustained human-to-human
546721,0.0741,0.0289,0.8970,sustained human-to-human
546722,0.0717,0.0284,0.9000,sustained human-to-human
546723,0.0741,0.0289,0.8970,sustained human-to-human
546725,0.0741,0.0289,0.8970,sustained human-to-human
546726,0.0741,0.0289,0.8970,sustained human-to-human
546727,0.0741,0.0289,0.8970,sustained human-to-human
546728,0.0741,0.0289,0.8970,sustained human-to-human
546729,0.0741,0.0289,0.8970,sustained human-to-human
56094,0.0741,0.0289,0.8970,sustained human-to-human
57667,0.0916,0.0244,0.8840,sustained human-to-human
586421,0.0741,0.0289,0.8970,sustained human-to-human
595895,0.0741,0.0289,0.8970,sustained human-to-human
611726,0.0741,0.0289,0.8970,sustained human-to-human
611728,0.0741,0.0289,0.8970,sustained human-to-human
611730,0.0741,0.0289,0.8970,sustained human-to-human
611734,0.0741,0.0289,0.8970,sustained human-to-human
611737,0.0741,0.0289,0.8970,sustained human-to-human
611738,0.0741,0.0289,0.8970,sustained human-to-human
611739,0.0741,0.0289,0.8970,sustained human-to-human
611740,0.0741,0.0289,0.8970,sustained human-to-human
611741,0.0741,0.0289,0.8970,sustained human-to-human
611757,0.0741,0.0289,0.8970,sustained human-to-human
611758,0.0741,0.0289,0.8970,sustained human-to-human
611759,0.0741,0.0289,0.8970,sustained human-to-human
611761,0.0741,0.0289,0.8970,sustained human-to-human
611762,0.0741,0.0289,0.8970,sustained human-to-human
611763,0.0741,0.0289,0.8970,sustained human-to-human
611764,0.0741,0.0289,0.8970,sustained human-to-human
630716,0.0741,0.0289,0.8970,sustained human-to-human
630718,0.0741,0.0289,0.8970,sustained human-to-human
631345,0.0741,0.0289,0.8970,sustained human-to-human
641884,0.5912,0.0696,0.3392,no human-to-human
64318,0.0438,0.0319,0.9243,sustained human-to-human
644610,0.6292,0.1222,0.2486,no human-to-human
646294,0.0741,0.0289,0.8970,sustained human-to-human
647367,0.0741,0.0289,0.8970,sustained human-to-human
647369,0.0775,0.0359,0.8866,sustained human-to-human
647372,0.1478,0.0351,0.8171,sustained human-to-human
647374,0.0741,0.0289,0.8970,sustained human-to-human
650036,0.6243,0.1879,0.1878,no human-to-human
658667,0.0788,0.0298,0.8913,sustained human-to-human
659265,0.0741,0.0289,0.8970,sustained human-to-human
682383,0.0788,0.0298,0.8913,sustained human-to-human
682384,0.0788,0.0298,0.8913,sustained human-to-human
688450,0.0741,0.0289,0.8970,sustained human-to-human
688451,0.0741,0.0289,0.8970,sustained human-to-human
688452,0.0741,0.0289,0.8970,sustained human-to-human
688453,0.0741,0.0289,0.8970,sustained human-to-human
688454,0.0741,0.0289,0.8970,sustained human-to-human
688456,0.0741,0.0289,0.8970,sustained human-to-human
688457,0.0741,0.0289,0.8970,sustained human-to-human
688459,0.0741,0.0289,0.8970,sustained human-to-human
688461,0.0741,0.0289,0.8970,sustained human-to-human
688462,0.0741,0.0289,0.8970,sustained human-to-human
688463,0.0741,0.0289,0.8970,sustained human-to-human
688464,0.0741,0.0289,0.8970,sustained human-to-human
688466,0.0741,0.0289,0.8970,sustained human-to-human
694015,0.1248,0.0436,0.8316,sustained human-to-human
723802,0.3523,0.0295,0.6182,sustained human-to-human
741955,0.0741,0.0289,0.8970,sustained human-to-human
741956,0.0741,0.0289,0.8970,sustained human-to-human
741957,0.0741,0.0289,0.8970,sustained human-to-human
741958,0.0741,0.0289,0.8970,sustained human-to-human
741959,0.0741,0.0289,0.8970,sustained human-to-human
741960,0.0741,0.0289,0.8970,sustained human-to-human
764239,0.0741,0.0289,0.8970,sustained human-to-human
764243,0.0741,0.0289,0.8970,sustained human-to-human
764252,0.3071,0.0335,0.6593,sustained human-to-human
764266,0.0788,0.0298,0.8913,sustained human-to-human
764267,0.0788,0.0298,0.8913,sustained human-to-human
764268,0.0788,0.0298,0.8913,sustained human-to-human
858567,0.0741,0.0289,0.8970,sustained human-to-human
858568,0.0741,0.0289,0.8970,sustained human-to-human
858571,0.0741,0.0289,0.8970,sustained human-to-human
858573,0.0741,0.0289,0.8970,sustained human-to-human
862167,0.0767,0.0310,0.8923,sustained human-to-human
862168,0.0767,0.0310,0.8923,sustained human-to-human
862169,0.0767,0.0310,0.8923,sustained human-to-human
862170,0.0767,0.0310,0.8923,sustained human-to-human
862171,0.0767,0.0310,0.8923,sustained human-to-human
862172,0.0767,0.0310,0.8923,sustained human-to-human
862173,0.0767,0.0310,0.8923,sustained human-to-human
862174,0.0767,0.0310,0.8923,sustained human-to-human
862175,0.0767,0.0310,0.8923,sustained human-to-human
862176,0.0767,0.0310,0.8923,sustained human-to-human
862177,0.0767,0.0310,0.8923,sustained human-to-human
862178,0.0767,0.0310,0.8923,sustained human-to-human
862179,0.0767,0.0310,0.8923,sustained human-to-human
862180,0.0767,0.0310,0.8923,sustained human-to-human
862181,0.0767,0.0310,0.8923,sustained human-to-human
862182,0.0767,0.0310,0.8923,sustained human-to-human
862183,0.0767,0.0310,0.8923,sustained human-to-human
864560,0.1246,0.0317,0.8437,sustained human-to-human
864623,0.0767,0.0310,0.8923,sustained human-to-human
864624,0.0767,0.0310,0.8923,sustained human-to-human
870710,0.0741,0.0289,0.8970,sustained human-to-human
870711,0.0741,0.0289,0.8970,sustained human-to-human
870712,0.0741,0.0289,0.8970,sustained human-to-human
871260,0.1723,0.0462,0.7814,sustained human-to-human
87786,0.1185,0.0282,0.8533,sustained human-to-human
934413,0.0741,0.0289,0.8970,sustained human-to-human
937784,0.1564,0.0800,0.7635,sustained human-to-human
941285,0.0741,0.0289,0.8970,sustained human-to-human
941292,0.0741,0.0289,0.8970,sustained human-to-human
941293,0.0741,0.0289,0.8970,sustained human-to-human
941305,0.0741,0.0289,0.8970,sustained human-to-human
941317,0.0741,0.0289,0.8970,sustained human-to-human
999535,0.0741,0.0289,0.8970,sustained human-to-human
