vtaxid,prob_gastrointestinal,prob_neural,prob_other,prob_respiratory,prob_systemic,prob_viraemic,pred_label
1032690,0.7412,0.0654,0.1189,0.0156,0.0106,0.0483,gastrointestinal
1032691,0.7412,0.0654,0.1189,0.0156,0.0106,0.0483,gastrointestinal
104580,0.8541,0.0274,0.0698,0.0087,0.0040,0.0360,gastrointestinal
106966,0.8627,0.0276,0.0591,0.0096,0.0041,0.0370,gastrointestinal
1074213,0.8553,0.0278,0.0663,0.0082,0.0041,0.0382,gastrointestinal
1076281,0.0845,0.1716,0.1625,0.1206,0.1254,0.3354,viraemic
1076282,0.0845,0.1716,0.1625,0.1206,0.1254,0.3354,viraemic
1076283,0.0845,0.1716,0.1625,0.1206,0.1254,0.3354,viraemic
1076284,0.0710,0.1623,0.1318,0.1155,0.1209,0.3985,viraemic
1076285,0.0845,0.1716,0.1625,0.1206,0.1254,0.3354,viraemic
10891,0.8345,0.0302,0.0879,0.0085,0.0040,0.0348,gastrointestinal
1095764,0.8466,0.0298,0.0705,0.0089,0.0042,0.0399,gastrointestinal
10970,0.0945,0.1648,0.0786,0.1090,0.0733,0.4798,viraemic
1105379,0.8607,0.0296,0.0572,0.0089,0.0043,0.0393,gastrointestinal
1105380,0.8466,0.0298,0.0705,0.0089,0.0042,0.0399,gastrointestinal
1112700,0.8466,0.0298,0.0705,0.0089,0.0042,0.0399,gastrointestinal
1141625,0.8349,0.0321,0.0755,0.0095,0.0045,0.0435,gastrointestinal
1156749,0.8557,0.0267,0.0654,0.0121,0.0043,0.0360,gastrointestinal
11665,0.8466,0.0298,0.0705,0.0089,0.0042,0.0399,gastrointestinal
1181292,0.8540,0.0282,0.0650,0.0089,0.0042,0.0398,gastrointestinal
11819,0.8496,0.0314,0.0679,0.0095,0.0043,0.0373,gastrointestinal
11834,0.7173,0.0652,0.1220,0.0399,0.0078,0.0476,gastrointestinal
11840,0.8470,0.0307,0.0693,0.0092,0.0043,0.0394,gastrointestinal
11855,0.8259,0.0292,0.0898,0.0111,0.0046,0.0395,gastrointestinal
11856,0.8174,0.0344,0.0849,0.0103,0.0051,0.0479,gastrointestinal
1186059,0.8466,0.0298,0.0705,0.0089,0.0042,0.0399,gastrointestinal
11864,0.7401,0.0508,0.1256,0.0143,0.0069,0.0623,gastrointestinal
11884,0.6427,0.0781,0.1632,0.0449,0.0210,0.0500,gastrointestinal
11885,0.6025,0.0873,0.1845,0.0327,0.0164,0.0767,gastrointestinal
11901,0.8309,0.0365,0.0556,0.0136,0.0054,0.0581,gastrointestinal
1194163,0.8466,0.0298,0.0705,0.0089,0.0042,0.0399,gastrointestinal
1194164,0.8466,0.0298,0.0705,0.0089,0.0042,0.0399,gastrointestinal
11970,0.7212,0.0489,0.1574,0.0142,0.0062,0.0520,gastrointestinal
1203029,0.8517,0.0284,0.0697,0.0086,0.0042,0.0374,gastrointestinal
1221646,0.8466,0.0298,0.0705,0.0089,0.0042,0.0399,gastrointestinal
1222038,0.8466,0.0298,0.0705,0.0089,0.0042,0.0399,gastrointestinal
1222039,0.8466,0.0298,0.0705,0.0089,0.0042,0.0399,gastrointestinal
1222040,0.8466,0.0298,0.0705,0.0089,0.0042,0.0399,gastrointestinal
1222041,0.8466,0.0298,0.0705,0.0089,0.0042,0.0399,gastrointestinal
1222042,0.8466,0.0298,0.0705,0.0089,0.0042,0.0399,gastrointestinal
1222043,0.8466,0.0298,0.0705,0.0089,0.0042,0.0399,gastrointestinal
1222044,0.8466,0.0298,0.0705,0.0089,0.0042,0.0399,gastrointestinal
1222045,0.8466,0.0298,0.0705,0.0089,0.0042,0.0399,gastrointestinal
1222046,0.8466,0.0298,0.0705,0.0089,0.0042,0.0399,gastrointestinal
1222047,0.8466,0.0298,0.0705,0.0089,0.0042,0.0399,gastrointestinal
1222048,0.8466,0.0298,0.0705,0.0089,0.0042,0.0399,gastrointestinal
1222049,0.8466,0.0298,0.0705,0.0089,0.0042,0.0399,gastrointestinal
1222050,0.8466,0.0298,0.0705,0.0089,0.0042,0.0399,gastrointestinal
1222051,0.8466,0.0298,0.0705,0.0089,0.0042,0.0399,gastrointestinal
12239,0.8527,0.0288,0.0649,0.0090,0.0043,0.0402,gastrointestinal
12286,0.8466,0.0298,0.0705,0.0089,0.0042,0.0399,gastrointestinal
1239438,0.8584,0.0296,0.0588,0.0089,0.0044,0.0399,gastrointestinal
1239439,0.8584,0.0296,0.0588,0.0089,0.0044,0.0399,gastrointestinal
1239567,0.8466,0.0298,0.0705,0.0089,0.0042,0.0399,gastrointestinal
1239568,0.8584,0.0296,0.0588,0.0089,0.0044,0.0399,gastrointestinal
1239569,0.8101,0.0384,0.0771,0.0146,0.0059,0.0539,gastrointestinal
1244521,0.0495,0.0988,0.0793,0.0632,0.0928,0.6164,viraemic
1244522,0.0618,0.1368,0.0788,0.1099,0.1805,0.4320,viraemic
1244525,0.0687,0.1348,0.1003,0.1272,0.1019,0.4670,viraemic
1254425,0.8526,0.0291,0.0689,0.0084,0.0042,0.0368,gastrointestinal
1285463,0.8464,0.0295,0.0710,0.0087,0.0042,0.0402,gastrointestinal
1293419,0.8466,0.0298,0.0705,0.0089,0.0042,0.0399,gastrointestinal
1293420,0.8466,0.0298,0.0705,0.0089,0.0042,0.0399,gastrointestinal
1312874,0.8466,0.0298,0.0705,0.0089,0.0042,0.0399,gastrointestinal
1329782,0.8532,0.0295,0.0572,0.0098,0.0049,0.0453,gastrointestinal
1330066,0.8584,0.0296,0.0588,0.0089,0.0044,0.0399,gastrointestinal
1330068,0.8507,0.0282,0.0699,0.0088,0.0041,0.0382,gastrointestinal
1330521,0.8719,0.0260,0.0557,0.0089,0.0038,0.0337,gastrointestinal
1330993,0.8353,0.0289,0.0851,0.0083,0.0041,0.0382,gastrointestinal
1402035,0.8466,0.0298,0.0705,0.0089,0.0042,0.0399,gastrointestinal
1408279,0.3244,0.1476,0.1691,0.0440,0.0469,0.2680,gastrointestinal
1417603,0.8438,0.0308,0.0744,0.0084,0.0042,0.0385,gastrointestinal
1417604,0.8468,0.0285,0.0734,0.0084,0.0042,0.0387,gastrointestinal
1417605,0.8363,0.0283,0.0835,0.0081,0.0042,0.0396,gastrointestinal
1417606,0.8363,0.0283,0.0835,0.0081,0.0042,0.0396,gastrointestinal
1417607,0.8363,0.0283,0.0835,0.0081,0.0042,0.0396,gastrointestinal
1417608,0.8468,0.0285,0.0734,0.0084,0.0042,0.0387,gastrointestinal
1417609,0.8363,0.0283,0.0835,0.0081,0.0042,0.0396,gastrointestinal
1417610,0.8438,0.0308,0.0744,0.0084,0.0042,0.0385,gastrointestinal
1417611,0.8363,0.0283,0.0835,0.0081,0.0042,0.0396,gastrointestinal
1417612,0.8468,0.0285,0.0734,0.0084,0.0042,0.0387,gastrointestinal
1417613,0.8363,0.0283,0.0835,0.0081,0.0042,0.0396,gastrointestinal
1417614,0.8363,0.0283,0.0835,0.0081,0.0042,0.0396,gastrointestinal
1417615,0.8363,0.0283,0.0835,0.0081,0.0042,0.0396,gastrointestinal
1417616,0.8468,0.0285,0.0734,0.0084,0.0042,0.0387,gastrointestinal
1417617,0.8363,0.0283,0.0835,0.0081,0.0042,0.0396,gastrointestinal
1417618,0.8363,0.0283,0.0835,0.0081,0.0042,0.0396,gastrointestinal
1417619,0.8468,0.0285,0.0734,0.0084,0.0042,0.0387,gastrointestinal
1428481,0.8466,0.0298,0.0705,0.0089,0.0042,0.0399,gastrointestinal
1432857,0.8500,0.0297,0.0686,0.0089,0.0041,0.0387,gastrointestinal
1437125,0.8522,0.0291,0.0650,0.0089,0.0043,0.0406,gastrointestinal
1521109,0.8466,0.0298,0.0705,0.0089,0.0042,0.0399,gastrointestinal
1523264,0.8466,0.0298,0.0705,0.0089,0.0042,0.0399,gastrointestinal
1523265,0.8466,0.0298,0.0705,0.0089,0.0042,0.0399,gastrointestinal
1523266,0.8466,0.0298,0.0705,0.0089,0.0042,0.0399,gastrointestinal
1523268,0.8446,0.0284,0.0752,0.0088,0.0041,0.0390,gastrointestinal
1523273,0.8466,0.0298,0.0705,0.0089,0.0042,0.0399,gastrointestinal
1523276,0.8466,0.0298,0.0705,0.0089,0.0042,0.0399,gastrointestinal
1523277,0.8466,0.0298,0.0705,0.0089,0.0042,0.0399,gastrointestinal
1523278,0.8466,0.0298,0.0705,0.0089,0.0042,0.0399,gastrointestinal
1523281,0.8243,0.0334,0.0806,0.0095,0.0044,0.0478,gastrointestinal
1523282,0.8410,0.0302,0.0762,0.0085,0.0042,0.0399,gastrointestinal
1523285,0.8360,0.0300,0.0815,0.0088,0.0042,0.0395,gastrointestinal
1523287,0.8466,0.0298,0.0705,0.0089,0.0042,0.0399,gastrointestinal
1523288,0.8466,0.0298,0.0705,0.0089,0.0042,0.0399,gastrointestinal
1523289,0.8466,0.0298,0.0705,0.0089,0.0042,0.0399,gastrointestinal
1525176,0.8466,0.0298,0.0705,0.0089,0.0042,0.0399,gastrointestinal
1525177,0.8466,0.0298,0.0705,0.0089,0.0042,0.0399,gastrointestinal
1525178,0.8466,0.0298,0.0705,0.0089,0.0042,0.0399,gastrointestinal
1525179,0.8466,0.0298,0.0705,0.0089,0.0042,0.0399,gastrointestinal
1530251,0.8522,0.0291,0.0650,0.0089,0.0043,0.0406,gastrointestinal
1569923,0.8537,0.0284,0.0680,0.0088,0.0040,0.0371,gastrointestinal
1602211,0.8538,0.0300,0.0634,0.0085,0.0043,0.0400,gastrointestinal
1608040,0.8466,0.0298,0.0705,0.0089,0.0042,0.0399,gastrointestinal
1609130,0.8558,0.0296,0.0631,0.0089,0.0043,0.0383,gastrointestinal
1609131,0.8466,0.0298,0.0705,0.0089,0.0042,0.0399,gastrointestinal
1615798,0.8466,0.0298,0.0705,0.0089,0.0042,0.0399,gastrointestinal
164250,0.5811,0.0799,0.2102,0.0206,0.0150,0.0933,gastrointestinal
1678146,0.8466,0.0298,0.0705,0.0089,0.0042,0.0399,gastrointestinal
1679172,0.8466,0.0298,0.0705,0.0089,0.0042,0.0399,gastrointestinal
1714296,0.8429,0.0298,0.0759,0.0089,0.0042,0.0383,gastrointestinal
1714297,0.8385,0.0280,0.0850,0.0084,0.0040,0.0362,gastrointestinal
1714298,0.8429,0.0298,0.0759,0.0089,0.0042,0.0383,gastrointestinal
1714360,0.8584,0.0296,0.0588,0.0089,0.0044,0.0399,gastrointestinal
1714361,0.8584,0.0296,0.0588,0.0089,0.0044,0.0399,gastrointestinal
178530,0.8466,0.0298,0.0705,0.0089,0.0042,0.0399,gastrointestinal
1803959,0.8067,0.0346,0.1032,0.0098,0.0045,0.0412,gastrointestinal
1803961,0.5405,0.0853,0.2901,0.0263,0.0109,0.0469,gastrointestinal
1884453,0.7015,0.0603,0.1543,0.0219,0.0093,0.0527,gastrointestinal
1899067,0.8466,0.0298,0.0705,0.0089,0.0042,0.0399,gastrointestinal
1899068,0.8483,0.0284,0.0704,0.0089,0.0042,0.0399,gastrointestinal
1899069,0.8466,0.0298,0.0705,0.0089,0.0042,0.0399,gastrointestinal
1899070,0.8466,0.0298,0.0705,0.0089,0.0042,0.0399,gastrointestinal
1899071,0.8466,0.0298,0.0705,0.0089,0.0042,0.0399,gastrointestinal
1899072,0.8522,0.0291,0.0650,0.0089,0.0043,0.0406,gastrointestinal
1899073,0.8466,0.0298,0.0705,0.0089,0.0042,0.0399,gastrointestinal
1899074,0.8483,0.0284,0.0704,0.0089,0.0042,0.0399,gastrointestinal
1899075,0.8601,0.0281,0.0586,0.0089,0.0043,0.0399,gastrointestinal
1899076,0.8522,0.0291,0.0650,0.0089,0.0043,0.0406,gastrointestinal
1899077,0.8483,0.0284,0.0704,0.0089,0.0042,0.0399,gastrointestinal
1899078,0.8483,0.0284,0.0704,0.0089,0.0042,0.0399,gastrointestinal
1899079,0.8536,0.0296,0.0589,0.0096,0.0046,0.0437,gastrointestinal
1899080,0.8466,0.0298,0.0705,0.0089,0.0042,0.0399,gastrointestinal
1899081,0.8466,0.0298,0.0705,0.0089,0.0042,0.0399,gastrointestinal
1899082,0.8466,0.0298,0.0705,0.0089,0.0042,0.0399,gastrointestinal
1899083,0.8698,0.0261,0.0602,0.0098,0.0044,0.0295,gastrointestinal
1899084,0.8466,0.0298,0.0705,0.0089,0.0042,0.0399,gastrointestinal
1899085,0.8698,0.0261,0.0602,0.0098,0.0044,0.0295,gastrointestinal
1899086,0.8698,0.0261,0.0602,0.0098,0.0044,0.0295,gastrointestinal
1906931,0.3738,0.2108,0.1001,0.0191,0.0583,0.2379,gastrointestinal
1907787,0.8349,0.0321,0.0755,0.0095,0.0045,0.0435,gastrointestinal
1912147,0.8584,0.0296,0.0588,0.0089,0.0044,0.0399,gastrointestinal
1914575,0.8522,0.0291,0.0650,0.0089,0.0043,0.0406,gastrointestinal
1914576,0.8466,0.0298,0.0705,0.0089,0.0042,0.0399,gastrointestinal
1922835,0.8466,0.0298,0.0705,0.0089,0.0042,0.0399,gastrointestinal
1923094,0.8522,0.0291,0.0650,0.0089,0.0043,0.0406,gastrointestinal
1923116,0.8466,0.0298,0.0705,0.0089,0.0042,0.0399,gastrointestinal
1923133,0.8522,0.0291,0.0650,0.0089,0.0043,0.0406,gastrointestinal
1933176,0.8349,0.0321,0.0755,0.0095,0.0045,0.0435,gastrointestinal
1933263,0.8334,0.0316,0.0789,0.0095,0.0044,0.0422,gastrointestinal
196403,0.6220,0.0517,0.2191,0.0670,0.0086,0.0317,gastrointestinal
1972587,0.8466,0.0298,0.0705,0.0089,0.0042,0.0399,gastrointestinal
1986118,0.8425,0.0310,0.0713,0.0092,0.0044,0.0416,gastrointestinal
1987124,0.8518,0.0286,0.0671,0.0089,0.0041,0.0394,gastrointestinal
2044876,0.8466,0.0298,0.0705,0.0089,0.0042,0.0399,gastrointestinal
2053898,0.8519,0.0296,0.0639,0.0092,0.0043,0.0411,gastrointestinal
2081950,0.8584,0.0296,0.0588,0.0089,0.0044,0.0399,gastrointestinal
2094719,0.8522,0.0291,0.0650,0.0089,0.0043,0.0406,gastrointestinal
2152919,0.8466,0.0298,0.0705,0.0089,0.0042,0.0399,gastrointestinal
2169479,0.8466,0.0298,0.0705,0.0089,0.0042,0.0399,gastrointestinal
2184749,0.8410,0.0302,0.0762,0.0085,0.0042,0.0399,gastrointestinal
2219046,0.8505,0.0292,0.0686,0.0089,0.0041,0.0387,gastrointestinal
2219047,0.8490,0.0291,0.0698,0.0089,0.0042,0.0390,gastrointestinal
2219048,0.8429,0.0298,0.0759,0.0089,0.0042,0.0383,gastrointestinal
2219052,0.8522,0.0291,0.0650,0.0089,0.0043,0.0406,gastrointestinal
2219053,0.8522,0.0283,0.0686,0.0089,0.0041,0.0379,gastrointestinal
2219997,0.8466,0.0298,0.0705,0.0089,0.0042,0.0399,gastrointestinal
2269360,0.8210,0.0290,0.0927,0.0096,0.0043,0.0434,gastrointestinal
235406,0.8466,0.0298,0.0705,0.0089,0.0042,0.0399,gastrointestinal
2364099,0.8490,0.0291,0.0698,0.0089,0.0042,0.0390,gastrointestinal
2497867,0.8466,0.0298,0.0705,0.0089,0.0042,0.0399,gastrointestinal
2499678,0.8421,0.0299,0.0749,0.0089,0.0044,0.0397,gastrointestinal
2501947,0.8497,0.0278,0.0719,0.0085,0.0041,0.0380,gastrointestinal
2516502,0.8558,0.0296,0.0631,0.0089,0.0043,0.0383,gastrointestinal
2602438,0.8466,0.0298,0.0705,0.0089,0.0042,0.0399,gastrointestinal
2716315,0.8466,0.0298,0.0705,0.0089,0.0042,0.0399,gastrointestinal
2778245,0.8429,0.0298,0.0759,0.0089,0.0042,0.0383,gastrointestinal
2778246,0.8429,0.0298,0.0759,0.0089,0.0042,0.0383,gastrointestinal
2778247,0.8429,0.0298,0.0759,0.0089,0.0042,0.0383,gastrointestinal
2778248,0.8429,0.0298,0.0759,0.0089,0.0042,0.0383,gastrointestinal
2778249,0.8429,0.0298,0.0759,0.0089,0.0042,0.0383,gastrointestinal
2778250,0.8429,0.0298,0.0759,0.0089,0.0042,0.0383,gastrointestinal
2778251,0.8429,0.0298,0.0759,0.0089,0.0042,0.0383,gastrointestinal
2778252,0.8429,0.0298,0.0759,0.0089,0.0042,0.0383,gastrointestinal
2778253,0.8490,0.0291,0.0698,0.0089,0.0042,0.0390,gastrointestinal
2831046,0.8466,0.0298,0.0705,0.0089,0.0042,0.0399,gastrointestinal
2844304,0.8706,0.0272,0.0682,0.0087,0.0038,0.0215,gastrointestinal
286540,0.0739,0.1458,0.1235,0.0855,0.1217,0.4495,viraemic
2936928,0.8466,0.0298,0.0705,0.0089,0.0042,0.0399,gastrointestinal
295016,0.8466,0.0298,0.0705,0.0089,0.0042,0.0399,gastrointestinal
2994337,0.8003,0.0481,0.0756,0.0163,0.0087,0.0510,gastrointestinal
3047346,0.8584,0.0296,0.0588,0.0089,0.0044,0.0399,gastrointestinal
3047369,0.8522,0.0291,0.0650,0.0089,0.0043,0.0406,gastrointestinal
3047370,0.8522,0.0307,0.0639,0.0090,0.0044,0.0397,gastrointestinal
3047809,0.8584,0.0296,0.0588,0.0089,0.0044,0.0399,gastrointestinal
3047952,0.8495,0.0295,0.0682,0.0085,0.0042,0.0401,gastrointestinal
3048166,0.8466,0.0298,0.0705,0.0089,0.0042,0.0399,gastrointestinal
3048206,0.8533,0.0310,0.0592,0.0095,0.0046,0.0423,gastrointestinal
3048297,0.8522,0.0291,0.0650,0.0089,0.0043,0.0406,gastrointestinal
3048318,0.8466,0.0298,0.0705,0.0089,0.0042,0.0399,gastrointestinal
3048439,0.8484,0.0335,0.0595,0.0106,0.0050,0.0430,gastrointestinal
3050329,0.8466,0.0298,0.0705,0.0089,0.0042,0.0399,gastrointestinal
3052316,0.8216,0.0323,0.1003,0.0090,0.0046,0.0322,gastrointestinal
3052329,0.8449,0.0269,0.0850,0.0096,0.0040,0.0297,gastrointestinal
3052343,0.8366,0.0297,0.0827,0.0087,0.0042,0.0382,gastrointestinal
3052370,0.8508,0.0288,0.0749,0.0086,0.0040,0.0329,gastrointestinal
3052380,0.8466,0.0298,0.0705,0.0089,0.0042,0.0399,gastrointestinal
3052393,0.8466,0.0298,0.0705,0.0089,0.0042,0.0399,gastrointestinal
3052394,0.8522,0.0291,0.0650,0.0089,0.0043,0.0406,gastrointestinal
3052400,0.8461,0.0313,0.0748,0.0090,0.0042,0.0345,gastrointestinal
3052404,0.6811,0.0707,0.1324,0.0286,0.0180,0.0692,gastrointestinal
3052421,0.8585,0.0298,0.0656,0.0089,0.0041,0.0331,gastrointestinal
3052424,0.8445,0.0283,0.0758,0.0088,0.0042,0.0383,gastrointestinal
3052441,0.8483,0.0284,0.0704,0.0089,0.0042,0.0399,gastrointestinal
3052445,0.6599,0.0414,0.1998,0.0133,0.0070,0.0786,gastrointestinal
3052457,0.6766,0.0693,0.1574,0.0384,0.0131,0.0452,gastrointestinal
3052467,0.8563,0.0303,0.0594,0.0098,0.0046,0.0397,gastrointestinal
3052492,0.8556,0.0268,0.0746,0.0082,0.0036,0.0311,gastrointestinal
3052509,0.8466,0.0298,0.0705,0.0089,0.0042,0.0399,gastrointestinal
3052521,0.8349,0.0321,0.0755,0.0095,0.0045,0.0435,gastrointestinal
3052538,0.8432,0.0306,0.0733,0.0087,0.0043,0.0398,gastrointestinal
3052616,0.8466,0.0298,0.0705,0.0089,0.0042,0.0399,gastrointestinal
3052618,0.8466,0.0298,0.0705,0.0089,0.0042,0.0399,gastrointestinal
3052620,0.8466,0.0298,0.0705,0.0089,0.0042,0.0399,gastrointestinal
3052621,0.8466,0.0298,0.0705,0.0089,0.0042,0.0399,gastrointestinal
3052625,0.3243,0.1229,0.1697,0.0412,0.0346,0.3073,gastrointestinal
3052626,0.8567,0.0277,0.0656,0.0088,0.0041,0.0370,gastrointestinal
3052637,0.8466,0.0298,0.0705,0.0089,0.0042,0.0399,gastrointestinal
3052661,0.6403,0.1101,0.1576,0.0360,0.0127,0.0434,gastrointestinal
3052809,0.8430,0.0307,0.0752,0.0088,0.0043,0.0380,gastrointestinal
3052826,0.2552,0.2224,0.1714,0.0587,0.0691,0.2232,gastrointestinal
3060496,0.8609,0.0260,0.0634,0.0088,0.0041,0.0368,gastrointestinal
3060507,0.8466,0.0298,0.0705,0.0089,0.0042,0.0399,gastrointestinal
308159,0.1762,0.1173,0.1039,0.1087,0.1308,0.3629,viraemic
3158245,0.8238,0.0330,0.0831,0.0102,0.0049,0.0449,gastrointestinal
336959,0.8522,0.0291,0.0650,0.0089,0.0043,0.0406,gastrointestinal
340187,0.8466,0.0298,0.0705,0.0089,0.0042,0.0399,gastrointestinal
341730,0.8579,0.0264,0.0650,0.0084,0.0041,0.0381,gastrointestinal
348136,0.8466,0.0298,0.0705,0.0089,0.0042,0.0399,gastrointestinal
354090,0.2260,0.1569,0.0673,0.0739,0.1349,0.3410,systemic
363747,0.8328,0.0307,0.0881,0.0089,0.0041,0.0354,gastrointestinal
37741,0.0609,0.1471,0.0802,0.1061,0.1236,0.4822,viraemic
38016,0.8466,0.0298,0.0705,0.0089,0.0042,0.0399,gastrointestinal
384335,0.8466,0.0298,0.0705,0.0089,0.0042,0.0399,gastrointestinal
390157,0.8488,0.0285,0.0702,0.0085,0.0041,0.0399,gastrointestinal
394239,0.8135,0.0282,0.1098,0.0081,0.0043,0.0361,gastrointestinal
405554,0.8354,0.0293,0.0856,0.0084,0.0041,0.0373,gastrointestinal
430511,0.2755,0.1759,0.1402,0.1023,0.0904,0.2158,gastrointestinal
430911,0.8466,0.0298,0.0705,0.0089,0.0042,0.0399,gastrointestinal
433731,0.8734,0.0269,0.0531,0.0089,0.0039,0.0336,gastrointestinal
433732,0.8622,0.0279,0.0596,0.0091,0.0040,0.0370,gastrointestinal
46920,0.0555,0.1311,0.1299,0.1233,0.1203,0.4399,viraemic
47681,0.8348,0.0317,0.0708,0.0113,0.0056,0.0458,gastrointestinal
481494,0.8343,0.0286,0.0866,0.0086,0.0041,0.0378,gastrointestinal
481495,0.8466,0.0298,0.0705,0.0089,0.0042,0.0399,gastrointestinal
481497,0.8490,0.0291,0.0698,0.0089,0.0042,0.0390,gastrointestinal
481503,0.8196,0.0302,0.0986,0.0096,0.0042,0.0378,gastrointestinal
481504,0.8431,0.0288,0.0755,0.0090,0.0043,0.0394,gastrointestinal
481510,0.8399,0.0299,0.0787,0.0090,0.0042,0.0383,gastrointestinal
481513,0.8492,0.0299,0.0685,0.0089,0.0042,0.0393,gastrointestinal
496406,0.8466,0.0298,0.0705,0.0089,0.0042,0.0399,gastrointestinal
496407,0.8338,0.0323,0.0802,0.0092,0.0046,0.0400,gastrointestinal
496408,0.8466,0.0298,0.0705,0.0089,0.0042,0.0399,gastrointestinal
496409,0.8338,0.0323,0.0802,0.0092,0.0046,0.0400,gastrointestinal
497343,0.0566,0.0954,0.2237,0.0838,0.0605,0.4801,viraemic
497344,0.0703,0.1138,0.2001,0.0724,0.0526,0.4908,viraemic
497915,0.8466,0.0298,0.0705,0.0089,0.0042,0.0399,gastrointestinal
537513,0.8466,0.0298,0.0705,0.0089,0.0042,0.0399,gastrointestinal
537514,0.8466,0.0298,0.0705,0.0089,0.0042,0.0399,gastrointestinal
537516,0.8466,0.0298,0.0705,0.0089,0.0042,0.0399,gastrointestinal
537517,0.8460,0.0294,0.0729,0.0089,0.0041,0.0387,gastrointestinal
537524,0.8410,0.0302,0.0762,0.0085,0.0042,0.0399,gastrointestinal
537526,0.8410,0.0302,0.0762,0.0085,0.0042,0.0399,gastrointestinal
537528,0.8466,0.0298,0.0705,0.0089,0.0042,0.0399,gastrointestinal
537530,0.8466,0.0298,0.0705,0.0089,0.0042,0.0399,gastrointestinal
537531,0.8466,0.0298,0.0705,0.0089,0.0042,0.0399,gastrointestinal
537534,0.8410,0.0302,0.0762,0.0085,0.0042,0.0399,gastrointestinal
537535,0.8410,0.0302,0.0762,0.0085,0.0042,0.0399,gastrointestinal
537539,0.7813,0.0273,0.1422,0.0092,0.0039,0.0361,gastrointestinal
537543,0.8466,0.0298,0.0705,0.0089,0.0042,0.0399,gastrointestinal
537547,0.8410,0.0302,0.0762,0.0085,0.0042,0.0399,gastrointestinal
537550,0.8410,0.0302,0.0762,0.0085,0.0042,0.0399,gastrointestinal
537551,0.8466,0.0298,0.0705,0.0089,0.0042,0.0399,gastrointestinal
537552,0.8466,0.0298,0.0705,0.0089,0.0042,0.0399,gastrointestinal
537553,0.8389,0.0306,0.0795,0.0087,0.0042,0.0380,gastrointestinal
537555,0.7745,0.0340,0.1428,0.0094,0.0041,0.0353,gastrointestinal
537557,0.8401,0.0297,0.0789,0.0085,0.0041,0.0388,gastrointestinal
537558,0.8410,0.0302,0.0762,0.0085,0.0042,0.0399,gastrointestinal
537559,0.8466,0.0298,0.0705,0.0089,0.0042,0.0399,gastrointestinal
537560,0.8466,0.0298,0.0705,0.0089,0.0042,0.0399,gastrointestinal
537561,0.8466,0.0298,0.0705,0.0089,0.0042,0.0399,gastrointestinal
537563,0.8466,0.0298,0.0705,0.0089,0.0042,0.0399,gastrointestinal
537565,0.7813,0.0273,0.1422,0.0092,0.0039,0.0361,gastrointestinal
537566,0.8466,0.0298,0.0705,0.0089,0.0042,0.0399,gastrointestinal
537570,0.8299,0.0245,0.0990,0.0081,0.0037,0.0348,gastrointestinal
537573,0.8466,0.0298,0.0705,0.0089,0.0042,0.0399,gastrointestinal
537574,0.8466,0.0298,0.0705,0.0089,0.0042,0.0399,gastrointestinal
537577,0.8466,0.0298,0.0705,0.0089,0.0042,0.0399,gastrointestinal
537578,0.7716,0.0338,0.1450,0.0098,0.0043,0.0355,gastrointestinal
537584,0.8389,0.0306,0.0795,0.0087,0.0042,0.0380,gastrointestinal
537587,0.8466,0.0298,0.0705,0.0089,0.0042,0.0399,gastrointestinal
537588,0.8466,0.0298,0.0705,0.0089,0.0042,0.0399,gastrointestinal
537589,0.8406,0.0292,0.0811,0.0089,0.0042,0.0360,gastrointestinal
537591,0.8466,0.0298,0.0705,0.0089,0.0042,0.0399,gastrointestinal
546676,0.8466,0.0298,0.0705,0.0089,0.0042,0.0399,gastrointestinal
546677,0.8466,0.0298,0.0705,0.0089,0.0042,0.0399,gastrointestinal
546678,0.8466,0.0298,0.0705,0.0089,0.0042,0.0399,gastrointestinal
546679,0.8466,0.0298,0.0705,0.0089,0.0042,0.0399,gastrointestinal
546680,0.8466,0.0298,0.0705,0.0089,0.0042,0.0399,gastrointestinal
546681,0.8466,0.0298,0.0705,0.0089,0.0042,0.0399,gastrointestinal
546682,0.8466,0.0298,0.0705,0.0089,0.0042,0.0399,gastrointestinal
546683,0.8466,0.0298,0.0705,0.0089,0.0042,0.0399,gastrointestinal
546685,0.8466,0.0298,0.0705,0.0089,0.0042,0.0399,gastrointestinal
546687,0.8466,0.0298,0.0705,0.0089,0.0042,0.0399,gastrointestinal
546688,0.8466,0.0298,0.0705,0.0089,0.0042,0.0399,gastrointestinal
546689,0.8466,0.0298,0.0705,0.0089,0.0042,0.0399,gastrointestinal
546691,0.8466,0.0298,0.0705,0.0089,0.0042,0.0399,gastrointestinal
546692,0.8466,0.0298,0.0705,0.0089,0.0042,0.0399,gastrointestinal
546693,0.8602,0.0298,0.0629,0.0091,0.0041,0.0338,gastrointestinal
546694,0.8466,0.0298,0.0705,0.0089,0.0042,0.0399,gastrointestinal
546696,0.8466,0.0298,0.0705,0.0089,0.0042,0.0399,gastrointestinal
546697,0.8466,0.0298,0.0705,0.0089,0.0042,0.0399,gastrointestinal
546698,0.8466,0.0298,0.0705,0.0089,0.0042,0.0399,gastrointestinal
546699,0.8466,0.0298,0.0705,0.0089,0.0042,0.0399,gastrointestinal
546700,0.8466,0.0298,0.0705,0.0089,0.0042,0.0399,gastrointestinal
546701,0.8466,0.0298,0.0705,0.0089,0.0042,0.0399,gastrointestinal
546702,0.8466,0.0298,0.0705,0.0089,0.0042,0.0399,gastrointestinal
546703,0.8466,0.0298,0.0705,0.0089,0.0042,0.0399,gastrointestinal
546709,0.8466,0.0298,0.0705,0.0089,0.0042,0.0399,gastrointestinal
546710,0.8466,0.0298,0.0705,0.0089,0.0042,0.0399,gastrointestinal
546711,0.8466,0.0298,0.0705,0.0089,0.0042,0.0399,gastrointestinal
546714,0.8466,0.0298,0.0705,0.0089,0.0042,0.0399,gastrointestinal
546715,0.8466,0.0298,0.0705,0.0089,0.0042,0.0399,gastrointestinal
546721,0.8466,0.0298,0.0705,0.0089,0.0042,0.0399,gastrointestinal
546722,0.8457,0.0280,0.0758,0.0087,0.0040,0.0378,gastrointestinal
546723,0.8466,0.0298,0.0705,0.0089,0.0042,0.0399,gastrointestinal
546725,0.8466,0.0298,0.0705,0.0089,0.0042,0.0399,gastrointestinal
546726,0.8466,0.0298,0.0705,0.0089,0.0042,0.0399,gastrointestinal
546727,0.8466,0.0298,0.0705,0.0089,0.0042,0.0399,gastrointestinal
546728,0.8466,0.0298,0.0705,0.0089,0.0042,0.0399,gastrointestinal
546729,0.8466,0.0298,0.0705,0.0089,0.0042,0.0399,gastrointestinal
56094,0.8492,0.0299,0.0685,0.0089,0.0042,0.0393,gastrointestinal
57667,0.8286,0.0343,0.0822,0.0117,0.0051,0.0381,gastrointestinal
586421,0.8466,0.0298,0.0705,0.0089,0.0042,0.0399,gastrointestinal
595895,0.8466,0.0298,0.0705,0.0089,0.0042,0.0399,gastrointestinal
611726,0.8466,0.0298,0.0705,0.0089,0.0042,0.0399,gastrointestinal
611728,0.8548,0.0289,0.0660,0.0090,0.0042,0.0371,gastrointestinal
611730,0.8466,0.0298,0.0705,0.0089,0.0042,0.0399,gastrointestinal
611734,0.8466,0.0298,0.0705,0.0089,0.0042,0.0399,gastrointestinal
611737,0.8338,0.0287,0.0878,0.0083,0.0040,0.0374,gastrointestinal
611738,0.8466,0.0298,0.0705,0.0089,0.0042,0.0399,gastrointestinal
611739,0.8466,0.0298,0.0705,0.0089,0.0042,0.0399,gastrointestinal
611740,0.8466,0.0298,0.0705,0.0089,0.0042,0.0399,gastrointestinal
611741,0.8466,0.0298,0.0705,0.0089,0.0042,0.0399,gastrointestinal
611757,0.8466,0.0298,0.0705,0.0089,0.0042,0.0399,gastrointestinal
611758,0.8390,0.0293,0.0778,0.0092,0.0044,0.0403,gastrointestinal
611759,0.8390,0.0293,0.0778,0.0092,0.0044,0.0403,gastrointestinal
611761,0.8068,0.0334,0.0982,0.0103,0.0051,0.0461,gastrointestinal
611762,0.8466,0.0298,0.0705,0.0089,0.0042,0.0399,gastrointestinal
611763,0.8466,0.0298,0.0705,0.0089,0.0042,0.0399,gastrointestinal
611764,0.8429,0.0298,0.0759,0.0089,0.0042,0.0383,gastrointestinal
630716,0.8466,0.0298,0.0705,0.0089,0.0042,0.0399,gastrointestinal
630718,0.8466,0.0298,0.0705,0.0089,0.0042,0.0399,gastrointestinal
631345,0.8466,0.0298,0.0705,0.0089,0.0042,0.0399,gastrointestinal
641884,0.6147,0.0470,0.1842,0.0275,0.0175,0.1091,gastrointestinal
64318,0.8648,0.0288,0.0561,0.0092,0.0044,0.0367,gastrointestinal
644610,0.5599,0.1029,0.1138,0.0478,0.0228,0.1529,gastrointestinal
646294,0.8507,0.0282,0.0699,0.0088,0.0041,0.0382,gastrointestinal
647367,0.8466,0.0298,0.0705,0.0089,0.0042,0.0399,gastrointestinal
647369,0.8453,0.0331,0.0684,0.0090,0.0042,0.0401,gastrointestinal
647372,0.8307,0.0368,0.0747,0.0097,0.0045,0.0435,gastrointestinal
647374,0.8500,0.0297,0.0686,0.0089,0.0041,0.0387,gastrointestinal
650036,0.0561,0.1266,0.0856,0.0811,0.1137,0.5370,viraemic
658667,0.8584,0.0296,0.0588,0.0089,0.0044,0.0399,gastrointestinal
659265,0.8466,0.0298,0.0705,0.0089,0.0042,0.0399,gastrointestinal
682383,0.8583,0.0291,0.0607,0.0089,0.0043,0.0387,gastrointestinal
682384,0.8584,0.0296,0.0588,0.0089,0.0044,0.0399,gastrointestinal
688450,0.8466,0.0298,0.0705,0.0089,0.0042,0.0399,gastrointestinal
688451,0.8466,0.0298,0.0705,0.0089,0.0042,0.0399,gastrointestinal
688452,0.8466,0.0298,0.0705,0.0089,0.0042,0.0399,gastrointestinal
688453,0.8410,0.0302,0.0762,0.0085,0.0042,0.0399,gastrointestinal
688454,0.8466,0.0298,0.0705,0.0089,0.0042,0.0399,gastrointestinal
688456,0.8369,0.0316,0.0804,0.0090,0.0042,0.0379,gastrointestinal
688457,0.8492,0.0299,0.0685,0.0089,0.0042,0.0393,gastrointestinal
688459,0.8466,0.0298,0.0705,0.0089,0.0042,0.0399,gastrointestinal
688461,0.8466,0.0298,0.0705,0.0089,0.0042,0.0399,gastrointestinal
688462,0.8466,0.0298,0.0705,0.0089,0.0042,0.0399,gastrointestinal
688463,0.8466,0.0298,0.0705,0.0089,0.0042,0.0399,gastrointestinal
688464,0.8492,0.0299,0.0685,0.0089,0.0042,0.0393,gastrointestinal
688466,0.8466,0.0298,0.0705,0.0089,0.0042,0.0399,gastrointestinal
694015,0.8375,0.0326,0.0856,0.0101,0.0045,0.0297,gastrointestinal
723802,0.8328,0.0311,0.0737,0.0120,0.0050,0.0454,gastrointestinal
741955,0.8466,0.0298,0.0705,0.0089,0.0042,0.0399,gastrointestinal
741956,0.8466,0.0298,0.0705,0.0089,0.0042,0.0399,gastrointestinal
741957,0.8466,0.0298,0.0705,0.0089,0.0042,0.0399,gastrointestinal
741958,0.8466,0.0298,0.0705,0.0089,0.0042,0.0399,gastrointestinal
741959,0.8410,0.0302,0.0762,0.0085,0.0042,0.0399,gastrointestinal
741960,0.8410,0.0302,0.0762,0.0085,0.0042,0.0399,gastrointestinal
764239,0.8466,0.0298,0.0705,0.0089,0.0042,0.0399,gastrointestinal
764243,0.8466,0.0298,0.0705,0.0089,0.0042,0.0399,gastrointestinal
764252,0.8704,0.0325,0.0442,0.0092,0.0053,0.0385,gastrointestinal
764266,0.8620,0.0288,0.0544,0.0094,0.0048,0.0406,gastrointestinal
764267,0.8585,0.0292,0.0565,0.0095,0.0050,0.0413,gastrointestinal
764268,0.8701,0.0261,0.0518,0.0085,0.0044,0.0391,gastrointestinal
858567,0.8466,0.0298,0.0705,0.0089,0.0042,0.0399,gastrointestinal
858568,0.8466,0.0298,0.0705,0.0089,0.0042,0.0399,gastrointestinal
858571,0.8466,0.0298,0.0705,0.0089,0.0042,0.0399,gastrointestinal
858573,0.8522,0.0291,0.0650,0.0089,0.0043,0.0406,gastrointestinal
862167,0.8425,0.0314,0.0746,0.0095,0.0039,0.0380,gastrointestinal
862168,0.8507,0.0294,0.0700,0.0093,0.0039,0.0368,gastrointestinal
862169,0.8425,0.0314,0.0746,0.0095,0.0039,0.0380,gastrointestinal
862170,0.8425,0.0314,0.0746,0.0095,0.0039,0.0380,gastrointestinal
862171,0.8425,0.0314,0.0746,0.0095,0.0039,0.0380,gastrointestinal
862172,0.8425,0.0314,0.0746,0.0095,0.0039,0.0380,gastrointestinal
862173,0.8425,0.0314,0.0746,0.0095,0.0039,0.0380,gastrointestinal
862174,0.8425,0.0314,0.0746,0.0095,0.0039,0.0380,gastrointestinal
862175,0.8425,0.0314,0.0746,0.0095,0.0039,0.0380,gastrointestinal
862176,0.8425,0.0314,0.0746,0.0095,0.0039,0.0380,gastrointestinal
862177,0.8425,0.0314,0.0746,0.0095,0.0039,0.0380,gastrointestinal
862178,0.8425,0.0314,0.0746,0.0095,0.0039,0.0380,gastrointestinal
862179,0.8425,0.0314,0.0746,0.0095,0.0039,0.0380,gastrointestinal
862180,0.8425,0.0314,0.0746,0.0095,0.0039,0.0380,gastrointestinal
862181,0.8425,0.0314,0.0746,0.0095,0.0039,0.0380,gastrointestinal
862182,0.8425,0.0314,0.0746,0.0095,0.0039,0.0380,gastrointestinal
862183,0.8425,0.0314,0.0746,0.0095,0.0039,0.0380,gastrointestinal
864560,0.8351,0.0301,0.0788,0.0095,0.0044,0.0422,gastrointestinal
864623,0.8425,0.0314,0.0746,0.0095,0.0039,0.0380,gastrointestinal
864624,0.8425,0.0314,0.0746,0.0095,0.0039,0.0380,gastrointestinal
870710,0.8522,0.0291,0.0650,0.0089,0.0043,0.0406,gastrointestinal
870711,0.8522,0.0291,0.0650,0.0089,0.0043,0.0406,gastrointestinal
870712,0.8466,0.0298,0.0705,0.0089,0.0042,0.0399,gastrointestinal
871260,0.7553,0.0439,0.1342,0.0110,0.0058,0.0498,gastrointestinal
87786,0.8282,0.0301,0.0868,0.0099,0.0044,0.0405,gastrointestinal
934413,0.8466,0.0298,0.0705,0.0089,0.0042,0.0399,gastrointestinal
937784,0.2160,0.1598,0.2983,0.0980,0.0656,0.1625,other
941285,0.8466,0.0298,0.0705,0.0089,0.0042,0.0399,gastrointestinal
941292,0.8466,0.0298,0.0705,0.0089,0.0042,0.0399,gastrointestinal
941293,0.8466,0.0298,0.0705,0.0089,0.0042,0.0399,gastrointestinal
941305,0.8466,0.0298,0.0705,0.0089,0.0042,0.0399,gastrointestinal
941317,0.8466,0.0298,0.0705,0.0089,0.0042,0.0399,gastrointestinal
999535,0.8466,0.0298,0.0705,0.0089,0.0042,0.0399,gastrointestinal
