vtaxid	infecting-human	virulence	sustained human-to-human	limited human-to-human	no human-to-human	gastrointestinal	neural	respiratory (tissue tropism)	systemic	viraemic	other	direct contact	faecal-oral	respiratory (transmission route)	vector	virus name
3048206	0.99	0.5214	0.8913	0.0298	0.0788	0.8533	0.031	0.0095	0.0046	0.0423	0.0592	0.0969	0.8683	0.0171	0.0177	Orthoflavivirus montanaense (3048206)
3047370	0.98	0.5214	0.8913	0.0298	0.0788	0.8522	0.0307	0.009	0.0044	0.0397	0.0639	0.0975	0.8672	0.0155	0.0198	Orthoflavivirus apoiense (3047370)
658667	0.98	0.4462	0.8913	0.0298	0.0788	0.8584	0.0296	0.0089	0.0044	0.0399	0.0588	0.0975	0.8672	0.0155	0.0198	Astrovirus human/SZ908/China/2008 (658667)
1602211	0.98	0.386	0.8913	0.0298	0.0788	0.8538	0.03	0.0085	0.0043	0.04	0.0634	0.0975	0.8672	0.0155	0.0198	Astrovirus VA1/HMO-C (1602211)
3052492	0.96	0.4061	0.9126	0.0314	0.0559	0.8556	0.0268	0.0082	0.0036	0.0311	0.0746	0.0802	0.8911	0.0146	0.014	Orthohantavirus prospectense (3052492)
611758	0.95	0.5214	0.897	0.0289	0.0741	0.839	0.0293	0.0092	0.0044	0.0403	0.0778	0.0975	0.8672	0.0155	0.0198	Human rhinovirus KR2316 (611758)
611759	0.95	0.5214	0.897	0.0289	0.0741	0.839	0.0293	0.0092	0.0044	0.0403	0.0778	0.0975	0.8672	0.0155	0.0198	Human rhinovirus KR2320 (611759)
3048297	0.95	0.4462	0.897	0.0289	0.0741	0.8522	0.0291	0.0089	0.0043	0.0406	0.065	0.0975	0.8672	0.0155	0.0198	Cripavirus ropadi (3048297)
481497	0.93	0.5214	0.897	0.0289	0.0741	0.849	0.0291	0.0089	0.0042	0.039	0.0698	0.0975	0.8672	0.0155	0.0198	Human rhinovirus W15 (481497)
2501947	0.93	0.4594	0.897	0.0289	0.0741	0.8497	0.0278	0.0085	0.0041	0.038	0.0719	0.1072	0.8562	0.0165	0.0202	Iotaarterivirus debrazmo (2501947)
1609130	0.93	0.4462	0.8913	0.0298	0.0788	0.8558	0.0296	0.0089	0.0043	0.0383	0.0631	0.0975	0.8672	0.0155	0.0198	Astrovirus VA5 (1609130)
1254425	0.93	0.386	0.8381	0.0346	0.1273	0.8526	0.0291	0.0084	0.0042	0.0368	0.0689	0.0975	0.8672	0.0155	0.0198	Porcine astrovirus 3 (1254425)
1239439	0.92	0.5214	0.8913	0.0298	0.0788	0.8584	0.0296	0.0089	0.0044	0.0399	0.0588	0.0975	0.8672	0.0155	0.0198	Avastrovirus 3 (1239439)
3048439	0.92	0.5214	0.8804	0.0372	0.0824	0.8484	0.0335	0.0106	0.005	0.043	0.0595	0.0955	0.8604	0.0201	0.0241	Orthoflavivirus tyuleniyense (3048439)
3052467	0.92	0.4548	0.8913	0.0298	0.0788	0.8563	0.0303	0.0098	0.0046	0.0397	0.0594	0.1096	0.8478	0.0187	0.0239	Orthoflavivirus kedougouense (3052467)
104580	0.92	0.4462	0.897	0.0289	0.0741	0.8541	0.0274	0.0087	0.004	0.036	0.0698	0.0772	0.8911	0.0137	0.018	Kadipiro virus (104580)
858567	0.91	0.5214	0.897	0.0289	0.0741	0.8466	0.0298	0.0089	0.0042	0.0399	0.0705	0.0975	0.8672	0.0155	0.0198	Human cosavirus SH2 (858567)
858568	0.91	0.5214	0.897	0.0289	0.0741	0.8466	0.0298	0.0089	0.0042	0.0399	0.0705	0.0975	0.8672	0.0155	0.0198	Human cosavirus SH3 (858568)
537570	0.91	0.5152	0.897	0.0289	0.0741	0.8299	0.0245	0.0081	0.0037	0.0348	0.099	0.0975	0.8672	0.0155	0.0198	Human rhinovirus NH4032 (537570)
3052637	0.9	0.5214	0.897	0.0289	0.0741	0.8466	0.0298	0.0089	0.0042	0.0399	0.0705	0.0975	0.8672	0.0155	0.0198	Phlebovirus bujaruense (3052637)
47681	0.9	0.4637	0.8138	0.0252	0.161	0.8348	0.0317	0.0113	0.0056	0.0458	0.0708	0.0956	0.8657	0.0204	0.0184	Enterovirus sp. (47681)
3052538	0.9	0.386	0.7699	0.0356	0.1945	0.8432	0.0306	0.0087	0.0043	0.0398	0.0733	0.0712	0.895	0.0151	0.0187	Orthonairovirus tomdiense (3052538)
1899079	0.89	0.5214	0.897	0.0289	0.0741	0.8536	0.0296	0.0096	0.0046	0.0437	0.0589	0.0975	0.8672	0.0155	0.0198	Sapovirus Hu/Pune/NIV091094/2009/India (1899079)
3158245	0.89	0.5214	0.6457	0.0394	0.3149	0.8238	0.033	0.0102	0.0049	0.0449	0.0831	0.1279	0.8318	0.0171	0.0233	Alphacoronavirus scotophili (3158245)
481510	0.89	0.4731	0.897	0.0289	0.0741	0.8399	0.0299	0.009	0.0042	0.0383	0.0787	0.0975	0.8672	0.0155	0.0198	Human rhinovirus W35 (481510)
1203029	0.88	0.3447	0.8913	0.0298	0.0788	0.8517	0.0284	0.0086	0.0042	0.0374	0.0697	0.0975	0.8672	0.0155	0.0198	Recovirus Bangladesh/289/2007 (1203029)
433731	0.87	0.5214	0.9124	0.0291	0.0585	0.8734	0.0269	0.0089	0.0039	0.0336	0.0531	0.0521	0.9168	0.0135	0.0175	Human echovirus AMS721 (433731)
1285463	0.87	0.5214	0.897	0.0289	0.0741	0.8464	0.0295	0.0087	0.0042	0.0402	0.071	0.0975	0.8672	0.0155	0.0198	Gou virus (1285463)
682384	0.87	0.4462	0.8913	0.0298	0.0788	0.8584	0.0296	0.0089	0.0044	0.0399	0.0588	0.0975	0.8672	0.0155	0.0198	HMO Astrovirus C (682384)
1329782	0.87	0.4216	0.8578	0.033	0.1092	0.8532	0.0295	0.0098	0.0049	0.0453	0.0572	0.0975	0.8672	0.0155	0.0198	Enterovirus JAA-2013 (1329782)
64318	0.87	0.4156	0.9243	0.0319	0.0438	0.8648	0.0288	0.0092	0.0044	0.0367	0.0561	0.0823	0.8803	0.016	0.0214	Spondweni virus (64318)
764266	0.86	0.4216	0.8913	0.0298	0.0788	0.862	0.0288	0.0094	0.0048	0.0406	0.0544	0.1014	0.8604	0.02	0.0182	Human enterovirus A2119_091204 (764266)
3047952	0.86	0.386	0.897	0.0289	0.0741	0.8495	0.0295	0.0085	0.0042	0.0401	0.0682	0.0975	0.8672	0.0155	0.0198	Triatovirus hocoagulatae (3047952)
3052343	0.86	0.2748	0.897	0.0289	0.0741	0.8366	0.0297	0.0087	0.0042	0.0382	0.0827	0.0975	0.8672	0.0155	0.0198	Morbillivirus caprinae (3052343)
2364099	0.85	0.5214	0.897	0.0289	0.0741	0.849	0.0291	0.0089	0.0042	0.039	0.0698	0.0975	0.8672	0.0155	0.0198	Nyangole orthobunyavirus (2364099)
496407	0.85	0.5214	0.6838	0.0447	0.2716	0.8338	0.0323	0.0092	0.0046	0.04	0.0802	0.1279	0.8318	0.0171	0.0233	Hantavirus sdp22 (496407)
496409	0.85	0.5214	0.6838	0.0447	0.2716	0.8338	0.0323	0.0092	0.0046	0.04	0.0802	0.1279	0.8318	0.0171	0.0233	Hantavirus sdp37 (496409)
3047809	0.84	0.5214	0.8913	0.0298	0.0788	0.8584	0.0296	0.0089	0.0044	0.0399	0.0588	0.0975	0.8672	0.0155	0.0198	Cripavirus drosophilae (3047809)
1933263	0.84	0.5214	0.8437	0.0317	0.1246	0.8334	0.0316	0.0095	0.0044	0.0422	0.0789	0.0975	0.8672	0.0155	0.0198	Bimiti orthobunyavirus (1933263)
1933176	0.84	0.5214	0.7784	0.033	0.1886	0.8349	0.0321	0.0095	0.0045	0.0435	0.0755	0.0975	0.8672	0.0155	0.0198	Orthobunyavirus cuchillaense (1933176)
3052400	0.84	0.4584	0.7549	0.0332	0.2119	0.8461	0.0313	0.009	0.0042	0.0345	0.0748	0.0941	0.8676	0.0161	0.0223	Orthobunyavirus ingwavumaense (3052400)
537553	0.84	0.3699	0.897	0.0289	0.0741	0.8389	0.0306	0.0087	0.0042	0.038	0.0795	0.0975	0.8672	0.0155	0.0198	Human rhinovirus NH363 (537553)
537584	0.84	0.3699	0.897	0.0289	0.0741	0.8389	0.0306	0.0087	0.0042	0.038	0.0795	0.0975	0.8672	0.0155	0.0198	Human rhinovirus NH4479 (537584)
1803959	0.8333	0.2953	0.638	0.0297	0.3323	0.8067	0.0346	0.0098	0.0045	0.0412	0.1032	0.1029	0.8559	0.0128	0.0283	Parechovirus 3 (1803959)
1239569	0.83	0.5766	0.454	0.0452	0.5008	0.8101	0.0384	0.0146	0.0059	0.0539	0.0771	0.0926	0.8611	0.0176	0.0287	Mamastrovirus 5 (1239569)
295016	0.83	0.5214	0.897	0.0289	0.0741	0.8466	0.0298	0.0089	0.0042	0.0399	0.0705	0.0975	0.8672	0.0155	0.0198	Human rotavirus ADRV-N (295016)
430911	0.83	0.5214	0.897	0.0289	0.0741	0.8466	0.0298	0.0089	0.0042	0.0399	0.0705	0.0975	0.8672	0.0155	0.0198	Penaeus vannamei nodavirus (430911)
646294	0.83	0.5214	0.897	0.0289	0.0741	0.8507	0.0282	0.0088	0.0041	0.0382	0.0699	0.0975	0.8672	0.0155	0.0198	St-Valerien swine virus (646294)
1112700	0.83	0.5214	0.897	0.0289	0.0741	0.8466	0.0298	0.0089	0.0042	0.0399	0.0705	0.0975	0.8672	0.0155	0.0198	Cosavirus JFD-2011 (1112700)
1330068	0.83	0.5214	0.897	0.0289	0.0741	0.8507	0.0282	0.0088	0.0041	0.0382	0.0699	0.0975	0.8672	0.0155	0.0198	Cadicivirus A (1330068)
1525176	0.83	0.5214	0.897	0.0289	0.0741	0.8466	0.0298	0.0089	0.0042	0.0399	0.0705	0.0975	0.8672	0.0155	0.0198	Human picobirnavirus VS6600008 (1525176)
1914575	0.83	0.5214	0.897	0.0289	0.0741	0.8522	0.0291	0.0089	0.0043	0.0406	0.065	0.0975	0.8672	0.0155	0.0198	Limnipivirus B (1914575)
1987124	0.83	0.5214	0.897	0.0289	0.0741	0.8518	0.0286	0.0089	0.0041	0.0394	0.0671	0.0725	0.8934	0.0152	0.0189	Hepatovirus C (1987124)
3052441	0.83	0.5214	0.897	0.0289	0.0741	0.8483	0.0284	0.0089	0.0042	0.0399	0.0704	0.0975	0.8672	0.0155	0.0198	Orthobunyavirus simbuense (3052441)
1330066	0.83	0.5214	0.8913	0.0298	0.0788	0.8584	0.0296	0.0089	0.0044	0.0399	0.0588	0.0975	0.8672	0.0155	0.0198	Aquamavirus apinni (1330066)
3047346	0.83	0.5214	0.8913	0.0298	0.0788	0.8584	0.0296	0.0089	0.0044	0.0399	0.0588	0.0975	0.8672	0.0155	0.0198	Aparavirus apisacutum (3047346)
864560	0.83	0.5214	0.8437	0.0317	0.1246	0.8351	0.0301	0.0095	0.0044	0.0422	0.0788	0.0975	0.8672	0.0155	0.0198	Human rhinovirus EBC6/Belgium/2009 (864560)
1074213	0.83	0.4594	0.897	0.0289	0.0741	0.8553	0.0278	0.0082	0.0041	0.0382	0.0663	0.0724	0.8951	0.0139	0.0186	Mouse kobuvirus M-5/USA/2010 (1074213)
1417603	0.83	0.4594	0.897	0.0289	0.0741	0.8438	0.0308	0.0084	0.0042	0.0385	0.0744	0.0975	0.8672	0.0155	0.0198	Hantavirus Hu/BRA/32H/2009 (1417603)
1417610	0.83	0.4594	0.897	0.0289	0.0741	0.8438	0.0308	0.0084	0.0042	0.0385	0.0744	0.0975	0.8672	0.0155	0.0198	Hantavirus Hu/BRA/292H/2009 (1417610)
1105379	0.83	0.4462	0.8913	0.0298	0.0788	0.8607	0.0296	0.0089	0.0043	0.0393	0.0572	0.0975	0.8672	0.0155	0.0198	Porcine astrovirus 4 (1105379)
1239438	0.83	0.4462	0.8913	0.0298	0.0788	0.8584	0.0296	0.0089	0.0044	0.0399	0.0588	0.0975	0.8672	0.0155	0.0198	Avastrovirus 2 (1239438)
3052421	0.83	0.418	0.9126	0.0314	0.0559	0.8585	0.0298	0.0089	0.0041	0.0331	0.0656	0.0995	0.8702	0.0153	0.015	Orthobunyavirus mermetense (3052421)
496406	0.83	0.4156	0.897	0.0289	0.0741	0.8466	0.0298	0.0089	0.0042	0.0399	0.0705	0.0975	0.8672	0.0155	0.0198	Hantavirus sdp1 (496406)
496408	0.83	0.4156	0.897	0.0289	0.0741	0.8466	0.0298	0.0089	0.0042	0.0399	0.0705	0.0975	0.8672	0.0155	0.0198	Hantavirus sdp3 (496408)
497915	0.83	0.4156	0.897	0.0289	0.0741	0.8466	0.0298	0.0089	0.0042	0.0399	0.0705	0.0975	0.8672	0.0155	0.0198	Hantavirus sdp2 YXL-2008 (497915)
694015	0.83	0.0864	0.8316	0.0436	0.1248	0.8375	0.0326	0.0101	0.0045	0.0297	0.0856	0.0655	0.8995	0.0145	0.0206	Beluga whale coronavirus SW1 (694015)
1417604	0.82	0.5214	0.897	0.0289	0.0741	0.8468	0.0285	0.0084	0.0042	0.0387	0.0734	0.0975	0.8672	0.0155	0.0198	Hantavirus Hu/BRA/46H/2009 (1417604)
1417608	0.82	0.5214	0.897	0.0289	0.0741	0.8468	0.0285	0.0084	0.0042	0.0387	0.0734	0.0975	0.8672	0.0155	0.0198	Hantavirus Hu/BRA/268H/2009 (1417608)
1417612	0.82	0.5214	0.897	0.0289	0.0741	0.8468	0.0285	0.0084	0.0042	0.0387	0.0734	0.0975	0.8672	0.0155	0.0198	Hantavirus Hu/BRA/389H/2009 (1417612)
1417616	0.82	0.5214	0.897	0.0289	0.0741	0.8468	0.0285	0.0084	0.0042	0.0387	0.0734	0.0975	0.8672	0.0155	0.0198	Hantavirus Hu/BRA/452H/2009 (1417616)
1417619	0.82	0.5214	0.897	0.0289	0.0741	0.8468	0.0285	0.0084	0.0042	0.0387	0.0734	0.0975	0.8672	0.0155	0.0198	Hantavirus Hu/BRA/511H/2009 (1417619)
1417605	0.82	0.4594	0.897	0.0289	0.0741	0.8363	0.0283	0.0081	0.0042	0.0396	0.0835	0.0975	0.8672	0.0155	0.0198	Hantavirus Hu/BRA/169H/2009 (1417605)
1417606	0.82	0.4594	0.897	0.0289	0.0741	0.8363	0.0283	0.0081	0.0042	0.0396	0.0835	0.0975	0.8672	0.0155	0.0198	Hantavirus Hu/BRA/213H/2009 (1417606)
1417607	0.82	0.4594	0.897	0.0289	0.0741	0.8363	0.0283	0.0081	0.0042	0.0396	0.0835	0.0975	0.8672	0.0155	0.0198	Hantavirus Hu/BRA/256H/2009 (1417607)
1417609	0.82	0.4594	0.897	0.0289	0.0741	0.8363	0.0283	0.0081	0.0042	0.0396	0.0835	0.0975	0.8672	0.0155	0.0198	Hantavirus Hu/BRA/274H/2009 (1417609)
1417611	0.82	0.4594	0.897	0.0289	0.0741	0.8363	0.0283	0.0081	0.0042	0.0396	0.0835	0.0975	0.8672	0.0155	0.0198	Hantavirus Hu/BRA/305H/2009 (1417611)
1417613	0.82	0.4594	0.897	0.0289	0.0741	0.8363	0.0283	0.0081	0.0042	0.0396	0.0835	0.0975	0.8672	0.0155	0.0198	Hantavirus Hu/BRA/395H/2009 (1417613)
1417614	0.82	0.4594	0.897	0.0289	0.0741	0.8363	0.0283	0.0081	0.0042	0.0396	0.0835	0.0975	0.8672	0.0155	0.0198	Hantavirus Hu/BRA/417H/2009 (1417614)
1417615	0.82	0.4594	0.897	0.0289	0.0741	0.8363	0.0283	0.0081	0.0042	0.0396	0.0835	0.0975	0.8672	0.0155	0.0198	Hantavirus Hu/BRA/420H/2009 (1417615)
1417617	0.82	0.4594	0.897	0.0289	0.0741	0.8363	0.0283	0.0081	0.0042	0.0396	0.0835	0.0975	0.8672	0.0155	0.0198	Hantavirus Hu/BRA/461H/2009 (1417617)
1417618	0.82	0.4594	0.897	0.0289	0.0741	0.8363	0.0283	0.0081	0.0042	0.0396	0.0835	0.0975	0.8672	0.0155	0.0198	Hantavirus Hu/BRA/462H/2009 (1417618)
1912147	0.82	0.4462	0.8913	0.0298	0.0788	0.8584	0.0296	0.0089	0.0044	0.0399	0.0588	0.0975	0.8672	0.0155	0.0198	Mamastrovirus sp. (1912147)
537589	0.82	0.4307	0.897	0.0289	0.0741	0.8406	0.0292	0.0089	0.0042	0.036	0.0811	0.1006	0.862	0.0167	0.0208	Human rhinovirus NH62 (537589)
682383	0.82	0.3447	0.8913	0.0298	0.0788	0.8583	0.0291	0.0089	0.0043	0.0387	0.0607	0.0725	0.8934	0.0152	0.0189	HMO Astrovirus B (682383)
1523268	0.81	0.5214	0.897	0.0289	0.0741	0.8446	0.0284	0.0088	0.0041	0.039	0.0752	0.0975	0.8672	0.0155	0.0198	Human rhinovirus R22 (1523268)
390157	0.81	0.4594	0.897	0.0289	0.0741	0.8488	0.0285	0.0085	0.0041	0.0399	0.0702	0.0975	0.8672	0.0155	0.0198	Senecavirus A (390157)
2499678	0.81	0.3702	0.897	0.0289	0.0741	0.8421	0.0299	0.0089	0.0044	0.0397	0.0749	0.0975	0.8672	0.0155	0.0198	Gammaarterivirus lacdeh (2499678)
537578	0.81	0.2365	0.5863	0.0381	0.3756	0.7716	0.0338	0.0098	0.0043	0.0355	0.145	0.1014	0.8604	0.02	0.0182	Human rhinovirus NH4299 (537578)
481513	0.8	0.5214	0.897	0.0289	0.0741	0.8492	0.0299	0.0089	0.0042	0.0393	0.0685	0.0975	0.8672	0.0155	0.0198	Human rhinovirus W38 (481513)
630716	0.8	0.5214	0.897	0.0289	0.0741	0.8466	0.0298	0.0089	0.0042	0.0399	0.0705	0.0975	0.8672	0.0155	0.0198	Human rhinovirus SO5854 (630716)
858571	0.8	0.5214	0.897	0.0289	0.0741	0.8466	0.0298	0.0089	0.0042	0.0399	0.0705	0.0975	0.8672	0.0155	0.0198	Human cosavirus SH6 (858571)
1181292	0.8	0.5214	0.897	0.0289	0.0741	0.854	0.0282	0.0089	0.0042	0.0398	0.065	0.0975	0.8672	0.0155	0.0198	Human cosavirus E/D (1181292)
1221646	0.8	0.5214	0.897	0.0289	0.0741	0.8466	0.0298	0.0089	0.0042	0.0399	0.0705	0.0975	0.8672	0.0155	0.0198	Human cosavirus RdRp-18 (1221646)
1222038	0.8	0.5214	0.897	0.0289	0.0741	0.8466	0.0298	0.0089	0.0042	0.0399	0.0705	0.0975	0.8672	0.0155	0.0198	Human cosavirus RdRp-22 (1222038)
1222039	0.8	0.5214	0.897	0.0289	0.0741	0.8466	0.0298	0.0089	0.0042	0.0399	0.0705	0.0975	0.8672	0.0155	0.0198	Human cosavirus RdRp-25 (1222039)
1222040	0.8	0.5214	0.897	0.0289	0.0741	0.8466	0.0298	0.0089	0.0042	0.0399	0.0705	0.0975	0.8672	0.0155	0.0198	Human cosavirus RdRp-33 (1222040)
1222041	0.8	0.5214	0.897	0.0289	0.0741	0.8466	0.0298	0.0089	0.0042	0.0399	0.0705	0.0975	0.8672	0.0155	0.0198	Human cosavirus RdRp-37 (1222041)
1222042	0.8	0.5214	0.897	0.0289	0.0741	0.8466	0.0298	0.0089	0.0042	0.0399	0.0705	0.0975	0.8672	0.0155	0.0198	Human cosavirus RdRp-39 (1222042)
1222043	0.8	0.5214	0.897	0.0289	0.0741	0.8466	0.0298	0.0089	0.0042	0.0399	0.0705	0.0975	0.8672	0.0155	0.0198	Human cosavirus RdRp-58 (1222043)
1222044	0.8	0.5214	0.897	0.0289	0.0741	0.8466	0.0298	0.0089	0.0042	0.0399	0.0705	0.0975	0.8672	0.0155	0.0198	Human cosavirus RdRp-59 (1222044)
1222046	0.8	0.5214	0.897	0.0289	0.0741	0.8466	0.0298	0.0089	0.0042	0.0399	0.0705	0.0975	0.8672	0.0155	0.0198	Human cosavirus RdRp-86 (1222046)
1222047	0.8	0.5214	0.897	0.0289	0.0741	0.8466	0.0298	0.0089	0.0042	0.0399	0.0705	0.0975	0.8672	0.0155	0.0198	Human cosavirus RdRp-91 (1222047)
1222048	0.8	0.5214	0.897	0.0289	0.0741	0.8466	0.0298	0.0089	0.0042	0.0399	0.0705	0.0975	0.8672	0.0155	0.0198	Human cosavirus RdRp-94 (1222048)
1222049	0.8	0.5214	0.897	0.0289	0.0741	0.8466	0.0298	0.0089	0.0042	0.0399	0.0705	0.0975	0.8672	0.0155	0.0198	Human cosavirus RdRp-97 (1222049)
1222050	0.8	0.5214	0.897	0.0289	0.0741	0.8466	0.0298	0.0089	0.0042	0.0399	0.0705	0.0975	0.8672	0.0155	0.0198	Human cosavirus RdRp-99 (1222050)
1222051	0.8	0.5214	0.897	0.0289	0.0741	0.8466	0.0298	0.0089	0.0042	0.0399	0.0705	0.0975	0.8672	0.0155	0.0198	Human cosavirus RdRp-125 (1222051)
1293419	0.8	0.5214	0.897	0.0289	0.0741	0.8466	0.0298	0.0089	0.0042	0.0399	0.0705	0.0975	0.8672	0.0155	0.0198	Astrovirus 2010_Msc_17636_VA3/HMO (1293419)
1899068	0.8	0.5214	0.897	0.0289	0.0741	0.8483	0.0284	0.0089	0.0042	0.0399	0.0704	0.0975	0.8672	0.0155	0.0198	Sapovirus Hu/Pune/NIV074151/2007/India (1899068)
1899075	0.8	0.5214	0.8913	0.0298	0.0788	0.8601	0.0281	0.0089	0.0043	0.0399	0.0586	0.0975	0.8672	0.0155	0.0198	Sapovirus Hu/Pune/NIV083518/2008/India (1899075)
1907787	0.8	0.5214	0.7784	0.033	0.1886	0.8349	0.0321	0.0095	0.0045	0.0435	0.0755	0.0975	0.8672	0.0155	0.0198	Picobirnavirus sp. (1907787)
871260	0.8	0.4712	0.7814	0.0462	0.1723	0.7553	0.0439	0.011	0.0058	0.0498	0.1342	0.2492	0.7043	0.0214	0.0252	Dog astrovirus (871260)
611728	0.8	0.4241	0.897	0.0289	0.0741	0.8548	0.0289	0.009	0.0042	0.0371	0.066	0.0975	0.8672	0.0155	0.0198	Human rhinovirus KR1866 (611728)
764268	0.8	0.4216	0.8913	0.0298	0.0788	0.8701	0.0261	0.0085	0.0044	0.0391	0.0518	0.0975	0.8672	0.0155	0.0198	Human enterovirus K1105_171204 (764268)
11901	0.795	0.433	0.9084	0.021	0.0705	0.8309	0.0365	0.0136	0.0054	0.0581	0.0556	0.0958	0.8652	0.0206	0.0184	Bovine leukemia virus (11901)
1899074	0.79	0.5214	0.897	0.0289	0.0741	0.8483	0.0284	0.0089	0.0042	0.0399	0.0704	0.0975	0.8672	0.0155	0.0198	Sapovirus Hu/Pune/NIV0816953/2008/India (1899074)
1899077	0.79	0.5214	0.897	0.0289	0.0741	0.8483	0.0284	0.0089	0.0042	0.0399	0.0704	0.0975	0.8672	0.0155	0.0198	Sapovirus Hu/Pune/NIV085334/2008/India (1899077)
2053898	0.79	0.5214	0.897	0.0289	0.0741	0.8519	0.0296	0.0092	0.0043	0.0411	0.0639	0.104	0.8615	0.0153	0.0192	Astrovirus VA6 (2053898)
3052424	0.79	0.5214	0.897	0.0289	0.0741	0.8445	0.0283	0.0088	0.0042	0.0383	0.0758	0.0975	0.8672	0.0155	0.0198	Orthobunyavirus mpokoense (3052424)
1239568	0.79	0.5214	0.8913	0.0298	0.0788	0.8584	0.0296	0.0089	0.0044	0.0399	0.0588	0.0975	0.8672	0.0155	0.0198	Mamastrovirus 4 (1239568)
537555	0.79	0.2465	0.5529	0.0379	0.4091	0.7745	0.034	0.0094	0.0041	0.0353	0.1428	0.1144	0.8473	0.0159	0.0225	Human rhinovirus NH3671 (537555)
764267	0.78	0.4216	0.8913	0.0298	0.0788	0.8585	0.0292	0.0095	0.005	0.0413	0.0565	0.1014	0.8604	0.02	0.0182	Human enterovirus A2145_220205 (764267)
764252	0.78	0.3326	0.6593	0.0335	0.3071	0.8704	0.0325	0.0092	0.0053	0.0385	0.0442	0.0897	0.8836	0.0089	0.0178	Human rhinovirus K1449_260104 (764252)
336959	0.77	0.5214	0.897	0.0289	0.0741	0.8522	0.0291	0.0089	0.0043	0.0406	0.065	0.0975	0.8672	0.0155	0.0198	Chicken astrovirus (336959)
858573	0.77	0.5214	0.897	0.0289	0.0741	0.8522	0.0291	0.0089	0.0043	0.0406	0.065	0.0975	0.8672	0.0155	0.0198	Human cosavirus SH8 (858573)
1437125	0.77	0.5214	0.897	0.0289	0.0741	0.8522	0.0291	0.0089	0.0043	0.0406	0.065	0.0975	0.8672	0.0155	0.0198	Cardamones virus (1437125)
1530251	0.77	0.5214	0.897	0.0289	0.0741	0.8522	0.0291	0.0089	0.0043	0.0406	0.065	0.0975	0.8672	0.0155	0.0198	Picornaviridae sp. (1530251)
1899076	0.77	0.5214	0.897	0.0289	0.0741	0.8522	0.0291	0.0089	0.0043	0.0406	0.065	0.0975	0.8672	0.0155	0.0198	Sapovirus Hu/Pune/NIV084708/2008/India (1899076)
2094719	0.77	0.5214	0.897	0.0289	0.0741	0.8522	0.0291	0.0089	0.0043	0.0406	0.065	0.0975	0.8672	0.0155	0.0198	Kobuvirus sp. (2094719)
3052394	0.77	0.5214	0.897	0.0289	0.0741	0.8522	0.0291	0.0089	0.0043	0.0406	0.065	0.0975	0.8672	0.0155	0.0198	Orthobunyavirus ganganense (3052394)
433732	0.77	0.5214	0.8919	0.0315	0.0766	0.8622	0.0279	0.0091	0.004	0.037	0.0596	0.0712	0.895	0.0151	0.0187	Human echovirus AMS573 (433732)
1714360	0.77	0.5214	0.8913	0.0298	0.0788	0.8584	0.0296	0.0089	0.0044	0.0399	0.0588	0.0975	0.8672	0.0155	0.0198	Cardiovirus Hu/1873/Yamagata/2013 (1714360)
1714361	0.77	0.5214	0.8913	0.0298	0.0788	0.8584	0.0296	0.0089	0.0044	0.0399	0.0588	0.0975	0.8672	0.0155	0.0198	Cardiovirus Hu/1881/Yamagata/2012 (1714361)
2516502	0.77	0.5214	0.8913	0.0298	0.0788	0.8558	0.0296	0.0089	0.0043	0.0383	0.0631	0.0975	0.8672	0.0155	0.0198	Parechovirus sp. (2516502)
3052370	0.77	0.4584	0.897	0.0289	0.0741	0.8508	0.0288	0.0086	0.004	0.0329	0.0749	0.0975	0.8672	0.0155	0.0198	Orthobunyavirus bakauense (3052370)
3047369	0.77	0.4462	0.897	0.0289	0.0741	0.8522	0.0291	0.0089	0.0043	0.0406	0.065	0.0975	0.8672	0.0155	0.0198	Cripavirus mortiferum (3047369)
56094	0.77	0.4241	0.897	0.0289	0.0741	0.8492	0.0299	0.0089	0.0042	0.0393	0.0685	0.0975	0.8672	0.0155	0.0198	Aquareovirus salmonis (56094)
3052445	0.77	0.3516	0.2774	0.0556	0.667	0.6599	0.0414	0.0133	0.007	0.0786	0.1998	0.0634	0.8903	0.0168	0.0295	Orthobunyavirus tahynaense (3052445)
611761	0.77	0.3166	0.897	0.0289	0.0741	0.8068	0.0334	0.0103	0.0051	0.0461	0.0982	0.0648	0.8974	0.0174	0.0204	Human rhinovirus KR2394 (611761)
481494	0.76	0.5214	0.897	0.0289	0.0741	0.8343	0.0286	0.0086	0.0041	0.0378	0.0866	0.0975	0.8672	0.0155	0.0198	Human rhinovirus W11 (481494)
688456	0.76	0.5214	0.897	0.0289	0.0741	0.8369	0.0316	0.009	0.0042	0.0379	0.0804	0.0975	0.8672	0.0155	0.0198	Salivirus NP-10C (688456)
1899078	0.76	0.5214	0.897	0.0289	0.0741	0.8483	0.0284	0.0089	0.0042	0.0399	0.0704	0.0975	0.8672	0.0155	0.0198	Sapovirus Hu/Pune/NIV089309/2008/India (1899078)
1330521	0.76	0.4156	0.9124	0.0291	0.0585	0.8719	0.026	0.0089	0.0038	0.0337	0.0557	0.0712	0.895	0.0151	0.0187	Enterovirus J (1330521)
481503	0.76	0.3931	0.8437	0.0317	0.1246	0.8196	0.0302	0.0096	0.0042	0.0378	0.0986	0.0975	0.8672	0.0155	0.0198	Human rhinovirus W24 (481503)
546722	0.76	0.3846	0.9	0.0284	0.0717	0.8457	0.028	0.0087	0.004	0.0378	0.0758	0.0995	0.8702	0.0153	0.015	Human rhinovirus hRVLz390 (546722)
647372	0.76	0.3568	0.8171	0.0351	0.1478	0.8307	0.0368	0.0097	0.0045	0.0435	0.0747	0.1232	0.8344	0.0153	0.0272	Human rhinovirus W43 (647372)
1032690	0.76	0.299	0.4254	0.0987	0.476	0.7412	0.0654	0.0156	0.0106	0.0483	0.1189	0.2281	0.7022	0.0389	0.0308	Phlebovirus Hu/Xinyang1/China/2010 (1032690)
1032691	0.76	0.299	0.4254	0.0987	0.476	0.7412	0.0654	0.0156	0.0106	0.0483	0.1189	0.2281	0.7022	0.0389	0.0308	Phlebovirus Hu/Xinyang2/China/2010 (1032691)
537539	0.76	0.1693	0.4426	0.0381	0.5193	0.7813	0.0273	0.0092	0.0039	0.0361	0.1422	0.2059	0.7517	0.0174	0.0249	Human rhinovirus NH329 (537539)
537565	0.76	0.1693	0.4426	0.0381	0.5193	0.7813	0.0273	0.0092	0.0039	0.0361	0.1422	0.2059	0.7517	0.0174	0.0249	Human rhinovirus NH3952 (537565)
1569923	0.75	0.5214	0.897	0.0289	0.0741	0.8537	0.0284	0.0088	0.004	0.0371	0.068	0.104	0.8615	0.0153	0.0192	Human echovirus (1569923)
647369	0.75	0.5214	0.8866	0.0359	0.0775	0.8453	0.0331	0.009	0.0042	0.0401	0.0684	0.0867	0.876	0.015	0.0224	Human rhinovirus W3 (647369)
2994337	0.75	0.4945	0.7817	0.0553	0.163	0.8003	0.0481	0.0163	0.0087	0.051	0.0756	0.0364	0.9092	0.0143	0.04	Human hepatitis E virus genotype 3 (2994337)
1899083	0.75	0.4172	0.9283	0.0284	0.0433	0.8698	0.0261	0.0098	0.0044	0.0295	0.0602	0.065	0.9096	0.0146	0.0107	Sapovirus Hu/Pune/NIV1044610/2010/India (1899083)
1899085	0.75	0.4172	0.9283	0.0284	0.0433	0.8698	0.0261	0.0098	0.0044	0.0295	0.0602	0.065	0.9096	0.0146	0.0107	Sapovirus Hu/Pune/NIV117298/2011/India (1899085)
1899086	0.75	0.4172	0.9283	0.0284	0.0433	0.8698	0.0261	0.0098	0.0044	0.0295	0.0602	0.065	0.9096	0.0146	0.0107	Sapovirus Hu/Pune/NIV117301/2011/India (1899086)
2269360	0.75	0.3608	0.897	0.0289	0.0741	0.821	0.029	0.0096	0.0043	0.0434	0.0927	0.0943	0.8748	0.0145	0.0164	Alongshan virus (2269360)
3060496	0.74	0.5214	0.9126	0.0314	0.0559	0.8609	0.026	0.0088	0.0041	0.0368	0.0634	0.0995	0.8702	0.0153	0.015	Orthobunyavirus okolaense (3060496)
481504	0.74	0.5214	0.897	0.0289	0.0741	0.8431	0.0288	0.009	0.0043	0.0394	0.0755	0.1335	0.8317	0.016	0.0187	Human rhinovirus W25 (481504)
537561	0.74	0.5214	0.897	0.0289	0.0741	0.8466	0.0298	0.0089	0.0042	0.0399	0.0705	0.0975	0.8672	0.0155	0.0198	Human rhinovirus NH385 (537561)
537591	0.74	0.5214	0.897	0.0289	0.0741	0.8466	0.0298	0.0089	0.0042	0.0399	0.0705	0.0975	0.8672	0.0155	0.0198	Human rhinovirus NH71 (537591)
611764	0.74	0.5214	0.897	0.0289	0.0741	0.8429	0.0298	0.0089	0.0042	0.0383	0.0759	0.0975	0.8672	0.0155	0.0198	Human rhinovirus KR2606 (611764)
1523273	0.74	0.5214	0.897	0.0289	0.0741	0.8466	0.0298	0.0089	0.0042	0.0399	0.0705	0.0975	0.8672	0.0155	0.0198	Human rhinovirus R33 (1523273)
537524	0.74	0.4594	0.897	0.0289	0.0741	0.841	0.0302	0.0085	0.0042	0.0399	0.0762	0.0975	0.8672	0.0155	0.0198	Human rhinovirus NH247 (537524)
537526	0.74	0.4594	0.897	0.0289	0.0741	0.841	0.0302	0.0085	0.0042	0.0399	0.0762	0.0975	0.8672	0.0155	0.0198	Human rhinovirus NH253 (537526)
537547	0.74	0.4594	0.897	0.0289	0.0741	0.841	0.0302	0.0085	0.0042	0.0399	0.0762	0.0975	0.8672	0.0155	0.0198	Human rhinovirus NH3555 (537547)
537550	0.74	0.4594	0.897	0.0289	0.0741	0.841	0.0302	0.0085	0.0042	0.0399	0.0762	0.0975	0.8672	0.0155	0.0198	Human rhinovirus NH3600 (537550)
537558	0.74	0.4594	0.897	0.0289	0.0741	0.841	0.0302	0.0085	0.0042	0.0399	0.0762	0.0975	0.8672	0.0155	0.0198	Human rhinovirus NH3750 (537558)
611737	0.74	0.4594	0.897	0.0289	0.0741	0.8338	0.0287	0.0083	0.004	0.0374	0.0878	0.0975	0.8672	0.0155	0.0198	Human rhinovirus KR2031 (611737)
688453	0.74	0.4594	0.897	0.0289	0.0741	0.841	0.0302	0.0085	0.0042	0.0399	0.0762	0.0975	0.8672	0.0155	0.0198	Salivirus NG-1F (688453)
3052809	0.74	0.4584	0.897	0.0289	0.0741	0.843	0.0307	0.0088	0.0043	0.038	0.0752	0.0975	0.8672	0.0155	0.0198	Uukuvirus tyulenyense (3052809)
2219046	0.74	0.4462	0.897	0.0289	0.0741	0.8505	0.0292	0.0089	0.0041	0.0387	0.0686	0.104	0.8615	0.0153	0.0192	Recovirus sp. (2219046)
3052661	0.73	0.8796	0.5439	0.0933	0.3627	0.6403	0.1101	0.036	0.0127	0.0434	0.1576	0.1372	0.743	0.0728	0.047	Phlebovirus massiliaense (3052661)
106966	0.73	0.5733	0.9017	0.0273	0.071	0.8627	0.0276	0.0096	0.0041	0.037	0.0591	0.0724	0.8951	0.0139	0.0186	Enterovirus G (106966)
11665	0.73	0.5214	0.897	0.0289	0.0741	0.8466	0.0298	0.0089	0.0042	0.0399	0.0705	0.0975	0.8672	0.0155	0.0198	Equine infectious anemia virus (11665)
12286	0.73	0.5214	0.897	0.0289	0.0741	0.8466	0.0298	0.0089	0.0042	0.0399	0.0705	0.0975	0.8672	0.0155	0.0198	Boolarra virus (12286)
38016	0.73	0.5214	0.897	0.0289	0.0741	0.8466	0.0298	0.0089	0.0042	0.0399	0.0705	0.0975	0.8672	0.0155	0.0198	Hantavirus HTN (38016)
178530	0.73	0.5214	0.897	0.0289	0.0741	0.8466	0.0298	0.0089	0.0042	0.0399	0.0705	0.0975	0.8672	0.0155	0.0198	Astrovirus sp. (178530)
235406	0.73	0.5214	0.897	0.0289	0.0741	0.8466	0.0298	0.0089	0.0042	0.0399	0.0705	0.0975	0.8672	0.0155	0.0198	untyped human enterovirus (235406)
348136	0.73	0.5214	0.897	0.0289	0.0741	0.8466	0.0298	0.0089	0.0042	0.0399	0.0705	0.0975	0.8672	0.0155	0.0198	Human rotavirus B219 (348136)
384335	0.73	0.5214	0.897	0.0289	0.0741	0.8466	0.0298	0.0089	0.0042	0.0399	0.0705	0.0975	0.8672	0.0155	0.0198	Human coronavirus NO (384335)
481495	0.73	0.5214	0.897	0.0289	0.0741	0.8466	0.0298	0.0089	0.0042	0.0399	0.0705	0.0975	0.8672	0.0155	0.0198	Human rhinovirus W12 (481495)
537513	0.73	0.5214	0.897	0.0289	0.0741	0.8466	0.0298	0.0089	0.0042	0.0399	0.0705	0.0975	0.8672	0.0155	0.0198	Human rhinovirus NH156 (537513)
537514	0.73	0.5214	0.897	0.0289	0.0741	0.8466	0.0298	0.0089	0.0042	0.0399	0.0705	0.0975	0.8672	0.0155	0.0198	Human rhinovirus NH163 (537514)
537516	0.73	0.5214	0.897	0.0289	0.0741	0.8466	0.0298	0.0089	0.0042	0.0399	0.0705	0.0975	0.8672	0.0155	0.0198	Human rhinovirus NH206 (537516)
537528	0.73	0.5214	0.897	0.0289	0.0741	0.8466	0.0298	0.0089	0.0042	0.0399	0.0705	0.0975	0.8672	0.0155	0.0198	Human rhinovirus NH280 (537528)
537530	0.73	0.5214	0.897	0.0289	0.0741	0.8466	0.0298	0.0089	0.0042	0.0399	0.0705	0.0975	0.8672	0.0155	0.0198	Human rhinovirus NH287 (537530)
537531	0.73	0.5214	0.897	0.0289	0.0741	0.8466	0.0298	0.0089	0.0042	0.0399	0.0705	0.0975	0.8672	0.0155	0.0198	Human rhinovirus NH290 (537531)
537543	0.73	0.5214	0.897	0.0289	0.0741	0.8466	0.0298	0.0089	0.0042	0.0399	0.0705	0.0975	0.8672	0.0155	0.0198	Human rhinovirus NH3359 (537543)
537551	0.73	0.5214	0.897	0.0289	0.0741	0.8466	0.0298	0.0089	0.0042	0.0399	0.0705	0.0975	0.8672	0.0155	0.0198	Human rhinovirus NH361 (537551)
537552	0.73	0.5214	0.897	0.0289	0.0741	0.8466	0.0298	0.0089	0.0042	0.0399	0.0705	0.0975	0.8672	0.0155	0.0198	Human rhinovirus NH3629 (537552)
537559	0.73	0.5214	0.897	0.0289	0.0741	0.8466	0.0298	0.0089	0.0042	0.0399	0.0705	0.0975	0.8672	0.0155	0.0198	Human rhinovirus NH379 (537559)
537560	0.73	0.5214	0.897	0.0289	0.0741	0.8466	0.0298	0.0089	0.0042	0.0399	0.0705	0.0975	0.8672	0.0155	0.0198	Human rhinovirus NH384 (537560)
537563	0.73	0.5214	0.897	0.0289	0.0741	0.8466	0.0298	0.0089	0.0042	0.0399	0.0705	0.0975	0.8672	0.0155	0.0198	Human rhinovirus NH3908 (537563)
537566	0.73	0.5214	0.897	0.0289	0.0741	0.8466	0.0298	0.0089	0.0042	0.0399	0.0705	0.0975	0.8672	0.0155	0.0198	Human rhinovirus NH3963 (537566)
537573	0.73	0.5214	0.897	0.0289	0.0741	0.8466	0.0298	0.0089	0.0042	0.0399	0.0705	0.0975	0.8672	0.0155	0.0198	Human rhinovirus NH4111 (537573)
537574	0.73	0.5214	0.897	0.0289	0.0741	0.8466	0.0298	0.0089	0.0042	0.0399	0.0705	0.0975	0.8672	0.0155	0.0198	Human rhinovirus NH4130 (537574)
537577	0.73	0.5214	0.897	0.0289	0.0741	0.8466	0.0298	0.0089	0.0042	0.0399	0.0705	0.0975	0.8672	0.0155	0.0198	Human rhinovirus NH4215 (537577)
537587	0.73	0.5214	0.897	0.0289	0.0741	0.8466	0.0298	0.0089	0.0042	0.0399	0.0705	0.0975	0.8672	0.0155	0.0198	Human rhinovirus NH4545 (537587)
537588	0.73	0.5214	0.897	0.0289	0.0741	0.8466	0.0298	0.0089	0.0042	0.0399	0.0705	0.0975	0.8672	0.0155	0.0198	Human rhinovirus NH53 (537588)
546676	0.73	0.5214	0.897	0.0289	0.0741	0.8466	0.0298	0.0089	0.0042	0.0399	0.0705	0.0975	0.8672	0.0155	0.0198	Human rhinovirus hRVLz118 (546676)
546677	0.73	0.5214	0.897	0.0289	0.0741	0.8466	0.0298	0.0089	0.0042	0.0399	0.0705	0.0975	0.8672	0.0155	0.0198	Human rhinovirus hRVLz122 (546677)
546678	0.73	0.5214	0.897	0.0289	0.0741	0.8466	0.0298	0.0089	0.0042	0.0399	0.0705	0.0975	0.8672	0.0155	0.0198	Human rhinovirus hRVLz123 (546678)
546679	0.73	0.5214	0.897	0.0289	0.0741	0.8466	0.0298	0.0089	0.0042	0.0399	0.0705	0.0975	0.8672	0.0155	0.0198	Human rhinovirus hRVLz124 (546679)
546680	0.73	0.5214	0.897	0.0289	0.0741	0.8466	0.0298	0.0089	0.0042	0.0399	0.0705	0.0975	0.8672	0.0155	0.0198	Human rhinovirus hRVLz127 (546680)
546681	0.73	0.5214	0.897	0.0289	0.0741	0.8466	0.0298	0.0089	0.0042	0.0399	0.0705	0.0975	0.8672	0.0155	0.0198	Human rhinovirus hRVLz13 (546681)
546682	0.73	0.5214	0.897	0.0289	0.0741	0.8466	0.0298	0.0089	0.0042	0.0399	0.0705	0.0975	0.8672	0.0155	0.0198	Human rhinovirus hRVLz135 (546682)
546683	0.73	0.5214	0.897	0.0289	0.0741	0.8466	0.0298	0.0089	0.0042	0.0399	0.0705	0.0975	0.8672	0.0155	0.0198	Human rhinovirus hRVLz144 (546683)
546685	0.73	0.5214	0.897	0.0289	0.0741	0.8466	0.0298	0.0089	0.0042	0.0399	0.0705	0.0975	0.8672	0.0155	0.0198	Human rhinovirus hRVLz163 (546685)
546687	0.73	0.5214	0.897	0.0289	0.0741	0.8466	0.0298	0.0089	0.0042	0.0399	0.0705	0.0975	0.8672	0.0155	0.0198	Human rhinovirus hRVLz171 (546687)
546688	0.73	0.5214	0.897	0.0289	0.0741	0.8466	0.0298	0.0089	0.0042	0.0399	0.0705	0.0975	0.8672	0.0155	0.0198	Human rhinovirus hRVLz178 (546688)
546689	0.73	0.5214	0.897	0.0289	0.0741	0.8466	0.0298	0.0089	0.0042	0.0399	0.0705	0.0975	0.8672	0.0155	0.0198	Human rhinovirus hRVLz184 (546689)
546691	0.73	0.5214	0.897	0.0289	0.0741	0.8466	0.0298	0.0089	0.0042	0.0399	0.0705	0.0975	0.8672	0.0155	0.0198	Human rhinovirus hRVLz187 (546691)
546696	0.73	0.5214	0.897	0.0289	0.0741	0.8466	0.0298	0.0089	0.0042	0.0399	0.0705	0.0975	0.8672	0.0155	0.0198	Human rhinovirus hRVLz239 (546696)
546697	0.73	0.5214	0.897	0.0289	0.0741	0.8466	0.0298	0.0089	0.0042	0.0399	0.0705	0.0975	0.8672	0.0155	0.0198	Human rhinovirus hRVLz265 (546697)
546698	0.73	0.5214	0.897	0.0289	0.0741	0.8466	0.0298	0.0089	0.0042	0.0399	0.0705	0.0975	0.8672	0.0155	0.0198	Human rhinovirus hRVLz267 (546698)
546699	0.73	0.5214	0.897	0.0289	0.0741	0.8466	0.0298	0.0089	0.0042	0.0399	0.0705	0.0975	0.8672	0.0155	0.0198	Human rhinovirus hRVLz269 (546699)
546700	0.73	0.5214	0.897	0.0289	0.0741	0.8466	0.0298	0.0089	0.0042	0.0399	0.0705	0.0975	0.8672	0.0155	0.0198	Human rhinovirus hRVLz281 (546700)
546701	0.73	0.5214	0.897	0.0289	0.0741	0.8466	0.0298	0.0089	0.0042	0.0399	0.0705	0.0975	0.8672	0.0155	0.0198	Human rhinovirus hRVLz287 (546701)
546702	0.73	0.5214	0.897	0.0289	0.0741	0.8466	0.0298	0.0089	0.0042	0.0399	0.0705	0.0975	0.8672	0.0155	0.0198	Human rhinovirus hRVLz293 (546702)
546703	0.73	0.5214	0.897	0.0289	0.0741	0.8466	0.0298	0.0089	0.0042	0.0399	0.0705	0.0975	0.8672	0.0155	0.0198	Human rhinovirus hRVLz294 (546703)
546709	0.73	0.5214	0.897	0.0289	0.0741	0.8466	0.0298	0.0089	0.0042	0.0399	0.0705	0.0975	0.8672	0.0155	0.0198	Human rhinovirus hRVLz330 (546709)
546710	0.73	0.5214	0.897	0.0289	0.0741	0.8466	0.0298	0.0089	0.0042	0.0399	0.0705	0.0975	0.8672	0.0155	0.0198	Human rhinovirus hRVLz331 (546710)
546711	0.73	0.5214	0.897	0.0289	0.0741	0.8466	0.0298	0.0089	0.0042	0.0399	0.0705	0.0975	0.8672	0.0155	0.0198	Human rhinovirus hRVLz332 (546711)
546714	0.73	0.5214	0.897	0.0289	0.0741	0.8466	0.0298	0.0089	0.0042	0.0399	0.0705	0.0975	0.8672	0.0155	0.0198	Human rhinovirus hRVLz337 (546714)
546715	0.73	0.5214	0.897	0.0289	0.0741	0.8466	0.0298	0.0089	0.0042	0.0399	0.0705	0.0975	0.8672	0.0155	0.0198	Human rhinovirus hRVLz343 (546715)
546721	0.73	0.5214	0.897	0.0289	0.0741	0.8466	0.0298	0.0089	0.0042	0.0399	0.0705	0.0975	0.8672	0.0155	0.0198	Human rhinovirus hRVLz383 (546721)
546723	0.73	0.5214	0.897	0.0289	0.0741	0.8466	0.0298	0.0089	0.0042	0.0399	0.0705	0.0975	0.8672	0.0155	0.0198	Human rhinovirus hRVLz392 (546723)
546725	0.73	0.5214	0.897	0.0289	0.0741	0.8466	0.0298	0.0089	0.0042	0.0399	0.0705	0.0975	0.8672	0.0155	0.0198	Human rhinovirus hRVLz406 (546725)
546726	0.73	0.5214	0.897	0.0289	0.0741	0.8466	0.0298	0.0089	0.0042	0.0399	0.0705	0.0975	0.8672	0.0155	0.0198	Human rhinovirus hRVLz8 (546726)
546728	0.73	0.5214	0.897	0.0289	0.0741	0.8466	0.0298	0.0089	0.0042	0.0399	0.0705	0.0975	0.8672	0.0155	0.0198	Human rhinovirus hRVLz86 (546728)
546729	0.73	0.5214	0.897	0.0289	0.0741	0.8466	0.0298	0.0089	0.0042	0.0399	0.0705	0.0975	0.8672	0.0155	0.0198	Human rhinovirus hRVLz89 (546729)
586421	0.73	0.5214	0.897	0.0289	0.0741	0.8466	0.0298	0.0089	0.0042	0.0399	0.0705	0.0975	0.8672	0.0155	0.0198	Human cosavirus C (586421)
611726	0.73	0.5214	0.897	0.0289	0.0741	0.8466	0.0298	0.0089	0.0042	0.0399	0.0705	0.0975	0.8672	0.0155	0.0198	Human rhinovirus KR1768 (611726)
611730	0.73	0.5214	0.897	0.0289	0.0741	0.8466	0.0298	0.0089	0.0042	0.0399	0.0705	0.0975	0.8672	0.0155	0.0198	Human rhinovirus KR1885 (611730)
611734	0.73	0.5214	0.897	0.0289	0.0741	0.8466	0.0298	0.0089	0.0042	0.0399	0.0705	0.0975	0.8672	0.0155	0.0198	Human rhinovirus KR1956 (611734)
611738	0.73	0.5214	0.897	0.0289	0.0741	0.8466	0.0298	0.0089	0.0042	0.0399	0.0705	0.0975	0.8672	0.0155	0.0198	Human rhinovirus KR2063 (611738)
611739	0.73	0.5214	0.897	0.0289	0.0741	0.8466	0.0298	0.0089	0.0042	0.0399	0.0705	0.0975	0.8672	0.0155	0.0198	Human rhinovirus KR2072 (611739)
611740	0.73	0.5214	0.897	0.0289	0.0741	0.8466	0.0298	0.0089	0.0042	0.0399	0.0705	0.0975	0.8672	0.0155	0.0198	Human rhinovirus KR2098 (611740)
611741	0.73	0.5214	0.897	0.0289	0.0741	0.8466	0.0298	0.0089	0.0042	0.0399	0.0705	0.0975	0.8672	0.0155	0.0198	Human rhinovirus KR2113 (611741)
611757	0.73	0.5214	0.897	0.0289	0.0741	0.8466	0.0298	0.0089	0.0042	0.0399	0.0705	0.0975	0.8672	0.0155	0.0198	Human rhinovirus KR2311 (611757)
611762	0.73	0.5214	0.897	0.0289	0.0741	0.8466	0.0298	0.0089	0.0042	0.0399	0.0705	0.0975	0.8672	0.0155	0.0198	Human rhinovirus KR2398 (611762)
611763	0.73	0.5214	0.897	0.0289	0.0741	0.8466	0.0298	0.0089	0.0042	0.0399	0.0705	0.0975	0.8672	0.0155	0.0198	Human rhinovirus KR2484 (611763)
630718	0.73	0.5214	0.897	0.0289	0.0741	0.8466	0.0298	0.0089	0.0042	0.0399	0.0705	0.0975	0.8672	0.0155	0.0198	Human rhinovirus SO6666 (630718)
631345	0.73	0.5214	0.897	0.0289	0.0741	0.8466	0.0298	0.0089	0.0042	0.0399	0.0705	0.0975	0.8672	0.0155	0.0198	Solenopsis invicta virus 3 (631345)
647367	0.73	0.5214	0.897	0.0289	0.0741	0.8466	0.0298	0.0089	0.0042	0.0399	0.0705	0.0975	0.8672	0.0155	0.0198	Human rhinovirus W2 (647367)
647374	0.73	0.5214	0.897	0.0289	0.0741	0.85	0.0297	0.0089	0.0041	0.0387	0.0686	0.0975	0.8672	0.0155	0.0198	Human rhinovirus W46 (647374)
659265	0.73	0.5214	0.897	0.0289	0.0741	0.8466	0.0298	0.0089	0.0042	0.0399	0.0705	0.0975	0.8672	0.0155	0.0198	Norovirus Hu/Afyon/65/2007/TR (659265)
688450	0.73	0.5214	0.897	0.0289	0.0741	0.8466	0.0298	0.0089	0.0042	0.0399	0.0705	0.0975	0.8672	0.0155	0.0198	Salivirus MN-2A (688450)
688451	0.73	0.5214	0.897	0.0289	0.0741	0.8466	0.0298	0.0089	0.0042	0.0399	0.0705	0.0975	0.8672	0.0155	0.0198	Salivirus MN-8F (688451)
688452	0.73	0.5214	0.897	0.0289	0.0741	0.8466	0.0298	0.0089	0.0042	0.0399	0.0705	0.0975	0.8672	0.0155	0.0198	Salivirus NG-11E (688452)
688454	0.73	0.5214	0.897	0.0289	0.0741	0.8466	0.0298	0.0089	0.0042	0.0399	0.0705	0.0975	0.8672	0.0155	0.0198	Salivirus NG-7B (688454)
688457	0.73	0.5214	0.897	0.0289	0.0741	0.8492	0.0299	0.0089	0.0042	0.0393	0.0685	0.0975	0.8672	0.0155	0.0198	Salivirus NP-12C (688457)
688459	0.73	0.5214	0.897	0.0289	0.0741	0.8466	0.0298	0.0089	0.0042	0.0399	0.0705	0.0975	0.8672	0.0155	0.0198	Salivirus NP-4H (688459)
688461	0.73	0.5214	0.897	0.0289	0.0741	0.8466	0.0298	0.0089	0.0042	0.0399	0.0705	0.0975	0.8672	0.0155	0.0198	Salivirus NP-6E (688461)
688462	0.73	0.5214	0.897	0.0289	0.0741	0.8466	0.0298	0.0089	0.0042	0.0399	0.0705	0.0975	0.8672	0.0155	0.0198	Salivirus NP-6F (688462)
688463	0.73	0.5214	0.897	0.0289	0.0741	0.8466	0.0298	0.0089	0.0042	0.0399	0.0705	0.0975	0.8672	0.0155	0.0198	Salivirus NP-8D (688463)
688464	0.73	0.5214	0.897	0.0289	0.0741	0.8492	0.0299	0.0089	0.0042	0.0393	0.0685	0.0975	0.8672	0.0155	0.0198	Salivirus TN-11C (688464)
688466	0.73	0.5214	0.897	0.0289	0.0741	0.8466	0.0298	0.0089	0.0042	0.0399	0.0705	0.0975	0.8672	0.0155	0.0198	Salivirus TN-7E (688466)
741955	0.73	0.5214	0.897	0.0289	0.0741	0.8466	0.0298	0.0089	0.0042	0.0399	0.0705	0.0975	0.8672	0.0155	0.0198	Human rhinovirus C192483 (741955)
741956	0.73	0.5214	0.897	0.0289	0.0741	0.8466	0.0298	0.0089	0.0042	0.0399	0.0705	0.0975	0.8672	0.0155	0.0198	Human rhinovirus C210920 (741956)
741957	0.73	0.5214	0.897	0.0289	0.0741	0.8466	0.0298	0.0089	0.0042	0.0399	0.0705	0.0975	0.8672	0.0155	0.0198	Human rhinovirus C326876 (741957)
741958	0.73	0.5214	0.897	0.0289	0.0741	0.8466	0.0298	0.0089	0.0042	0.0399	0.0705	0.0975	0.8672	0.0155	0.0198	Human rhinovirus C326878 (741958)
764239	0.73	0.5214	0.897	0.0289	0.0741	0.8466	0.0298	0.0089	0.0042	0.0399	0.0705	0.0975	0.8672	0.0155	0.0198	Human rhinovirus A2134_180705 (764239)
764243	0.73	0.5214	0.897	0.0289	0.0741	0.8466	0.0298	0.0089	0.0042	0.0399	0.0705	0.0975	0.8672	0.0155	0.0198	Human rhinovirus A2215_140905 (764243)
934413	0.73	0.5214	0.897	0.0289	0.0741	0.8466	0.0298	0.0089	0.0042	0.0399	0.0705	0.0975	0.8672	0.0155	0.0198	Hantavirus Hu/CPVRP2/Batatais/BRA/2007 (934413)
941285	0.73	0.5214	0.897	0.0289	0.0741	0.8466	0.0298	0.0089	0.0042	0.0399	0.0705	0.0975	0.8672	0.0155	0.0198	Human enterovirus C0801R (941285)
941292	0.73	0.5214	0.897	0.0289	0.0741	0.8466	0.0298	0.0089	0.0042	0.0399	0.0705	0.0975	0.8672	0.0155	0.0198	Human enterovirus E0703R (941292)
941293	0.73	0.5214	0.897	0.0289	0.0741	0.8466	0.0298	0.0089	0.0042	0.0399	0.0705	0.0975	0.8672	0.0155	0.0198	Human enterovirus F0501R (941293)
941305	0.73	0.5214	0.897	0.0289	0.0741	0.8466	0.0298	0.0089	0.0042	0.0399	0.0705	0.0975	0.8672	0.0155	0.0198	Human enterovirus H1098R (941305)
941317	0.73	0.5214	0.897	0.0289	0.0741	0.8466	0.0298	0.0089	0.0042	0.0399	0.0705	0.0975	0.8672	0.0155	0.0198	Human enterovirus O0702R (941317)
999535	0.73	0.5214	0.897	0.0289	0.0741	0.8466	0.0298	0.0089	0.0042	0.0399	0.0705	0.0975	0.8672	0.0155	0.0198	Phlebovirus XLL/China/2009 (999535)
1095764	0.73	0.5214	0.897	0.0289	0.0741	0.8466	0.0298	0.0089	0.0042	0.0399	0.0705	0.0975	0.8672	0.0155	0.0198	Caliciviridae Hu/GII.4/Xiamen/May0511/2010/CHN (1095764)
1186059	0.73	0.5214	0.897	0.0289	0.0741	0.8466	0.0298	0.0089	0.0042	0.0399	0.0705	0.0975	0.8672	0.0155	0.0198	Human astrovirus MLB2 (1186059)
1194163	0.73	0.5214	0.897	0.0289	0.0741	0.8466	0.0298	0.0089	0.0042	0.0399	0.0705	0.0975	0.8672	0.0155	0.0198	Cosavirus AFP-2012 (1194163)
1194164	0.73	0.5214	0.897	0.0289	0.0741	0.8466	0.0298	0.0089	0.0042	0.0399	0.0705	0.0975	0.8672	0.0155	0.0198	Cosavirus IND/2010 (1194164)
1222045	0.73	0.5214	0.897	0.0289	0.0741	0.8466	0.0298	0.0089	0.0042	0.0399	0.0705	0.0975	0.8672	0.0155	0.0198	Human cosavirus RdRp-74 (1222045)
1239567	0.73	0.5214	0.897	0.0289	0.0741	0.8466	0.0298	0.0089	0.0042	0.0399	0.0705	0.0975	0.8672	0.0155	0.0198	Mamastrovirus 3 (1239567)
1293420	0.73	0.5214	0.897	0.0289	0.0741	0.8466	0.0298	0.0089	0.0042	0.0399	0.0705	0.0975	0.8672	0.0155	0.0198	Astrovirus 2010_Msc_18001_MLB (1293420)
1312874	0.73	0.5214	0.897	0.0289	0.0741	0.8466	0.0298	0.0089	0.0042	0.0399	0.0705	0.0975	0.8672	0.0155	0.0198	Alphamesonivirus cavallyense (1312874)
1402035	0.73	0.5214	0.897	0.0289	0.0741	0.8466	0.0298	0.0089	0.0042	0.0399	0.0705	0.0975	0.8672	0.0155	0.0198	Orthobunyavirus FSL2923 (1402035)
1428481	0.73	0.5214	0.897	0.0289	0.0741	0.8466	0.0298	0.0089	0.0042	0.0399	0.0705	0.0975	0.8672	0.0155	0.0198	Human coronavirus Feline-like Hu142 (1428481)
1432857	0.73	0.5214	0.897	0.0289	0.0741	0.85	0.0297	0.0089	0.0041	0.0387	0.0686	0.0975	0.8672	0.0155	0.0198	Formica exsecta virus 2 (1432857)
1521109	0.73	0.5214	0.897	0.0289	0.0741	0.8466	0.0298	0.0089	0.0042	0.0399	0.0705	0.0975	0.8672	0.0155	0.0198	Enterovirus C151_oct11_cons (1521109)
1523264	0.73	0.5214	0.897	0.0289	0.0741	0.8466	0.0298	0.0089	0.0042	0.0399	0.0705	0.0975	0.8672	0.0155	0.0198	Human rhinovirus R18 (1523264)
1523265	0.73	0.5214	0.897	0.0289	0.0741	0.8466	0.0298	0.0089	0.0042	0.0399	0.0705	0.0975	0.8672	0.0155	0.0198	Human rhinovirus R2 (1523265)
1523266	0.73	0.5214	0.897	0.0289	0.0741	0.8466	0.0298	0.0089	0.0042	0.0399	0.0705	0.0975	0.8672	0.0155	0.0198	Human rhinovirus R20 (1523266)
1523276	0.73	0.5214	0.897	0.0289	0.0741	0.8466	0.0298	0.0089	0.0042	0.0399	0.0705	0.0975	0.8672	0.0155	0.0198	Human rhinovirus R38 (1523276)
1523277	0.73	0.5214	0.897	0.0289	0.0741	0.8466	0.0298	0.0089	0.0042	0.0399	0.0705	0.0975	0.8672	0.0155	0.0198	Human rhinovirus R39 (1523277)
1523278	0.73	0.5214	0.897	0.0289	0.0741	0.8466	0.0298	0.0089	0.0042	0.0399	0.0705	0.0975	0.8672	0.0155	0.0198	Human rhinovirus R41 (1523278)
1523287	0.73	0.5214	0.897	0.0289	0.0741	0.8466	0.0298	0.0089	0.0042	0.0399	0.0705	0.0975	0.8672	0.0155	0.0198	Human rhinovirus R73 (1523287)
1523288	0.73	0.5214	0.897	0.0289	0.0741	0.8466	0.0298	0.0089	0.0042	0.0399	0.0705	0.0975	0.8672	0.0155	0.0198	Human rhinovirus R81 (1523288)
1523289	0.73	0.5214	0.897	0.0289	0.0741	0.8466	0.0298	0.0089	0.0042	0.0399	0.0705	0.0975	0.8672	0.0155	0.0198	Human rhinovirus R82 (1523289)
1525177	0.73	0.5214	0.897	0.0289	0.0741	0.8466	0.0298	0.0089	0.0042	0.0399	0.0705	0.0975	0.8672	0.0155	0.0198	Picobirnavirus VS6600023 (1525177)
1525178	0.73	0.5214	0.897	0.0289	0.0741	0.8466	0.0298	0.0089	0.0042	0.0399	0.0705	0.0975	0.8672	0.0155	0.0198	Picobirnavirus VS6600025 (1525178)
1525179	0.73	0.5214	0.897	0.0289	0.0741	0.8466	0.0298	0.0089	0.0042	0.0399	0.0705	0.0975	0.8672	0.0155	0.0198	Picobirnavirus VS6600034 (1525179)
1608040	0.73	0.5214	0.897	0.0289	0.0741	0.8466	0.0298	0.0089	0.0042	0.0399	0.0705	0.0975	0.8672	0.0155	0.0198	Bole Tick Virus 1 (1608040)
1609131	0.73	0.5214	0.897	0.0289	0.0741	0.8466	0.0298	0.0089	0.0042	0.0399	0.0705	0.0975	0.8672	0.0155	0.0198	Astrovirus dogfaeces/Bari (1609131)
1615798	0.73	0.5214	0.897	0.0289	0.0741	0.8466	0.0298	0.0089	0.0042	0.0399	0.0705	0.0975	0.8672	0.0155	0.0198	Ekpoma virus (1615798)
1678146	0.73	0.5214	0.897	0.0289	0.0741	0.8466	0.0298	0.0089	0.0042	0.0399	0.0705	0.0975	0.8672	0.0155	0.0198	Chirohepevirus eptesici (1678146)
1679172	0.73	0.5214	0.897	0.0289	0.0741	0.8466	0.0298	0.0089	0.0042	0.0399	0.0705	0.0975	0.8672	0.0155	0.0198	Chobar Gorge virus (1679172)
1899067	0.73	0.5214	0.897	0.0289	0.0741	0.8466	0.0298	0.0089	0.0042	0.0399	0.0705	0.0975	0.8672	0.0155	0.0198	Sapovirus Hu/Pune/NIV071595/2007/India (1899067)
1899069	0.73	0.5214	0.897	0.0289	0.0741	0.8466	0.0298	0.0089	0.0042	0.0399	0.0705	0.0975	0.8672	0.0155	0.0198	Sapovirus Hu/Pune/NIV075904/2007/India (1899069)
1899070	0.73	0.5214	0.897	0.0289	0.0741	0.8466	0.0298	0.0089	0.0042	0.0399	0.0705	0.0975	0.8672	0.0155	0.0198	Sapovirus Hu/Pune/NIV076106/2007/India (1899070)
1899071	0.73	0.5214	0.897	0.0289	0.0741	0.8466	0.0298	0.0089	0.0042	0.0399	0.0705	0.0975	0.8672	0.0155	0.0198	Sapovirus Hu/Pune/NIV076111/2007/India (1899071)
1899073	0.73	0.5214	0.897	0.0289	0.0741	0.8466	0.0298	0.0089	0.0042	0.0399	0.0705	0.0975	0.8672	0.0155	0.0198	Sapovirus Hu/Pune/NIV0814778/2008/India (1899073)
1899080	0.73	0.5214	0.897	0.0289	0.0741	0.8466	0.0298	0.0089	0.0042	0.0399	0.0705	0.0975	0.8672	0.0155	0.0198	Sapovirus Hu/Pune/NIV0916007/2009/India (1899080)
1899081	0.73	0.5214	0.897	0.0289	0.0741	0.8466	0.0298	0.0089	0.0042	0.0399	0.0705	0.0975	0.8672	0.0155	0.0198	Sapovirus Hu/Pune/NIV094581/2009/India (1899081)
1899082	0.73	0.5214	0.897	0.0289	0.0741	0.8466	0.0298	0.0089	0.0042	0.0399	0.0705	0.0975	0.8672	0.0155	0.0198	Sapovirus Hu/Pune/NIV1031131/2010/India (1899082)
1899084	0.73	0.5214	0.897	0.0289	0.0741	0.8466	0.0298	0.0089	0.0042	0.0399	0.0705	0.0975	0.8672	0.0155	0.0198	Sapovirus Hu/Pune/NIV117296/2011/India (1899084)
1914576	0.73	0.5214	0.897	0.0289	0.0741	0.8466	0.0298	0.0089	0.0042	0.0399	0.0705	0.0975	0.8672	0.0155	0.0198	Limnipivirus C (1914576)
1972587	0.73	0.5214	0.897	0.0289	0.0741	0.8466	0.0298	0.0089	0.0042	0.0399	0.0705	0.0975	0.8672	0.0155	0.0198	Ephemerovirus kotonkan (1972587)
1986118	0.73	0.5214	0.897	0.0289	0.0741	0.8425	0.031	0.0092	0.0044	0.0416	0.0713	0.0975	0.8672	0.0155	0.0198	Ball python nidovirus 1 (1986118)
2044876	0.73	0.5214	0.897	0.0289	0.0741	0.8466	0.0298	0.0089	0.0042	0.0399	0.0705	0.0975	0.8672	0.0155	0.0198	Human hepegivirus 1 (2044876)
2169479	0.73	0.5214	0.897	0.0289	0.0741	0.8466	0.0298	0.0089	0.0042	0.0399	0.0705	0.0975	0.8672	0.0155	0.0198	Lysoka picobirna-like virus (2169479)
2219997	0.73	0.5214	0.897	0.0289	0.0741	0.8466	0.0298	0.0089	0.0042	0.0399	0.0705	0.0975	0.8672	0.0155	0.0198	Orthobunyavirus sp. (2219997)
2602438	0.73	0.5214	0.897	0.0289	0.0741	0.8466	0.0298	0.0089	0.0042	0.0399	0.0705	0.0975	0.8672	0.0155	0.0198	Guapiacu virus (2602438)
2716315	0.73	0.5214	0.897	0.0289	0.0741	0.8466	0.0298	0.0089	0.0042	0.0399	0.0705	0.0975	0.8672	0.0155	0.0198	Manych virus (2716315)
2831046	0.73	0.5214	0.897	0.0289	0.0741	0.8466	0.0298	0.0089	0.0042	0.0399	0.0705	0.0975	0.8672	0.0155	0.0198	Cosavirus SVH-69/VEN (2831046)
2936928	0.73	0.5214	0.897	0.0289	0.0741	0.8466	0.0298	0.0089	0.0042	0.0399	0.0705	0.0975	0.8672	0.0155	0.0198	California hare coltivirus (2936928)
3048166	0.73	0.5214	0.897	0.0289	0.0741	0.8466	0.0298	0.0089	0.0042	0.0399	0.0705	0.0975	0.8672	0.0155	0.0198	Aparavirus kashmirense (3048166)
3048318	0.73	0.5214	0.897	0.0289	0.0741	0.8466	0.0298	0.0089	0.0042	0.0399	0.0705	0.0975	0.8672	0.0155	0.0198	Iflavirus apistardum (3048318)
3050329	0.73	0.5214	0.897	0.0289	0.0741	0.8466	0.0298	0.0089	0.0042	0.0399	0.0705	0.0975	0.8672	0.0155	0.0198	Orthopneumovirus muris (3050329)
3052380	0.73	0.5214	0.897	0.0289	0.0741	0.8466	0.0298	0.0089	0.0042	0.0399	0.0705	0.0975	0.8672	0.0155	0.0198	Orthobunyavirus buffaloense (3052380)
3052393	0.73	0.5214	0.897	0.0289	0.0741	0.8466	0.0298	0.0089	0.0042	0.0399	0.0705	0.0975	0.8672	0.0155	0.0198	Orthobunyavirus gamboaense (3052393)
3052509	0.73	0.5214	0.897	0.0289	0.0741	0.8466	0.0298	0.0089	0.0042	0.0399	0.0705	0.0975	0.8672	0.0155	0.0198	Orthonairovirus buranaense (3052509)
3052616	0.73	0.5214	0.897	0.0289	0.0741	0.8466	0.0298	0.0089	0.0042	0.0399	0.0705	0.0975	0.8672	0.0155	0.0198	Pestivirus antilocaprae (3052616)
3052621	0.73	0.5214	0.897	0.0289	0.0741	0.8466	0.0298	0.0089	0.0042	0.0399	0.0705	0.0975	0.8672	0.0155	0.0198	Pestivirus giraffae (3052621)
3052626	0.73	0.5214	0.897	0.0289	0.0741	0.8567	0.0277	0.0088	0.0041	0.037	0.0656	0.0975	0.8672	0.0155	0.0198	Pestivirus tauri (3052626)
3060507	0.73	0.5214	0.897	0.0289	0.0741	0.8466	0.0298	0.0089	0.0042	0.0399	0.0705	0.0975	0.8672	0.0155	0.0198	Orthonoravirus melanogastri (3060507)
862167	0.73	0.5214	0.8923	0.031	0.0767	0.8425	0.0314	0.0095	0.0039	0.038	0.0746	0.0712	0.895	0.0151	0.0187	Rotavirus Hu/RJ/2006-08/Brazil/2006 (862167)
862169	0.73	0.5214	0.8923	0.031	0.0767	0.8425	0.0314	0.0095	0.0039	0.038	0.0746	0.0712	0.895	0.0151	0.0187	Rotavirus Hu/RJ/2008-317/Brazil/2008 (862169)
862170	0.73	0.5214	0.8923	0.031	0.0767	0.8425	0.0314	0.0095	0.0039	0.038	0.0746	0.0712	0.895	0.0151	0.0187	Rotavirus Hu/RJ/2008-318/Brazil/2008 (862170)
862171	0.73	0.5214	0.8923	0.031	0.0767	0.8425	0.0314	0.0095	0.0039	0.038	0.0746	0.0712	0.895	0.0151	0.0187	Rotavirus Hu/RJ/2008-320/Brazil/2008 (862171)
862172	0.73	0.5214	0.8923	0.031	0.0767	0.8425	0.0314	0.0095	0.0039	0.038	0.0746	0.0712	0.895	0.0151	0.0187	Rotavirus Hu/RJ/2008-322/Brazil/2008 (862172)
862173	0.73	0.5214	0.8923	0.031	0.0767	0.8425	0.0314	0.0095	0.0039	0.038	0.0746	0.0712	0.895	0.0151	0.0187	Rotavirus Hu/RJ/2008-323/Brazil/2008 (862173)
862174	0.73	0.5214	0.8923	0.031	0.0767	0.8425	0.0314	0.0095	0.0039	0.038	0.0746	0.0712	0.895	0.0151	0.0187	Rotavirus Hu/RJ/2008-324/Brazil/2008 (862174)
862175	0.73	0.5214	0.8923	0.031	0.0767	0.8425	0.0314	0.0095	0.0039	0.038	0.0746	0.0712	0.895	0.0151	0.0187	Rotavirus Hu/RJ/2008-334/Brazil/2008 (862175)
862176	0.73	0.5214	0.8923	0.031	0.0767	0.8425	0.0314	0.0095	0.0039	0.038	0.0746	0.0712	0.895	0.0151	0.0187	Rotavirus Hu/RJ/2008-335/Brazil/2008 (862176)
862177	0.73	0.5214	0.8923	0.031	0.0767	0.8425	0.0314	0.0095	0.0039	0.038	0.0746	0.0712	0.895	0.0151	0.0187	Rotavirus Hu/RJ/2008-336/Brazil/2008 (862177)
862178	0.73	0.5214	0.8923	0.031	0.0767	0.8425	0.0314	0.0095	0.0039	0.038	0.0746	0.0712	0.895	0.0151	0.0187	Rotavirus Hu/RJ/2008-337/Brazil/2008 (862178)
862179	0.73	0.5214	0.8923	0.031	0.0767	0.8425	0.0314	0.0095	0.0039	0.038	0.0746	0.0712	0.895	0.0151	0.0187	Rotavirus Hu/RJ/2008-338/Brazil/2008 (862179)
862180	0.73	0.5214	0.8923	0.031	0.0767	0.8425	0.0314	0.0095	0.0039	0.038	0.0746	0.0712	0.895	0.0151	0.0187	Rotavirus Hu/RJ/2008-339/Brazil/2008 (862180)
862181	0.73	0.5214	0.8923	0.031	0.0767	0.8425	0.0314	0.0095	0.0039	0.038	0.0746	0.0712	0.895	0.0151	0.0187	Rotavirus Hu/RJ/2008-340/Brazil/2008 (862181)
862182	0.73	0.5214	0.8923	0.031	0.0767	0.8425	0.0314	0.0095	0.0039	0.038	0.0746	0.0712	0.895	0.0151	0.0187	Rotavirus Hu/RJ/2008-341/Brazil/2008 (862182)
862183	0.73	0.5214	0.8923	0.031	0.0767	0.8425	0.0314	0.0095	0.0039	0.038	0.0746	0.0712	0.895	0.0151	0.0187	Rotavirus Hu/RJ/2008-342/Brazil/2008 (862183)
864623	0.73	0.5214	0.8923	0.031	0.0767	0.8425	0.0314	0.0095	0.0039	0.038	0.0746	0.0712	0.895	0.0151	0.0187	Rotavirus Hu/RJ/2008-356/Brazil/2008 (864623)
864624	0.73	0.5214	0.8923	0.031	0.0767	0.8425	0.0314	0.0095	0.0039	0.038	0.0746	0.0712	0.895	0.0151	0.0187	Rotavirus Hu/RJ/2008-357/Brazil/2008 (864624)
1141625	0.73	0.5214	0.7784	0.033	0.1886	0.8349	0.0321	0.0095	0.0045	0.0435	0.0755	0.0975	0.8672	0.0155	0.0198	Murine astrovirus (1141625)
537534	0.73	0.4594	0.897	0.0289	0.0741	0.841	0.0302	0.0085	0.0042	0.0399	0.0762	0.0975	0.8672	0.0155	0.0198	Human rhinovirus NH3039 (537534)
537535	0.73	0.4594	0.897	0.0289	0.0741	0.841	0.0302	0.0085	0.0042	0.0399	0.0762	0.0975	0.8672	0.0155	0.0198	Human rhinovirus NH309 (537535)
741959	0.73	0.4594	0.897	0.0289	0.0741	0.841	0.0302	0.0085	0.0042	0.0399	0.0762	0.0975	0.8672	0.0155	0.0198	Human rhinovirus N53728 (741959)
741960	0.73	0.4594	0.897	0.0289	0.0741	0.841	0.0302	0.0085	0.0042	0.0399	0.0762	0.0975	0.8672	0.0155	0.0198	Human rhinovirus N53729 (741960)
1523281	0.73	0.4594	0.897	0.0289	0.0741	0.8243	0.0334	0.0095	0.0044	0.0478	0.0806	0.0944	0.8711	0.0156	0.0189	Human rhinovirus R49 (1523281)
1523285	0.73	0.3699	0.897	0.0289	0.0741	0.836	0.03	0.0088	0.0042	0.0395	0.0815	0.0975	0.8672	0.0155	0.0198	Human rhinovirus R66 (1523285)
57667	0.73	0.2943	0.884	0.0244	0.0916	0.8286	0.0343	0.0117	0.0051	0.0381	0.0822	0.0803	0.889	0.0152	0.0155	Simian-Human immunodeficiency virus (57667)
862168	0.72	0.5902	0.8923	0.031	0.0767	0.8507	0.0294	0.0093	0.0039	0.0368	0.07	0.0712	0.895	0.0151	0.0187	Rotavirus Hu/RJ/2006-14/Brazil/2006 (862168)
537517	0.72	0.5214	0.897	0.0289	0.0741	0.846	0.0294	0.0089	0.0041	0.0387	0.0729	0.0725	0.8934	0.0152	0.0189	Human rhinovirus NH207 (537517)
3052521	0.72	0.5214	0.7784	0.033	0.1886	0.8349	0.0321	0.0095	0.0045	0.0435	0.0755	0.0975	0.8672	0.0155	0.0198	Orthonairovirus issykkulense (3052521)
546693	0.72	0.5138	0.897	0.0289	0.0741	0.8602	0.0298	0.0091	0.0041	0.0338	0.0629	0.0975	0.8672	0.0155	0.0198	Human rhinovirus hRVLz218 (546693)
405554	0.72	0.4594	0.8497	0.0334	0.1169	0.8354	0.0293	0.0084	0.0041	0.0373	0.0856	0.0975	0.8672	0.0155	0.0198	White bream virus (405554)
3052329	0.72	0.4522	0.721	0.044	0.235	0.8449	0.0269	0.0096	0.004	0.0297	0.085	0.0854	0.8797	0.0157	0.0192	Mammarenavirus tamiamiense (3052329)
546694	0.7	0.5214	0.897	0.0289	0.0741	0.8466	0.0298	0.0089	0.0042	0.0399	0.0705	0.0975	0.8672	0.0155	0.0198	Human rhinovirus hRVLz220 (546694)
537557	0.7	0.4594	0.897	0.0289	0.0741	0.8401	0.0297	0.0085	0.0041	0.0388	0.0789	0.0725	0.8934	0.0152	0.0189	Human rhinovirus NH3736 (537557)
546692	0.69	0.5214	0.897	0.0289	0.0741	0.8466	0.0298	0.0089	0.0042	0.0399	0.0705	0.0975	0.8672	0.0155	0.0198	Human rhinovirus hRVLz214 (546692)
546727	0.69	0.5214	0.897	0.0289	0.0741	0.8466	0.0298	0.0089	0.0042	0.0399	0.0705	0.0975	0.8672	0.0155	0.0198	Human rhinovirus hRVLz84 (546727)
3052618	0.69	0.5214	0.897	0.0289	0.0741	0.8466	0.0298	0.0089	0.0042	0.0399	0.0705	0.0975	0.8672	0.0155	0.0198	Pestivirus aydinense (3052618)
3052620	0.69	0.5214	0.897	0.0289	0.0741	0.8466	0.0298	0.0089	0.0042	0.0399	0.0705	0.0975	0.8672	0.0155	0.0198	Pestivirus brazilense (3052620)
1899072	0.68	0.5214	0.897	0.0289	0.0741	0.8522	0.0291	0.0089	0.0043	0.0406	0.065	0.0975	0.8672	0.0155	0.0198	Sapovirus Hu/Pune/NIV077926/2007/India (1899072)
1330993	0.68	0.386	0.897	0.0289	0.0741	0.8353	0.0289	0.0083	0.0041	0.0382	0.0851	0.0975	0.8672	0.0155	0.0198	Salivirus BOL/03-10653E (1330993)
2844304	0.66	0.4737	0.8841	0.0369	0.079	0.8706	0.0272	0.0087	0.0038	0.0215	0.0682	0.0738	0.8893	0.0158	0.0211	Betapaprhavirus frugiperda (2844304)
1523282	0.64	0.4594	0.897	0.0289	0.0741	0.841	0.0302	0.0085	0.0042	0.0399	0.0762	0.0975	0.8672	0.0155	0.0198	Human rhinovirus R55 (1523282)
10970	0.6362	0.3866	0.5619	0.1617	0.2764	0.0945	0.1648	0.109	0.0733	0.4798	0.0786	0.4829	0.1642	0.2998	0.0531	Rotavirus sp. (10970)
1076284	0.6336	0.6514	0.3326	0.1193	0.548	0.071	0.1623	0.1155	0.1209	0.3985	0.1318	0.2775	0.1176	0.5699	0.0351	Hantavirus XAHu09047 (1076284)
1884453	0.6275	0.6538	0.2176	0.0394	0.743	0.7015	0.0603	0.0219	0.0093	0.0527	0.1543	0.073	0.8708	0.0173	0.0389	Sunshinevirus reptilis (1884453)
1244522	0.6225	0.1693	0.1186	0.0661	0.8153	0.0618	0.1368	0.1099	0.1805	0.432	0.0788	0.3803	0.0837	0.4957	0.0404	CASV Hantavirus (1244522)
3052316	0.62	0.2791	0.8646	0.032	0.1034	0.8216	0.0323	0.009	0.0046	0.0322	0.1003	0.0464	0.9195	0.0143	0.0198	Mammarenavirus lunkense (3052316)
650036	0.61	0.2209	0.1878	0.1879	0.6243	0.0561	0.1266	0.0811	0.1137	0.537	0.0856	0.2584	0.1133	0.4411	0.1872	Hantavirus HMT 08-02 (650036)
1156749	0.605	0.4472	0.8745	0.0396	0.0858	0.8557	0.0267	0.0121	0.0043	0.036	0.0654	0.1306	0.8405	0.0143	0.0146	Enterovirus strain IGIB-NIV-02 (1156749)
37741	0.6025	0.2056	0.2328	0.1064	0.6608	0.0609	0.1471	0.1061	0.1236	0.4822	0.0802	0.3737	0.1385	0.3919	0.0959	Hantavirus sp. (37741)
1244525	0.6	0.1677	0.2796	0.1222	0.5982	0.0687	0.1348	0.1272	0.1019	0.467	0.1003	0.3288	0.0979	0.4804	0.0929	LANV-2 Hantavirus (1244525)
3052625	0.595	0.0335	0.561	0.0825	0.3566	0.3243	0.1229	0.0412	0.0346	0.3073	0.1697	0.1363	0.2864	0.1651	0.4123	Pestivirus suis (3052625)
1076281	0.58	0.4431	0.383	0.1621	0.4549	0.0845	0.1716	0.1206	0.1254	0.3354	0.1625	0.1924	0.0924	0.6994	0.0159	Hantavirus XAHu09011 (1076281)
1076282	0.58	0.4431	0.383	0.1621	0.4549	0.0845	0.1716	0.1206	0.1254	0.3354	0.1625	0.1924	0.0924	0.6994	0.0159	Hantavirus XAHu09027 (1076282)
1076283	0.58	0.4431	0.383	0.1621	0.4549	0.0845	0.1716	0.1206	0.1254	0.3354	0.1625	0.1924	0.0924	0.6994	0.0159	Hantavirus XAHu09041 (1076283)
1076285	0.58	0.4431	0.383	0.1621	0.4549	0.0845	0.1716	0.1206	0.1254	0.3354	0.1625	0.1924	0.0924	0.6994	0.0159	Hantavirus XAHu09066 (1076285)
497343	0.5716	0.5557	0.1991	0.2097	0.5912	0.0566	0.0954	0.0838	0.0605	0.4801	0.2237	0.5804	0.1778	0.1791	0.0627	Hantavirus Case 1 (497343)
3052404	0.5625	0.2911	0.1823	0.133	0.6848	0.6811	0.0707	0.0286	0.018	0.0692	0.1324	0.1114	0.6599	0.0497	0.179	Orthobunyavirus kaengkhoiense (3052404)
937784	0.5575	0.407	0.7635	0.08	0.1564	0.216	0.1598	0.098	0.0656	0.1625	0.2983	0.1539	0.4983	0.3308	0.017	Hantavirus strain H700306 (937784)
308159	0.55	0.8284	0.3477	0.1602	0.4921	0.1762	0.1173	0.1087	0.1308	0.3629	0.1039	0.1613	0.3945	0.109	0.3351	Araucaria virus (308159)
164250	0.55	0.4876	0.6229	0.0583	0.3188	0.5811	0.0799	0.0206	0.015	0.0933	0.2102	0.2405	0.487	0.1691	0.1034	Hantavirus Liu (164250)
1408279	0.55	0.1685	0.5291	0.1363	0.3346	0.3244	0.1476	0.044	0.0469	0.268	0.1691	0.0455	0.7454	0.0693	0.1398	Canine pneumovirus (1408279)
644610	0.54	0.4998	0.2486	0.1222	0.6292	0.5599	0.1029	0.0478	0.0228	0.1529	0.1138	0.071	0.5069	0.1489	0.2732	Nyavirus nyamaniniense (644610)
3052457	0.54	0.4543	0.0923	0.0943	0.8134	0.6766	0.0693	0.0384	0.0131	0.0452	0.1574	0.1086	0.8032	0.0416	0.0466	Orthoebolavirus bombaliense (3052457)
497344	0.54	0.3607	0.1926	0.1563	0.6511	0.0703	0.1138	0.0724	0.0526	0.4908	0.2001	0.5475	0.146	0.2674	0.0392	Hantavirus Case Itapua (497344)
286540	0.5341	0.4294	0.2965	0.1236	0.58	0.0739	0.1458	0.0855	0.1217	0.4495	0.1235	0.2693	0.1435	0.5227	0.0645	Soochong virus (286540)
641884	0.53	0.5512	0.3392	0.0696	0.5912	0.6147	0.047	0.0275	0.0175	0.1091	0.1842	0.1472	0.564	0.1973	0.0916	Hantavirus Human/HRP/02-72/BRA/2002 (641884)
1244521	0.53	0.235	0.077	0.0618	0.8612	0.0495	0.0988	0.0632	0.0928	0.6164	0.0793	0.2737	0.1947	0.4676	0.064	ANAJ Hantavirus (1244521)
430511	0.525	0.1848	0.5874	0.1533	0.2593	0.2755	0.1759	0.1023	0.0904	0.2158	0.1402	0.2352	0.5117	0.1621	0.091	Juquitiba virus (430511)
46920	0.5249	0.4143	0.1633	0.086	0.7507	0.0555	0.1311	0.1233	0.1203	0.4399	0.1299	0.5798	0.1134	0.2705	0.0363	Rio Mamore hantavirus (46920)
1906931	0.522	0.3816	0.5334	0.1348	0.3318	0.3738	0.2108	0.0191	0.0583	0.2379	0.1001	0.076	0.1543	0.0413	0.7284	Human rotavirus (1906931)
3052826	0.5165	0.7501	0.352	0.0441	0.6038	0.2552	0.2224	0.0587	0.0691	0.2232	0.1714	0.0748	0.2358	0.1544	0.535	Wenrivirus penaei (3052826)
1803961	0.5125	0.8475	0.3394	0.0325	0.6281	0.5405	0.0853	0.0263	0.0109	0.0469	0.2901	0.087	0.8528	0.0229	0.0374	Parechovirus 6 (1803961)
