vtaxid,Genome Type,Virulence,Transmissibility,Tissue Tropism,Transmission Route,virulence
1032690,ssRNA(+/-),low level,no human-to-human,gastrointestinal,faecal-oral,low level
1032691,ssRNA(+/-),low level,no human-to-human,gastrointestinal,faecal-oral,low level
104580,dsRNA,low level,sustained human-to-human,gastrointestinal,faecal-oral,low level
106966,ssRNA(+),low level,sustained human-to-human,gastrointestinal,faecal-oral,low level
1074213,ssRNA(+),low level,sustained human-to-human,gastrointestinal,faecal-oral,low level
1076281,ssRNA(-),high level,no human-to-human,viraemic,respiratory,low level
1076282,ssRNA(-),high level,no human-to-human,viraemic,respiratory,low level
1076283,ssRNA(-),high level,no human-to-human,viraemic,respiratory,low level
1076284,ssRNA(-),high level,no human-to-human,viraemic,respiratory,low level
1076285,ssRNA(-),high level,no human-to-human,viraemic,respiratory,low level
1095764,ssRNA(+),low level,sustained human-to-human,gastrointestinal,faecal-oral,low level
10970,dsRNA,high level,sustained human-to-human,viraemic,direct contact,low level
1105379,ssRNA(+),low level,sustained human-to-human,gastrointestinal,faecal-oral,low level
1112700,ssRNA(+),low level,sustained human-to-human,gastrointestinal,faecal-oral,low level
1141625,ssRNA(+),low level,sustained human-to-human,gastrointestinal,faecal-oral,low level
1156749,ssRNA(+),low level,sustained human-to-human,gastrointestinal,faecal-oral,low level
11665,ssRNA-RT,low level,sustained human-to-human,gastrointestinal,faecal-oral,low level
1181292,ssRNA(+),low level,sustained human-to-human,gastrointestinal,faecal-oral,low level
1186059,ssRNA(+),low level,sustained human-to-human,gastrointestinal,faecal-oral,low level
11901,ssRNA-RT,low level,sustained human-to-human,gastrointestinal,faecal-oral,low level
1194163,ssRNA(+),low level,sustained human-to-human,gastrointestinal,faecal-oral,low level
1194164,ssRNA(+),low level,sustained human-to-human,gastrointestinal,faecal-oral,low level
1203029,ssRNA(+),low level,sustained human-to-human,gastrointestinal,faecal-oral,low level
1221646,ssRNA(+),low level,sustained human-to-human,gastrointestinal,faecal-oral,low level
1222038,ssRNA(+),low level,sustained human-to-human,gastrointestinal,faecal-oral,low level
1222039,ssRNA(+),low level,sustained human-to-human,gastrointestinal,faecal-oral,low level
1222040,ssRNA(+),low level,sustained human-to-human,gastrointestinal,faecal-oral,low level
1222041,ssRNA(+),low level,sustained human-to-human,gastrointestinal,faecal-oral,low level
1222042,ssRNA(+),low level,sustained human-to-human,gastrointestinal,faecal-oral,low level
1222043,ssRNA(+),low level,sustained human-to-human,gastrointestinal,faecal-oral,low level
1222044,ssRNA(+),low level,sustained human-to-human,gastrointestinal,faecal-oral,low level
1222045,ssRNA(+),low level,sustained human-to-human,gastrointestinal,faecal-oral,low level
1222046,ssRNA(+),low level,sustained human-to-human,gastrointestinal,faecal-oral,low level
1222047,ssRNA(+),low level,sustained human-to-human,gastrointestinal,faecal-oral,low level
1222048,ssRNA(+),low level,sustained human-to-human,gastrointestinal,faecal-oral,low level
1222049,ssRNA(+),low level,sustained human-to-human,gastrointestinal,faecal-oral,low level
1222050,ssRNA(+),low level,sustained human-to-human,gastrointestinal,faecal-oral,low level
1222051,ssRNA(+),low level,sustained human-to-human,gastrointestinal,faecal-oral,low level
12286,ssRNA(+),low level,sustained human-to-human,gastrointestinal,faecal-oral,low level
1239438,ssRNA(+),low level,sustained human-to-human,gastrointestinal,faecal-oral,low level
1239439,ssRNA(+),low level,sustained human-to-human,gastrointestinal,faecal-oral,low level
1239567,ssRNA(+),high level,sustained human-to-human,gastrointestinal,faecal-oral,low level
1239568,ssRNA(+),low level,sustained human-to-human,gastrointestinal,faecal-oral,low level
1239569,ssRNA(+),low level,no human-to-human,gastrointestinal,faecal-oral,low level
1244521,ssRNA(-),high level,no human-to-human,viraemic,respiratory,low level
1244522,ssRNA(-),high level,no human-to-human,viraemic,respiratory,high level
1244525,ssRNA(-),high level,no human-to-human,viraemic,respiratory,low level
1254425,ssRNA(+),low level,sustained human-to-human,gastrointestinal,faecal-oral,low level
1285463,ssRNA(-),low level,sustained human-to-human,gastrointestinal,faecal-oral,low level
1293419,ssRNA(+),low level,sustained human-to-human,gastrointestinal,faecal-oral,low level
1293420,ssRNA(+),low level,sustained human-to-human,gastrointestinal,faecal-oral,low level
1312874,ssRNA(+),low level,sustained human-to-human,gastrointestinal,faecal-oral,low level
1329782,ssRNA(+),low level,sustained human-to-human,gastrointestinal,faecal-oral,low level
1330066,ssRNA(+),low level,sustained human-to-human,gastrointestinal,faecal-oral,low level
1330068,ssRNA(+),low level,sustained human-to-human,gastrointestinal,faecal-oral,low level
1330521,ssRNA(+),low level,sustained human-to-human,gastrointestinal,faecal-oral,low level
1330993,ssRNA(+),low level,sustained human-to-human,gastrointestinal,faecal-oral,low level
1402035,ssRNA(-),low level,sustained human-to-human,gastrointestinal,faecal-oral,low level
1408279,ssRNA(-),low level,sustained human-to-human,gastrointestinal,faecal-oral,low level
1417603,ssRNA(-),low level,sustained human-to-human,gastrointestinal,faecal-oral,low level
1417604,ssRNA(-),low level,sustained human-to-human,gastrointestinal,faecal-oral,low level
1417605,ssRNA(-),low level,sustained human-to-human,gastrointestinal,faecal-oral,low level
1417606,ssRNA(-),low level,sustained human-to-human,gastrointestinal,faecal-oral,low level
1417607,ssRNA(-),low level,sustained human-to-human,gastrointestinal,faecal-oral,low level
1417608,ssRNA(-),low level,sustained human-to-human,gastrointestinal,faecal-oral,low level
1417609,ssRNA(-),low level,sustained human-to-human,gastrointestinal,faecal-oral,low level
1417610,ssRNA(-),low level,sustained human-to-human,gastrointestinal,faecal-oral,low level
1417611,ssRNA(-),low level,sustained human-to-human,gastrointestinal,faecal-oral,low level
1417612,ssRNA(-),low level,sustained human-to-human,gastrointestinal,faecal-oral,low level
1417613,ssRNA(-),low level,sustained human-to-human,gastrointestinal,faecal-oral,low level
1417614,ssRNA(-),low level,sustained human-to-human,gastrointestinal,faecal-oral,low level
1417615,ssRNA(-),low level,sustained human-to-human,gastrointestinal,faecal-oral,low level
1417616,ssRNA(-),low level,sustained human-to-human,gastrointestinal,faecal-oral,low level
1417617,ssRNA(-),low level,sustained human-to-human,gastrointestinal,faecal-oral,low level
1417618,ssRNA(-),low level,sustained human-to-human,gastrointestinal,faecal-oral,low level
1417619,ssRNA(-),low level,sustained human-to-human,gastrointestinal,faecal-oral,low level
1428481,ssRNA(+),low level,sustained human-to-human,gastrointestinal,faecal-oral,low level
1432857,ssRNA(+),low level,sustained human-to-human,gastrointestinal,faecal-oral,low level
1437125,ssRNA,low level,sustained human-to-human,gastrointestinal,faecal-oral,low level
1521109,ssRNA(+),low level,sustained human-to-human,gastrointestinal,faecal-oral,low level
1523264,ssRNA(+),low level,sustained human-to-human,gastrointestinal,faecal-oral,low level
1523265,ssRNA(+),low level,sustained human-to-human,gastrointestinal,faecal-oral,low level
1523266,ssRNA(+),low level,sustained human-to-human,gastrointestinal,faecal-oral,low level
1523268,ssRNA(+),low level,sustained human-to-human,gastrointestinal,faecal-oral,low level
1523273,ssRNA(+),low level,sustained human-to-human,gastrointestinal,faecal-oral,low level
1523276,ssRNA(+),low level,sustained human-to-human,gastrointestinal,faecal-oral,low level
1523277,ssRNA(+),low level,sustained human-to-human,gastrointestinal,faecal-oral,low level
1523278,ssRNA(+),low level,sustained human-to-human,gastrointestinal,faecal-oral,low level
1523281,ssRNA(+),low level,sustained human-to-human,gastrointestinal,faecal-oral,low level
1523282,ssRNA(+),low level,sustained human-to-human,gastrointestinal,faecal-oral,low level
1523285,ssRNA(+),low level,sustained human-to-human,gastrointestinal,faecal-oral,low level
1523287,ssRNA(+),low level,sustained human-to-human,gastrointestinal,faecal-oral,low level
1523288,ssRNA(+),low level,sustained human-to-human,gastrointestinal,faecal-oral,low level
1523289,ssRNA(+),low level,sustained human-to-human,gastrointestinal,faecal-oral,low level
1525176,dsRNA,low level,sustained human-to-human,gastrointestinal,faecal-oral,low level
1525177,dsRNA,low level,sustained human-to-human,gastrointestinal,faecal-oral,low level
1525178,dsRNA,low level,sustained human-to-human,gastrointestinal,faecal-oral,low level
1525179,dsRNA,low level,sustained human-to-human,gastrointestinal,faecal-oral,low level
1530251,ssRNA(+),low level,sustained human-to-human,gastrointestinal,faecal-oral,low level
1569923,ssRNA(+),low level,sustained human-to-human,gastrointestinal,faecal-oral,low level
1602211,ssRNA(+),low level,sustained human-to-human,gastrointestinal,faecal-oral,low level
1608040,ssRNA(+/-),low level,sustained human-to-human,gastrointestinal,faecal-oral,low level
1609130,ssRNA(+),low level,sustained human-to-human,gastrointestinal,faecal-oral,low level
1609131,ssRNA(+),low level,sustained human-to-human,gastrointestinal,faecal-oral,low level
1615798,ssRNA(-),low level,sustained human-to-human,gastrointestinal,faecal-oral,low level
164250,ssRNA(-),low level,sustained human-to-human,gastrointestinal,faecal-oral,low level
1678146,ssRNA(+),low level,sustained human-to-human,gastrointestinal,faecal-oral,low level
1679172,dsRNA,low level,sustained human-to-human,gastrointestinal,faecal-oral,low level
1714360,ssRNA(+),low level,sustained human-to-human,gastrointestinal,faecal-oral,low level
1714361,ssRNA(+),low level,sustained human-to-human,gastrointestinal,faecal-oral,low level
178530,ssRNA(+),low level,sustained human-to-human,gastrointestinal,faecal-oral,low level
1803959,ssRNA(+),low level,sustained human-to-human,gastrointestinal,faecal-oral,low level
1803961,ssRNA(+),low level,no human-to-human,gastrointestinal,faecal-oral,low level
1884453,ssRNA(-),low level,no human-to-human,gastrointestinal,faecal-oral,low level
1899067,ssRNA(+),low level,sustained human-to-human,gastrointestinal,faecal-oral,low level
1899068,ssRNA(+),low level,sustained human-to-human,gastrointestinal,faecal-oral,low level
1899069,ssRNA(+),low level,sustained human-to-human,gastrointestinal,faecal-oral,low level
1899070,ssRNA(+),low level,sustained human-to-human,gastrointestinal,faecal-oral,low level
1899071,ssRNA(+),low level,sustained human-to-human,gastrointestinal,faecal-oral,low level
1899072,ssRNA(+),low level,sustained human-to-human,gastrointestinal,faecal-oral,low level
1899073,ssRNA(+),low level,sustained human-to-human,gastrointestinal,faecal-oral,low level
1899074,ssRNA(+),low level,sustained human-to-human,gastrointestinal,faecal-oral,low level
1899075,ssRNA(+),low level,sustained human-to-human,gastrointestinal,faecal-oral,low level
1899076,ssRNA(+),low level,sustained human-to-human,gastrointestinal,faecal-oral,low level
1899077,ssRNA(+),low level,sustained human-to-human,gastrointestinal,faecal-oral,low level
1899078,ssRNA(+),low level,sustained human-to-human,gastrointestinal,faecal-oral,low level
1899079,ssRNA(+),low level,sustained human-to-human,gastrointestinal,faecal-oral,low level
1899080,ssRNA(+),low level,sustained human-to-human,gastrointestinal,faecal-oral,low level
1899081,ssRNA(+),low level,sustained human-to-human,gastrointestinal,faecal-oral,low level
1899082,ssRNA(+),low level,sustained human-to-human,gastrointestinal,faecal-oral,low level
1899083,ssRNA(+),low level,sustained human-to-human,gastrointestinal,faecal-oral,low level
1899084,ssRNA(+),low level,sustained human-to-human,gastrointestinal,faecal-oral,low level
1899085,ssRNA(+),low level,sustained human-to-human,gastrointestinal,faecal-oral,low level
1899086,ssRNA(+),low level,sustained human-to-human,gastrointestinal,faecal-oral,low level
1906931,dsRNA,high level,sustained human-to-human,gastrointestinal,vector,low level
1907787,dsRNA,low level,sustained human-to-human,gastrointestinal,faecal-oral,low level
1912147,ssRNA(+),low level,sustained human-to-human,gastrointestinal,faecal-oral,low level
1914575,ssRNA(+),low level,sustained human-to-human,gastrointestinal,faecal-oral,low level
1914576,ssRNA(+),low level,sustained human-to-human,gastrointestinal,faecal-oral,low level
1933176,ssRNA(-),low level,sustained human-to-human,gastrointestinal,faecal-oral,low level
1933263,ssRNA(-),low level,sustained human-to-human,gastrointestinal,faecal-oral,low level
1972587,ssRNA(-),low level,sustained human-to-human,gastrointestinal,faecal-oral,low level
1986118,ssRNA(+),low level,sustained human-to-human,gastrointestinal,faecal-oral,low level
1987124,ssRNA(+),low level,sustained human-to-human,gastrointestinal,faecal-oral,low level
2044876,ssRNA(+),low level,sustained human-to-human,gastrointestinal,faecal-oral,low level
2053898,ssRNA(+),low level,sustained human-to-human,gastrointestinal,faecal-oral,low level
2094719,ssRNA(+),low level,sustained human-to-human,gastrointestinal,faecal-oral,low level
2169479,dsRNA,low level,sustained human-to-human,gastrointestinal,faecal-oral,low level
2219046,ssRNA(+),low level,sustained human-to-human,gastrointestinal,faecal-oral,low level
2219997,ssRNA(-),low level,sustained human-to-human,gastrointestinal,faecal-oral,low level
2269360,ssRNA(+),low level,sustained human-to-human,gastrointestinal,faecal-oral,low level
235406,ssRNA(+),low level,sustained human-to-human,gastrointestinal,faecal-oral,low level
2364099,ssRNA(-),low level,sustained human-to-human,gastrointestinal,faecal-oral,low level
2499678,ssRNA(+),low level,sustained human-to-human,gastrointestinal,faecal-oral,low level
2501947,ssRNA(+),low level,sustained human-to-human,gastrointestinal,faecal-oral,low level
2516502,ssRNA(+),low level,sustained human-to-human,gastrointestinal,faecal-oral,low level
2602438,ssRNA(+),low level,sustained human-to-human,gastrointestinal,faecal-oral,low level
2716315,ssRNA(+),low level,sustained human-to-human,gastrointestinal,faecal-oral,low level
2831046,ssRNA(+),low level,sustained human-to-human,gastrointestinal,faecal-oral,low level
2844304,ssRNA(-),low level,sustained human-to-human,gastrointestinal,faecal-oral,low level
286540,ssRNA(-),high level,no human-to-human,viraemic,respiratory,low level
2936928,dsRNA,low level,sustained human-to-human,gastrointestinal,faecal-oral,low level
295016,dsRNA,low level,sustained human-to-human,gastrointestinal,faecal-oral,low level
2994337,ssRNA(+),low level,sustained human-to-human,gastrointestinal,faecal-oral,low level
3047346,ssRNA(+),low level,sustained human-to-human,gastrointestinal,faecal-oral,low level
3047369,ssRNA(+),low level,sustained human-to-human,gastrointestinal,faecal-oral,low level
3047370,ssRNA(+),low level,sustained human-to-human,gastrointestinal,faecal-oral,low level
3047809,ssRNA(+),low level,sustained human-to-human,gastrointestinal,faecal-oral,low level
3047952,ssRNA(+),low level,sustained human-to-human,gastrointestinal,faecal-oral,low level
3048166,ssRNA(+),low level,sustained human-to-human,gastrointestinal,faecal-oral,low level
3048206,ssRNA(+),low level,sustained human-to-human,gastrointestinal,faecal-oral,low level
3048297,ssRNA(+),low level,sustained human-to-human,gastrointestinal,faecal-oral,low level
3048318,ssRNA(+),low level,sustained human-to-human,gastrointestinal,faecal-oral,low level
3048439,ssRNA(+),low level,sustained human-to-human,gastrointestinal,faecal-oral,low level
3050329,ssRNA(-),low level,sustained human-to-human,gastrointestinal,faecal-oral,low level
3052316,ssRNA(+/-),low level,sustained human-to-human,gastrointestinal,faecal-oral,low level
3052329,ssRNA(+/-),low level,sustained human-to-human,gastrointestinal,faecal-oral,low level
3052343,ssRNA(-),low level,sustained human-to-human,gastrointestinal,faecal-oral,low level
3052370,ssRNA(-),low level,sustained human-to-human,gastrointestinal,faecal-oral,low level
3052380,ssRNA(-),low level,sustained human-to-human,gastrointestinal,faecal-oral,low level
3052393,ssRNA(-),low level,sustained human-to-human,gastrointestinal,faecal-oral,low level
3052394,ssRNA(-),low level,sustained human-to-human,gastrointestinal,faecal-oral,low level
3052400,ssRNA(-),low level,sustained human-to-human,gastrointestinal,faecal-oral,low level
3052404,ssRNA(-),low level,no human-to-human,gastrointestinal,faecal-oral,low level
3052421,ssRNA(-),low level,sustained human-to-human,gastrointestinal,faecal-oral,low level
3052424,ssRNA(-),low level,sustained human-to-human,gastrointestinal,faecal-oral,low level
3052441,ssRNA(-),low level,sustained human-to-human,gastrointestinal,faecal-oral,low level
3052445,ssRNA(-),low level,no human-to-human,gastrointestinal,faecal-oral,low level
3052457,ssRNA(-),low level,no human-to-human,gastrointestinal,faecal-oral,low level
3052467,ssRNA(+),low level,sustained human-to-human,gastrointestinal,faecal-oral,low level
3052492,ssRNA(-),low level,sustained human-to-human,gastrointestinal,faecal-oral,low level
3052509,ssRNA(-),low level,sustained human-to-human,gastrointestinal,faecal-oral,low level
3052521,ssRNA(-),low level,sustained human-to-human,gastrointestinal,faecal-oral,low level
3052538,ssRNA(-),low level,sustained human-to-human,gastrointestinal,faecal-oral,low level
3052616,ssRNA(+),low level,sustained human-to-human,gastrointestinal,faecal-oral,low level
3052618,ssRNA(+),low level,sustained human-to-human,gastrointestinal,faecal-oral,low level
3052620,ssRNA(+),low level,sustained human-to-human,gastrointestinal,faecal-oral,low level
3052621,ssRNA(+),low level,sustained human-to-human,gastrointestinal,faecal-oral,low level
3052625,ssRNA(+),low level,sustained human-to-human,gastrointestinal,vector,low level
3052626,ssRNA(+),low level,sustained human-to-human,gastrointestinal,faecal-oral,low level
3052637,ssRNA(+/-),low level,sustained human-to-human,gastrointestinal,faecal-oral,low level
3052661,ssRNA(+/-),low level,sustained human-to-human,gastrointestinal,faecal-oral,high level
3052809,ssRNA(+/-),low level,sustained human-to-human,gastrointestinal,faecal-oral,low level
3052826,ssRNA(-),low level,no human-to-human,gastrointestinal,vector,low level
3060496,ssRNA(-),low level,sustained human-to-human,gastrointestinal,faecal-oral,low level
3060507,ssRNA(+),low level,sustained human-to-human,gastrointestinal,faecal-oral,low level
308159,ssRNA(-),high level,no human-to-human,viraemic,faecal-oral,low level
3158245,ssRNA(+),low level,sustained human-to-human,gastrointestinal,faecal-oral,low level
336959,ssRNA(+),low level,sustained human-to-human,gastrointestinal,faecal-oral,low level
348136,dsRNA,low level,sustained human-to-human,gastrointestinal,faecal-oral,low level
37741,ssRNA(-),high level,no human-to-human,viraemic,direct contact,high level
38016,ssRNA(-),low level,sustained human-to-human,gastrointestinal,faecal-oral,low level
384335,ssRNA(+),low level,sustained human-to-human,gastrointestinal,faecal-oral,low level
390157,ssRNA(+),low level,sustained human-to-human,gastrointestinal,faecal-oral,low level
405554,ssRNA(+),low level,sustained human-to-human,gastrointestinal,faecal-oral,low level
430511,ssRNA(-),high level,sustained human-to-human,gastrointestinal,faecal-oral,low level
430911,ssRNA(+),low level,sustained human-to-human,gastrointestinal,faecal-oral,low level
433731,ssRNA(+),low level,sustained human-to-human,gastrointestinal,faecal-oral,low level
433732,ssRNA(+),low level,sustained human-to-human,gastrointestinal,faecal-oral,low level
46920,ssRNA(-),high level,no human-to-human,viraemic,direct contact,low level
47681,ssRNA(+),low level,sustained human-to-human,gastrointestinal,faecal-oral,low level
481494,ssRNA(+),low level,sustained human-to-human,gastrointestinal,faecal-oral,low level
481495,ssRNA(+),low level,sustained human-to-human,gastrointestinal,faecal-oral,low level
481497,ssRNA(+),low level,sustained human-to-human,gastrointestinal,faecal-oral,low level
481503,ssRNA(+),low level,sustained human-to-human,gastrointestinal,faecal-oral,low level
481504,ssRNA(+),low level,sustained human-to-human,gastrointestinal,faecal-oral,low level
481510,ssRNA(+),low level,sustained human-to-human,gastrointestinal,faecal-oral,low level
481513,ssRNA(+),low level,sustained human-to-human,gastrointestinal,faecal-oral,low level
496406,ssRNA(-),low level,sustained human-to-human,gastrointestinal,faecal-oral,low level
496407,ssRNA(-),low level,sustained human-to-human,gastrointestinal,faecal-oral,low level
496408,ssRNA(-),low level,sustained human-to-human,gastrointestinal,faecal-oral,low level
496409,ssRNA(-),low level,sustained human-to-human,gastrointestinal,faecal-oral,low level
497343,ssRNA(-),high level,no human-to-human,viraemic,direct contact,low level
497344,ssRNA(-),high level,no human-to-human,viraemic,direct contact,low level
497915,ssRNA(-),low level,sustained human-to-human,gastrointestinal,faecal-oral,low level
537513,ssRNA(+),low level,sustained human-to-human,gastrointestinal,faecal-oral,low level
537514,ssRNA(+),low level,sustained human-to-human,gastrointestinal,faecal-oral,low level
537516,ssRNA(+),low level,sustained human-to-human,gastrointestinal,faecal-oral,low level
537517,ssRNA(+),low level,sustained human-to-human,gastrointestinal,faecal-oral,low level
537524,ssRNA(+),low level,sustained human-to-human,gastrointestinal,faecal-oral,low level
537526,ssRNA(+),low level,sustained human-to-human,gastrointestinal,faecal-oral,low level
537528,ssRNA(+),low level,sustained human-to-human,gastrointestinal,faecal-oral,low level
537530,ssRNA(+),low level,sustained human-to-human,gastrointestinal,faecal-oral,low level
537531,ssRNA(+),low level,sustained human-to-human,gastrointestinal,faecal-oral,low level
537534,ssRNA(+),low level,sustained human-to-human,gastrointestinal,faecal-oral,low level
537535,ssRNA(+),low level,sustained human-to-human,gastrointestinal,faecal-oral,low level
537539,ssRNA(+),low level,no human-to-human,gastrointestinal,faecal-oral,low level
537543,ssRNA(+),low level,sustained human-to-human,gastrointestinal,faecal-oral,low level
537547,ssRNA(+),low level,sustained human-to-human,gastrointestinal,faecal-oral,low level
537550,ssRNA(+),low level,sustained human-to-human,gastrointestinal,faecal-oral,low level
537551,ssRNA(+),low level,sustained human-to-human,gastrointestinal,faecal-oral,low level
537552,ssRNA(+),low level,sustained human-to-human,gastrointestinal,faecal-oral,low level
537553,ssRNA(+),low level,sustained human-to-human,gastrointestinal,faecal-oral,low level
537555,ssRNA(+),low level,sustained human-to-human,gastrointestinal,faecal-oral,low level
537557,ssRNA(+),low level,sustained human-to-human,gastrointestinal,faecal-oral,low level
537558,ssRNA(+),low level,sustained human-to-human,gastrointestinal,faecal-oral,low level
537559,ssRNA(+),low level,sustained human-to-human,gastrointestinal,faecal-oral,low level
537560,ssRNA(+),low level,sustained human-to-human,gastrointestinal,faecal-oral,low level
537561,ssRNA(+),low level,sustained human-to-human,gastrointestinal,faecal-oral,low level
537563,ssRNA(+),low level,sustained human-to-human,gastrointestinal,faecal-oral,low level
537565,ssRNA(+),low level,no human-to-human,gastrointestinal,faecal-oral,low level
537566,ssRNA(+),low level,sustained human-to-human,gastrointestinal,faecal-oral,low level
537570,ssRNA(+),low level,sustained human-to-human,gastrointestinal,faecal-oral,low level
537573,ssRNA(+),low level,sustained human-to-human,gastrointestinal,faecal-oral,low level
537574,ssRNA(+),low level,sustained human-to-human,gastrointestinal,faecal-oral,low level
537577,ssRNA(+),low level,sustained human-to-human,gastrointestinal,faecal-oral,low level
537578,ssRNA(+),low level,sustained human-to-human,gastrointestinal,faecal-oral,low level
537584,ssRNA(+),low level,sustained human-to-human,gastrointestinal,faecal-oral,low level
537587,ssRNA(+),low level,sustained human-to-human,gastrointestinal,faecal-oral,low level
537588,ssRNA(+),low level,sustained human-to-human,gastrointestinal,faecal-oral,low level
537589,ssRNA(+),low level,sustained human-to-human,gastrointestinal,faecal-oral,low level
537591,ssRNA(+),low level,sustained human-to-human,gastrointestinal,faecal-oral,low level
546676,ssRNA(+),low level,sustained human-to-human,gastrointestinal,faecal-oral,low level
546677,ssRNA(+),high level,sustained human-to-human,gastrointestinal,faecal-oral,low level
546678,ssRNA(+),high level,sustained human-to-human,gastrointestinal,faecal-oral,low level
546679,ssRNA(+),high level,sustained human-to-human,gastrointestinal,faecal-oral,low level
546680,ssRNA(+),low level,sustained human-to-human,gastrointestinal,faecal-oral,low level
546681,ssRNA(+),low level,sustained human-to-human,gastrointestinal,faecal-oral,low level
546682,ssRNA(+),low level,sustained human-to-human,gastrointestinal,faecal-oral,low level
546683,ssRNA(+),low level,sustained human-to-human,gastrointestinal,faecal-oral,low level
546685,ssRNA(+),high level,sustained human-to-human,gastrointestinal,faecal-oral,low level
546687,ssRNA(+),high level,sustained human-to-human,gastrointestinal,faecal-oral,low level
546688,ssRNA(+),low level,sustained human-to-human,gastrointestinal,faecal-oral,low level
546689,ssRNA(+),low level,sustained human-to-human,gastrointestinal,faecal-oral,low level
546691,ssRNA(+),low level,sustained human-to-human,gastrointestinal,faecal-oral,low level
546692,ssRNA(+),low level,sustained human-to-human,gastrointestinal,faecal-oral,low level
546693,ssRNA(+),low level,sustained human-to-human,gastrointestinal,faecal-oral,low level
546694,ssRNA(+),low level,sustained human-to-human,gastrointestinal,faecal-oral,low level
546696,ssRNA(+),low level,sustained human-to-human,gastrointestinal,faecal-oral,low level
546697,ssRNA(+),low level,sustained human-to-human,gastrointestinal,faecal-oral,low level
546698,ssRNA(+),low level,sustained human-to-human,gastrointestinal,faecal-oral,low level
546699,ssRNA(+),high level,sustained human-to-human,gastrointestinal,faecal-oral,low level
546700,ssRNA(+),low level,sustained human-to-human,gastrointestinal,faecal-oral,low level
546701,ssRNA(+),low level,sustained human-to-human,gastrointestinal,faecal-oral,low level
546702,ssRNA(+),low level,sustained human-to-human,gastrointestinal,faecal-oral,low level
546703,ssRNA(+),high level,sustained human-to-human,gastrointestinal,faecal-oral,low level
546709,ssRNA(+),high level,sustained human-to-human,gastrointestinal,faecal-oral,low level
546710,ssRNA(+),high level,sustained human-to-human,gastrointestinal,faecal-oral,low level
546711,ssRNA(+),low level,sustained human-to-human,gastrointestinal,faecal-oral,low level
546714,ssRNA(+),low level,sustained human-to-human,gastrointestinal,faecal-oral,low level
546715,ssRNA(+),low level,sustained human-to-human,gastrointestinal,faecal-oral,low level
546721,ssRNA(+),high level,sustained human-to-human,gastrointestinal,faecal-oral,low level
546722,ssRNA(+),low level,sustained human-to-human,gastrointestinal,faecal-oral,low level
546723,ssRNA(+),high level,sustained human-to-human,gastrointestinal,faecal-oral,low level
546725,ssRNA(+),high level,sustained human-to-human,gastrointestinal,faecal-oral,low level
546726,ssRNA(+),low level,sustained human-to-human,gastrointestinal,faecal-oral,low level
546727,ssRNA(+),low level,sustained human-to-human,gastrointestinal,faecal-oral,low level
546728,ssRNA(+),low level,sustained human-to-human,gastrointestinal,faecal-oral,low level
546729,ssRNA(+),high level,sustained human-to-human,gastrointestinal,faecal-oral,low level
56094,dsRNA,low level,sustained human-to-human,gastrointestinal,faecal-oral,low level
57667,ssRNA-RT,low level,sustained human-to-human,gastrointestinal,faecal-oral,low level
586421,ssRNA(+),low level,sustained human-to-human,gastrointestinal,faecal-oral,low level
611726,ssRNA(+),low level,sustained human-to-human,gastrointestinal,faecal-oral,low level
611728,ssRNA(+),low level,sustained human-to-human,gastrointestinal,faecal-oral,low level
611730,ssRNA(+),low level,sustained human-to-human,gastrointestinal,faecal-oral,low level
611734,ssRNA(+),low level,sustained human-to-human,gastrointestinal,faecal-oral,low level
611737,ssRNA(+),low level,sustained human-to-human,gastrointestinal,faecal-oral,low level
611738,ssRNA(+),low level,sustained human-to-human,gastrointestinal,faecal-oral,low level
611739,ssRNA(+),low level,sustained human-to-human,gastrointestinal,faecal-oral,low level
611740,ssRNA(+),low level,sustained human-to-human,gastrointestinal,faecal-oral,low level
611741,ssRNA(+),low level,sustained human-to-human,gastrointestinal,faecal-oral,low level
611757,ssRNA(+),low level,sustained human-to-human,gastrointestinal,faecal-oral,low level
611758,ssRNA(+),low level,sustained human-to-human,gastrointestinal,faecal-oral,low level
611759,ssRNA(+),low level,sustained human-to-human,gastrointestinal,faecal-oral,low level
611761,ssRNA(+),low level,sustained human-to-human,gastrointestinal,faecal-oral,low level
611762,ssRNA(+),low level,sustained human-to-human,gastrointestinal,faecal-oral,low level
611763,ssRNA(+),low level,sustained human-to-human,gastrointestinal,faecal-oral,low level
611764,ssRNA(+),low level,sustained human-to-human,gastrointestinal,faecal-oral,low level
630716,ssRNA(+),low level,sustained human-to-human,gastrointestinal,faecal-oral,low level
630718,ssRNA(+),low level,sustained human-to-human,gastrointestinal,faecal-oral,low level
631345,ssRNA(+),low level,sustained human-to-human,gastrointestinal,faecal-oral,low level
641884,ssRNA(-),low level,no human-to-human,gastrointestinal,faecal-oral,low level
64318,ssRNA(+),low level,sustained human-to-human,gastrointestinal,faecal-oral,low level
644610,ssRNA(-),low level,no human-to-human,gastrointestinal,faecal-oral,low level
646294,ssRNA(+),low level,sustained human-to-human,gastrointestinal,faecal-oral,low level
647367,ssRNA(+),low level,sustained human-to-human,gastrointestinal,faecal-oral,low level
647369,ssRNA(+),low level,sustained human-to-human,gastrointestinal,faecal-oral,low level
647372,ssRNA(+),low level,sustained human-to-human,gastrointestinal,faecal-oral,low level
647374,ssRNA(+),low level,sustained human-to-human,gastrointestinal,faecal-oral,low level
650036,ssRNA(-),high level,no human-to-human,viraemic,respiratory,high level
658667,ssRNA(+),low level,sustained human-to-human,gastrointestinal,faecal-oral,low level
659265,ssRNA(+),low level,sustained human-to-human,gastrointestinal,faecal-oral,low level
682383,ssRNA(+),low level,sustained human-to-human,gastrointestinal,faecal-oral,low level
682384,ssRNA(+),low level,sustained human-to-human,gastrointestinal,faecal-oral,low level
688450,ssRNA(+),low level,sustained human-to-human,gastrointestinal,faecal-oral,low level
688451,ssRNA(+),low level,sustained human-to-human,gastrointestinal,faecal-oral,low level
688452,ssRNA(+),low level,sustained human-to-human,gastrointestinal,faecal-oral,low level
688453,ssRNA(+),low level,sustained human-to-human,gastrointestinal,faecal-oral,low level
688454,ssRNA(+),low level,sustained human-to-human,gastrointestinal,faecal-oral,low level
688456,ssRNA(+),low level,sustained human-to-human,gastrointestinal,faecal-oral,low level
688457,ssRNA(+),low level,sustained human-to-human,gastrointestinal,faecal-oral,low level
688459,ssRNA(+),low level,sustained human-to-human,gastrointestinal,faecal-oral,low level
688461,ssRNA(+),low level,sustained human-to-human,gastrointestinal,faecal-oral,low level
688462,ssRNA(+),low level,sustained human-to-human,gastrointestinal,faecal-oral,low level
688463,ssRNA(+),low level,sustained human-to-human,gastrointestinal,faecal-oral,low level
688464,ssRNA(+),low level,sustained human-to-human,gastrointestinal,faecal-oral,low level
688466,ssRNA(+),low level,sustained human-to-human,gastrointestinal,faecal-oral,low level
694015,ssRNA(+),low level,sustained human-to-human,gastrointestinal,faecal-oral,low level
741955,ssRNA(+),low level,sustained human-to-human,gastrointestinal,faecal-oral,low level
741956,ssRNA(+),low level,sustained human-to-human,gastrointestinal,faecal-oral,low level
741957,ssRNA(+),low level,sustained human-to-human,gastrointestinal,faecal-oral,low level
741958,ssRNA(+),low level,sustained human-to-human,gastrointestinal,faecal-oral,low level
741959,ssRNA(+),low level,sustained human-to-human,gastrointestinal,faecal-oral,low level
741960,ssRNA(+),low level,sustained human-to-human,gastrointestinal,faecal-oral,low level
764239,ssRNA(+),low level,sustained human-to-human,gastrointestinal,faecal-oral,low level
764243,ssRNA(+),low level,sustained human-to-human,gastrointestinal,faecal-oral,low level
764252,ssRNA(+),low level,sustained human-to-human,gastrointestinal,faecal-oral,low level
764266,ssRNA(+),low level,sustained human-to-human,gastrointestinal,faecal-oral,low level
764267,ssRNA(+),low level,sustained human-to-human,gastrointestinal,faecal-oral,low level
764268,ssRNA(+),low level,sustained human-to-human,gastrointestinal,faecal-oral,low level
858567,ssRNA(+),low level,sustained human-to-human,gastrointestinal,faecal-oral,low level
858568,ssRNA(+),low level,sustained human-to-human,gastrointestinal,faecal-oral,low level
858571,ssRNA(+),low level,sustained human-to-human,gastrointestinal,faecal-oral,low level
858573,ssRNA(+),low level,sustained human-to-human,gastrointestinal,faecal-oral,low level
862167,dsRNA,low level,sustained human-to-human,gastrointestinal,faecal-oral,low level
862168,dsRNA,low level,sustained human-to-human,gastrointestinal,faecal-oral,low level
862169,dsRNA,low level,sustained human-to-human,gastrointestinal,faecal-oral,low level
862170,dsRNA,low level,sustained human-to-human,gastrointestinal,faecal-oral,low level
862171,dsRNA,low level,sustained human-to-human,gastrointestinal,faecal-oral,low level
862172,dsRNA,low level,sustained human-to-human,gastrointestinal,faecal-oral,low level
862173,dsRNA,low level,sustained human-to-human,gastrointestinal,faecal-oral,low level
862174,dsRNA,low level,sustained human-to-human,gastrointestinal,faecal-oral,low level
862175,dsRNA,low level,sustained human-to-human,gastrointestinal,faecal-oral,low level
862176,dsRNA,low level,sustained human-to-human,gastrointestinal,faecal-oral,low level
862177,dsRNA,low level,sustained human-to-human,gastrointestinal,faecal-oral,low level
862178,dsRNA,low level,sustained human-to-human,gastrointestinal,faecal-oral,low level
862179,dsRNA,low level,sustained human-to-human,gastrointestinal,faecal-oral,low level
862180,dsRNA,low level,sustained human-to-human,gastrointestinal,faecal-oral,low level
862181,dsRNA,low level,sustained human-to-human,gastrointestinal,faecal-oral,low level
862182,dsRNA,low level,sustained human-to-human,gastrointestinal,faecal-oral,low level
862183,dsRNA,low level,sustained human-to-human,gastrointestinal,faecal-oral,low level
864560,ssRNA(+),low level,sustained human-to-human,gastrointestinal,faecal-oral,low level
864623,dsRNA,low level,sustained human-to-human,gastrointestinal,faecal-oral,low level
864624,dsRNA,low level,sustained human-to-human,gastrointestinal,faecal-oral,low level
871260,ssRNA(+),low level,sustained human-to-human,gastrointestinal,faecal-oral,low level
934413,ssRNA(-),low level,sustained human-to-human,gastrointestinal,faecal-oral,low level
937784,ssRNA(-),high level,sustained human-to-human,other,respiratory,low level
941285,ssRNA(+),low level,sustained human-to-human,gastrointestinal,faecal-oral,low level
941292,ssRNA(+),low level,sustained human-to-human,gastrointestinal,faecal-oral,low level
941293,ssRNA(+),low level,sustained human-to-human,gastrointestinal,faecal-oral,low level
941305,ssRNA(+),low level,sustained human-to-human,gastrointestinal,faecal-oral,low level
941317,ssRNA(+),low level,sustained human-to-human,gastrointestinal,faecal-oral,low level
999535,ssRNA(+/-),low level,sustained human-to-human,gastrointestinal,faecal-oral,low level
