A,C,D,E,F,G,H,I,K,L,M,N,P,Q,R,S,T,U,V,W,X,Y
0.08159613345022113,0.014825141815099247,0.009779056127876924,0.1679521423348712,0.018378019748569285,0.034551831147517295,0.013846000078987437,0.01723824093699149,0.03575191535866961,0.053767116534256525,0.0068060829841578505,0.22536066931239482,0.09665010855015506,0.021762370006482127,0.04554043187866646,0.010162567047020827,0.0533928759932114,0.0,0.029913047023840456,0.04350810403851198,0.0,0.01921814563249889
0.0884618445403428,0.014903116695907501,0.011163348730394186,0.06081584568658228,0.007286380767690581,0.06330211888952113,0.026486708174615764,0.021382909038150082,0.03183851659129008,0.07957663711248462,0.03716266080927058,0.06304965710683004,0.22615172524607005,0.010020352860265144,0.08542496015357695,0.021796794324348945,0.047652598508218076,0.0,0.043804932182271494,0.040990626775696995,0.0,0.018728265806472834
0.05970126858747257,0.015113191466959407,0.004756349206349205,0.1584268877057294,0.015944112014821876,0.039128262896629684,0.02906626908412317,0.044843002191293654,0.02340613832033787,0.028350651475369516,0.031943433047235945,0.10464576191517203,0.08679228913764613,0.02762026026306611,0.0704164949102033,0.03016214416287908,0.11072429868760994,0.0,0.07116687000912361,0.03231846279428182,0.0,0.015473852123695475
0.11777184570919315,0.011442847694633407,0.03197117356600624,0.09714214663953775,0.022988539224834,0.08859187276641156,0.019125882056587978,0.01759368683145773,0.025701848584050654,0.038959512064727544,0.06640699377377011,0.06913752174306487,0.12350851600836313,0.009691704206048892,0.046787683012244424,0.022515569393626672,0.09122843827450772,0.0,0.04606543704049048,0.024555381526170636,0.0,0.02881339988427309
0.05486481679327765,0.015404844615499931,0.015494595118749253,0.09990620412034631,0.01980848541569738,0.07957375812460835,0.01850189272984194,0.03133373903554725,0.02284736864442747,0.030520438607998416,0.02751412069457413,0.11991961905295763,0.13826302321043968,0.01030282098346585,0.030521257251523375,0.016805749458874465,0.18133497397995396,0.0,0.04869623723608205,0.035716412068992044,0.0,0.002669642857142858
0.07235649505150278,0.011415352130461702,0.020658732653082493,0.09077090981645242,0.012872571817026472,0.08355430197951944,0.004956098272642392,0.060999066870235596,0.01817919401420699,0.04690638151530712,0.032966403149953936,0.1281640112420123,0.0928995120266921,0.012578944886478429,0.028385238289450103,0.016961677797188306,0.16269417129097286,0.0,0.03017547432904139,0.0429253310418725,0.0,0.029580131825900656
0.07301602232682437,0.01129876230485106,0.005371148459383754,0.1736014293646342,0.01811186691019405,0.051900509474567785,0.02083715819136172,0.026492858148043908,0.02008200279086895,0.04878006705074374,0.03644380395588148,0.10011942520676827,0.08993809705798228,0.02019006396626783,0.03119979542233339,0.03237601976551741,0.15595342546444196,0.0,0.034342046466618925,0.038201580852043684,0.0,0.011743916820671205
0.17034693067462675,0.012992374727668845,0.016439385802167757,0.06582805414208923,0.0016049382716049382,0.06774909207840962,0.0163767942583732,0.017838202966814935,0.05582283051560546,0.06018492013552604,0.024961008495193223,0.08404430745362118,0.14271415585068445,0.011696738628111176,0.04539557275768408,0.016561801674417776,0.1466539729140853,0.0,0.024411738328767318,0.011803872053872053,0.0,0.006573308270676692
0.09602757866587783,0.006540788524341154,0.017669445432406682,0.13293049451173342,0.022875429386094635,0.03335814756763564,0.026864897320510537,0.010267629551820725,0.016044970936606964,0.06842566808444092,0.04286751606870356,0.1568580063685852,0.13132143844285435,0.04039899746924148,0.016382861916696502,0.02665359686571332,0.0943586040526127,0.0,0.030492169692615652,0.025660196641508613,0.0,0.0040015625
0.11448101560312234,0.006015840220385676,0.007678332736603412,0.06124543925020107,0.013706873197953067,0.08075477376358833,0.01709372123118253,0.017761492138943118,0.019970964373699152,0.027041871768200457,0.023110125407597028,0.15413501943839736,0.08722088420695233,0.005085137085137085,0.09106856650156075,0.007569336219336218,0.1772366421612714,0.0,0.058226428755558855,0.016725737708346407,0.0,0.01387179823196335
0.10746828827301749,0.012773321263646342,0.011160636849104342,0.13104263543092232,0.0028888888888888888,0.15487241028554646,0.006927689594356261,0.036034706136014935,0.030537200305697634,0.025184255104163573,0.007159420289855072,0.07421330656094195,0.10347562878482569,0.010640907204632693,0.013394110275689224,0.008650252525252524,0.08498371345625831,0.0,0.11819311102076842,0.0385137427067481,0.0,0.02188577504366978
0.06337278879975841,0.006622302137229161,0.027511923894579984,0.044656739841447024,0.003839069971422913,0.04578768101288413,0.02301768071396554,0.02377505241862827,0.0201712950677347,0.14718251588900041,0.057355353580461316,0.13150631277273525,0.06069174039099955,0.007384660710819859,0.03963757933444994,0.00912419923156143,0.17582867489842788,0.0,0.0781839878295816,0.026678462208429843,0.0,0.007671979295882803
0.15917267790256134,0.009700027407121227,0.023673199133454555,0.1351273414064358,0.01806072306481072,0.0517103703573992,0.014147182291310994,0.047419503202103475,0.018379085350248552,0.045860056905282304,0.08953337408369975,0.09443959262420798,0.08356893952856263,0.01091284099365424,0.026445948076200175,0.008723870542368995,0.08413083974469215,0.0,0.03096112106012037,0.028446491293699413,0.0,0.019586815032066135
0.055481678206458905,0.01866800821870481,0.026775370847550817,0.06800543420097084,0.020710138999778537,0.12822543199452385,0.01557641740673725,0.04708466859835737,0.05361837215836185,0.029121061858616164,0.0104663800116006,0.17133551543811606,0.10243867652692269,0.010467709506409198,0.04684655385058508,0.022512855765225423,0.08856914695768361,0.0,0.039238855893157405,0.025732968590025367,0.0,0.01912475497021421
0.11474187349935545,0.016224193381056122,0.011450593699018068,0.04456621641435238,0.0016802721088435377,0.07343706726709823,0.006332748538011694,0.10161641323195944,0.05154476888043894,0.02955753767837101,0.020946561230307355,0.16066547821541766,0.08878962050807425,0.005544117647058825,0.09215501619751215,0.004976076555023923,0.13306665907014942,0.0,0.026520669990484233,0.004313271604938272,0.0,0.011870844282529065
0.04404639680971202,0.005134259259259259,0.026989379163721273,0.08848968964630323,0.012791783692650955,0.06895720992570727,0.015267732350781885,0.022640488118368725,0.005437101375637977,0.046899911415922035,0.024921333590586695,0.17950275172414912,0.10352627277120316,0.021126424210034894,0.027861749304864285,0.014863229322659148,0.21226468413302083,0.0,0.020350078901842508,0.03739183138078908,0.0,0.021537692902785784
0.05885489323576253,0.005807664586302356,0.021197897931102258,0.05424400364163312,0.02531649715193152,0.03716438968045918,0.021919588648100615,0.037330478801528004,0.03229320937705225,0.08847590946167996,0.08626990479327434,0.058249456213444295,0.13198074454336411,0.008032778954218583,0.04949654605562802,0.026055238969037015,0.12281404181998863,0.0,0.08847036079073294,0.008386210624600713,0.0,0.03764018472015938
0.12124730575477613,0.014814789754285554,0.023356250102380127,0.11081087291148978,0.007580231107382586,0.023952112701036088,0.010851615570913816,0.04942863781511588,0.013126416096741728,0.013169699863416436,0.08428284509486585,0.10238979614125866,0.05002623333579399,0.05033220604224482,0.024413452414458605,0.008504014939309055,0.1554231808512879,0.0,0.09481334468617728,0.013150769079561647,0.0,0.02832622573750393
0.08195041951318509,0.027166022798451296,0.0127295116587063,0.05712375498743673,0.01215016742564472,0.020234799396676974,0.031241392982853264,0.039920105770466965,0.024039423361937366,0.03629857229197722,0.02506784451003895,0.1061784479435627,0.15205132527591217,0.010832968682006243,0.02839271205558246,0.014679326106217784,0.15473278641538524,0.0,0.09193329829960145,0.030811174092621275,0.0,0.0424659464317359
0.07910828300284718,0.013505859515855782,0.03295650589260019,0.08906799788206968,0.018615843373114987,0.03782752174676303,0.036232242959650635,0.015255377376894405,0.03478775814840378,0.0691706512334837,0.06573004695805253,0.12062015301143918,0.07815509520792548,0.012017147572382586,0.05007645836777029,0.021524917291760034,0.13760749062744468,0.0,0.045632749173378125,0.02673306259682679,0.0,0.015374838061336915
0.10267974086474949,0.01521902026803988,0.004701847787169786,0.10553264067562522,0.0014268440709617192,0.0235862805962672,0.014954897464922528,0.03417426718162012,0.05967364774857312,0.05587741038444363,0.006886435786435787,0.15054942304528438,0.147766941135045,0.009975827249282625,0.06514180864696541,0.022436294842733497,0.05177751472598608,0.0,0.0890308572246547,0.011945749564127715,0.0,0.026662550737112142
0.07956690349889273,0.01876032058756517,0.026491950592000504,0.06684464554698848,0.017216732714262384,0.07146764639344391,0.01289685151286086,0.018476602532351963,0.026839029894616978,0.04387367223825558,0.03482219362891354,0.18396749597582676,0.08538579910566034,0.018919664214873008,0.014810758039703562,0.015424228415414631,0.14920833209151868,0.0,0.0640898838875717,0.03656948938777177,0.0,0.01436779974150745
0.10914842890738649,0.026054727675388616,0.01683162775122454,0.13207839564016266,0.02310307030030652,0.05975840528845249,0.030639499152883786,0.029990040684003537,0.014462674250986945,0.04423112290120188,0.021914892865011852,0.15738713621146572,0.05848339463769459,0.01247121228874325,0.06259452655951625,0.018640284774196766,0.057443891959391064,0.0,0.08451740285428368,0.02145572860249683,0.0,0.018793536695202624
0.08299987505448608,0.0071816239316239315,0.011129906614426739,0.10015996113490583,0.007130680049797698,0.10190904581341964,0.014308020050125311,0.03749033213998612,0.0478449707864716,0.05016864205599978,0.03456518915381145,0.12358165645843662,0.09991211868408538,0.02821821758790812,0.07649734936271906,0.013343466679601132,0.09403151455997474,0.0,0.020563654944089727,0.023631321382546106,0.0,0.02533245355558491
0.07969011498228566,0.014152828039761842,0.01715688181020479,0.07820023203160849,0.011567490221766537,0.06194176237347676,0.03178146602906181,0.04725495616191105,0.02080239515064399,0.05636400748984691,0.03602405236030888,0.12572102933840415,0.08144476514033921,0.015279149389648224,0.04551082528188501,0.015274626545527836,0.16341600693419006,0.0,0.06186521023034734,0.01229970353040206,0.0,0.024252496958379312
0.07567905822970693,0.01615310905506984,0.020253444870771277,0.1051373286344988,0.012668367346938774,0.07189825749541748,0.019002306962067818,0.0636832279339025,0.027202416835288075,0.03690370756545714,0.04661207022846238,0.12975324859645412,0.1313042385867727,0.0043091810966810985,0.0319912127127064,0.011789739161214724,0.07868888113430195,0.0,0.06592556706361438,0.039940275242525414,0.0,0.01110436124814819
0.10640062313533823,0.021929912158466083,0.015488548362411998,0.03597027457631477,0.019556068342095313,0.06686651916637038,0.009634514548775387,0.04098984897170409,0.02425828044405638,0.05175200232060153,0.04730902856382804,0.06808011736325836,0.23097972474382394,0.00653586535508732,0.06060816759506274,0.015295226381855303,0.07396178940514352,0.0,0.04111643492674249,0.041622249313825244,0.0,0.02164480432523887
0.09267541342272917,0.018307705733808678,0.01211878663468716,0.1589393812098482,0.022017487257487565,0.06817620792058386,0.016258611662257495,0.01391053526673827,0.01921342213121293,0.07445763915162727,0.022990765063508705,0.09482867990603969,0.13409798274785995,0.00811056949711606,0.049966306568576264,0.00816676967038809,0.07211845100657664,0.0,0.06911366257605293,0.01769390883243413,0.0,0.02683771374046694
0.08362293635846335,0.01752097871005434,0.01169834228304116,0.1093123058397347,0.010550503514803054,0.12601121241628754,0.018677424079679716,0.0907397940337588,0.050637153996969476,0.05901434707150987,0.03458119837016645,0.08670468983427862,0.08702286983775434,0.01370723684210526,0.04249398147520224,0.017810991632782523,0.08065132673700091,0.0,0.024761287084791864,0.017841006646839,0.0,0.01664041323477683
0.08157237007686292,0.007939907143080517,0.014827033701629877,0.11250854144778674,0.02053423570801318,0.03714079936479914,0.015244986537943195,0.033531127220625095,0.02853037065082989,0.04326289489027792,0.012201427530076359,0.16231384417476558,0.1281444793010692,0.012125738207380759,0.053180939594174886,0.026118846306638598,0.0742161753372577,0.0,0.08428270861765677,0.0311691599091125,0.0,0.021154414280019167
0.10007087611181126,0.018781940231346838,0.01702975757997688,0.06853266190890675,0.006776272045234892,0.10138735438928094,0.021308428228791004,0.04994677869375642,0.0305519831110063,0.030723330722160113,0.04273740056299314,0.10585037696187817,0.10891121967995299,0.0071638461959300835,0.06619045643155366,0.008698765432098765,0.09161432865836777,0.0,0.05313250537423054,0.06211011846208871,0.0,0.008481599218634823
0.07792426408116436,0.006150378787878787,0.0076796664120193535,0.08412429185258267,0.006467273255602778,0.056356068683729124,0.020540857583732558,0.059058618042232655,0.011451449555448003,0.01700374261546724,0.029173078403843596,0.1336871140306243,0.07491591225338881,0.014188780234315947,0.06622416441037089,0.014957540006194254,0.1064017642215287,0.0,0.1288281380410573,0.04801408836483764,0.0,0.036852809163981017
0.12668373848700956,0.020813681710500968,0.029649652285156484,0.0596279031577632,0.014741305294047446,0.08193951795910297,0.0309148658676764,0.030265819353287635,0.036431532584680154,0.0588007338908563,0.02848855902109648,0.11098502530116568,0.0951072859022139,0.010956615179752003,0.03751344941624108,0.011040190890284875,0.09625650116373935,0.0,0.08010572668903562,0.017840517473988342,0.0,0.021837378372401593
0.11605747990112388,0.01715084970072298,0.01624146997581595,0.0664418707866955,0.013414817098741589,0.03115970616278162,0.02386373275696953,0.01653291210157641,0.02321487777832704,0.04294120988168599,0.06779398427887458,0.0965508302052726,0.10867183840353435,0.017958841830366435,0.060161207754854555,0.012160095611213619,0.1169211370306556,0.0,0.09297738676367234,0.03597626393858979,0.0,0.0238094880385257
0.11531930486024265,0.012916895355519493,0.02571270359419685,0.13346709333254836,0.03676226359399785,0.05652457034488634,0.015523257313292144,0.028607708281345498,0.014674399655307807,0.021569406129781726,0.021417190917657165,0.15448628705280484,0.09249291975751102,0.01762576910061618,0.05805125999603803,0.01596967918229682,0.11272037136688576,0.0,0.04399599372577315,0.006023797920727747,0.0,0.01613912851857067
0.06901849097325705,0.007374613391342714,0.03492695362036362,0.11480191654586214,0.027085946989995714,0.036256222378077956,0.01615646410123504,0.0066705679454131485,0.03321119446854165,0.04444826683776396,0.024302842921492297,0.18261265501654372,0.038908775402614997,0.020341578734541847,0.01532223958163808,0.020322568211229207,0.18061803843747395,0.0,0.07709807569612893,0.03009350787098464,0.0,0.020429080875499397
0.09333180060888877,0.01307528484014552,0.030666487328143498,0.1107510290310158,0.014197221130883415,0.0782568999381163,0.011891488549781342,0.03085001924746507,0.0413900991540375,0.05173611020165641,0.06078920777539523,0.0906611660558527,0.07687081849851851,0.030468567831057256,0.04580320642931582,0.02547726772591969,0.10440648461305527,0.0,0.04124528692917427,0.028467055744447665,0.0,0.019664498367129944
0.1355237960949793,0.006353284588689277,0.007645689745196323,0.049985898828478606,0.011421782601929657,0.08983061503331614,0.008801902862304253,0.02895697781150383,0.020031473266251387,0.02668596334723425,0.029497103679040702,0.12265401345180249,0.21721476028054942,0.020600556038893127,0.02509604507630566,0.02109918237932061,0.10341793329822643,0.0,0.029521093734191293,0.028675235561761388,0.0,0.01698669232002565
0.08612605693842769,0.006999999999999999,0.018201385026365677,0.14254248204370298,0.014317851657763938,0.0709528024076765,0.029710241971589273,0.019178431110731052,0.03694450790151255,0.04620666306461446,0.02622168927283215,0.1110269389260541,0.10525990441653357,0.02348244248035915,0.03363850956118758,0.022987773715724105,0.11970521553473419,0.0,0.046256874027300096,0.021180877132267364,0.0,0.019059352810623587
0.11986021344687225,0.011015173266276206,0.00789608134920635,0.21356318157900095,0.01028392857142857,0.04867135561472507,0.008833987298623152,0.024965509259259264,0.02462723989117178,0.03631314253849727,0.06750411310622917,0.09955268407823875,0.08985064299671507,0.006516339869281047,0.027620211977002387,0.007425751445359289,0.10843277464494572,0.0,0.07081015078207592,0.005357142857142857,0.0,0.010900375427948958
0.11476418644881593,0.009695566778900112,0.0065965611479395945,0.2026443073638655,0.005382251624732829,0.06838621429150556,0.01298887253909184,0.024945268112674203,0.04322255955811352,0.04514902905595126,0.003499108734402853,0.12490010858445036,0.054626385386529405,0.009440529343050357,0.029814454138912344,0.017192176870748303,0.11691983619257287,0.0,0.04213531429584062,0.016938373920402365,0.0,0.05075889561150028
0.05667753951438805,0.013385143804996747,0.015285353535353536,0.0643220417319774,0.007940372445274409,0.08439129078075759,0.004944510095704949,0.04414872711458442,0.042141590216628916,0.03906227647890629,0.032942563515334734,0.10132243478372334,0.15906555702620506,0.007071570349703341,0.08526796594291763,0.005945031535158348,0.09162832639900724,0.0,0.04410577168722494,0.036803539466221856,0.0,0.06354839357593117
0.08000823183428964,0.013357314979863998,0.0075044946828634,0.07787506156491342,0.006372474747474748,0.04282672786020309,0.0032098765432098763,0.057086190157997964,0.05020596742063829,0.039574155795137476,0.036584207271868514,0.07820695870054561,0.1992653923167708,0.015110420979986196,0.11896659345556407,0.014058742547169496,0.06829636423593005,0.0,0.07370814654183025,0.0003009259259259259,0.0,0.017481752437817234
0.12229146339338984,0.01700226812947401,0.032017703077291376,0.08512424223663675,0.012606682703207101,0.07452655788420919,0.013409897943760171,0.06121723846348636,0.040912120864649244,0.012942166382767888,0.08400156749067357,0.1044251727077102,0.13372197463556149,0.004821527197623689,0.02778935424072163,0.00988900355463823,0.08809176296781338,0.0,0.041590007088404005,0.014170492884308676,0.0,0.01944879615367323
0.1726035571767867,0.017089826999380286,0.008153607065721913,0.04866681533148434,0.00788036415744749,0.08854183331789753,0.01842846556429449,0.027620851370851362,0.0361011796968034,0.07068255151475794,0.008152703605365592,0.07046731477551609,0.13521240161224046,0.008632936507936506,0.10416545121959075,0.008382509541504697,0.09469138572171108,0.0,0.043465750407502605,0.024361681563593945,0.0,0.0066988128496126426
0.15672741997738313,0.02689529013847254,0.0038930481283422458,0.08954078283138525,0.003253258145363408,0.1294770773141793,0.018503843288157015,0.0460443346929415,0.02639734734049565,0.05107807878278865,0.00882176355390641,0.10922765375865034,0.09177919715692717,0.014197940563576754,0.04636707917352358,0.02000055619178074,0.08447844316761635,0.0,0.032211539423052576,0.022998682725908406,0.0,0.018106663645548984
0.08173345828290877,0.003477003520706528,0.012554711902925269,0.11747218191585923,0.017691569995001367,0.0766146595998268,0.022854674737027677,0.026652198941027626,0.02822015548031035,0.03852087858535227,0.04644351227566203,0.08612009156342251,0.12150065759093522,0.023809713678944057,0.06170663150294674,0.024431573487854776,0.11761187081438297,0.0,0.028653552769758405,0.04924232720698478,0.0,0.014688576148162616
0.0715899919821756,0.019598145340450557,0.010805726288235144,0.0876682243116988,0.00812610182962074,0.07021541031559968,0.025309681543023883,0.014722342331038595,0.017593403310287435,0.06691371406838949,0.023213858099634558,0.11067075770622459,0.16115470517253633,0.01617996652852174,0.03992874434241179,0.019433381845127624,0.1422244715225823,0.0,0.032919356694553564,0.025310285157834178,0.0,0.03642173161005341
0.08895551178969612,0.012440324993633818,0.013327180324538097,0.12334580241077651,0.01228406134383578,0.04730663353648351,0.009376731601731603,0.02941115553079286,0.05987921324652488,0.03954299654413683,0.08241458655471154,0.15069289553839293,0.13561577882437756,0.012408890197493137,0.03686737038883165,0.009932871240110127,0.047651756781766974,0.0,0.029243754590090824,0.030643376275840364,0.0,0.028659108286234924
0.07664523727619701,0.019796994603705407,0.005873604015414424,0.1072092108987238,0.015539651795119269,0.08981930565742659,0.0298053042557622,0.027544296244721215,0.06445828117087699,0.027448964015430732,0.02002999355315687,0.09158491388758233,0.18133134596386838,0.019319268463847312,0.050551637391294965,0.008504545454545454,0.08543918366553588,0.0,0.03085788636722285,0.021557707725567633,0.0,0.0266826675940006
0.05315735100526121,0.013962032048332362,0.017350537306335276,0.17030183699879228,0.03356772333008255,0.05753545912524725,0.017815835017331406,0.025866509361643003,0.031238397864462097,0.04066763760377831,0.014280058556184303,0.15010722667956697,0.04740179129200857,0.02170329138334888,0.051584568334544736,0.021634273832913435,0.08254919500187663,0.0,0.05332409348197901,0.06450139549688773,0.0,0.03145078627942405
0.09219990277061936,0.0057925821422845246,0.037731751371468315,0.15561368743135506,0.03094043598210173,0.06989874957957666,0.009305002624311328,0.034100268535728714,0.017528011390627492,0.023191374955085702,0.04339430675557482,0.0864135548531825,0.11559700435996158,0.0014444444444444448,0.04328971038087396,0.02152836177400254,0.11700652305563915,0.0,0.038194452806358505,0.02641177522392356,0.0,0.030418099562880267
0.06251376429849417,0.02287689995189995,0.00984497190689141,0.04448842153338849,0.008014462081128746,0.07191120869451884,0.010439784348969076,0.08292770108575062,0.021380197870393948,0.05885029898315332,0.039719399815069376,0.0788540613138472,0.24444120528824823,0.005416278792218641,0.05178161957676922,0.026600041159472832,0.04425438207359516,0.0,0.03583548104991459,0.06808578696242366,0.0,0.011764033213852615
0.07526737349910724,0.014787423103212577,0.018698307816226133,0.18292027655458154,0.014269526564405206,0.07370864314115369,0.010272972985047289,0.029725866070777054,0.031050139857023797,0.04115726362787472,0.07528783862674845,0.07273207752000324,0.11359509508344764,0.00470079686801178,0.027707147529726424,0.04161357454781644,0.10253330571509736,0.0,0.028732502760171866,0.009285218870874185,0.0,0.03195464925869338
0.138167605774927,0.008447120363296834,0.0032455577601410925,0.16223194697901172,0.0066416666666666655,0.12237295499096326,0.011910106613451479,0.036344797940962875,0.05108109742213384,0.01927767145135566,0.012455856770317558,0.10642793297958528,0.08948329069001339,0.012028376165280925,0.04106835513533785,0.00677735304648175,0.11446795117125355,0.0,0.05309308535154656,0.0030000000000000005,0.0,0.0014772727272727272
0.09490017007175734,0.010021281100159363,0.021248806012630482,0.16751140306086712,0.011926441102756893,0.04554962031358647,0.014175590320746412,0.028445326284594688,0.038974700239052223,0.03270703203530216,0.05024847965197427,0.12184923752751327,0.10050200465683673,0.009419817900578628,0.040273499314433484,0.006788842265596652,0.10904035036916554,0.0,0.03946677306483003,0.01852032068808385,0.0,0.038430304019534456
0.09506236882809382,0.015346627644573552,0.01791630404638778,0.08365819771916999,0.01641246874243769,0.10363845819643033,0.019102223966349592,0.05106121541571801,0.0250234660530879,0.058600377691849934,0.062418424646607615,0.08533930271325987,0.08705595366142767,0.009672639256567106,0.0228035796189821,0.01733557689594695,0.09616274145828647,0.0,0.048150403568973904,0.05767659061636813,0.0,0.02756307925948157
0.13603892882893193,0.011437068701880061,0.02058126383550053,0.08937139591430204,0.01647222863256854,0.04040848701169439,0.01904730101769575,0.012113425925925922,0.042717724016108294,0.02214944258405116,0.11807558918613258,0.08587074989695366,0.11108190270248587,0.008498042124324602,0.02341257257820725,0.011907457520488256,0.14071265450818574,0.0,0.0399146982027831,0.019968975511932163,0.0,0.030220091299848036
0.07360670455537005,0.015762603047155422,0.015580105989312597,0.10816736814867124,0.002541353383458646,0.041524137649989044,0.016168274497770488,0.009453352604997342,0.015081595309575185,0.04051409266967464,0.005054383613598215,0.23248586817265104,0.1235103561780058,0.02906576415557519,0.037989590766581045,0.01079866175391308,0.13968210744960655,0.0,0.040426505416596224,0.029423234382879717,0.0,0.013163940254618516
0.06497525593923285,0.013073551114742097,0.026252991820066685,0.14886809227858744,0.016073044291531686,0.03173936383032745,0.02028484155294459,0.03909248396727112,0.017283259180260958,0.09440436173430668,0.08365575744289831,0.06396032206800269,0.11572116730838143,0.02072346101133511,0.02923609545265078,0.019354475072857428,0.08244203395037351,0.0,0.055612197559539445,0.02302305944500946,0.0,0.03422418497968034
0.07572288597711951,0.0186044860650874,0.028428593164569377,0.08931176095637616,0.010965928034779391,0.04108539774083738,0.013735436359937195,0.04232171285257717,0.020400454670615367,0.03703235455621199,0.030720464116422472,0.14830995696081023,0.08328178706768156,0.01545222407144676,0.026200824091819966,0.011544844735696867,0.13810685951254223,0.0,0.07654371613806989,0.04865890540594647,0.0,0.043571407521452665
0.11575884884168093,0.016536302667173246,0.026027492221817442,0.0894996974824879,0.018438704052416644,0.07396107893418799,0.015108502347927169,0.033447322588033485,0.02822461527407348,0.04096770382351062,0.02448128301604179,0.1268481688198012,0.1720939558112143,0.006912896805762441,0.025807304293771382,0.015513198607459994,0.08910934718749158,0.0,0.03184586227898921,0.0146164091899386,0.0,0.034801305756220625
0.05909339484154464,0.01687007469654529,0.020832336979182964,0.10214689096664716,0.010052391521140121,0.08329658008867945,0.0353649674992371,0.062371855331654895,0.03536600999440321,0.011661037648538377,0.05835727282292475,0.11058150353880587,0.1297202095843995,0.010563461361861778,0.07115282941967083,0.014412425992517528,0.12957407265803822,0.0,0.014009816346793902,0.011398390139820073,0.0,0.01317447856759451
0.07279599650686476,0.03613628812769128,0.021184903034600057,0.05751661532839938,0.00037447114951840875,0.06556225127190263,0.010821358363476523,0.028672502743346123,0.028210565660784958,0.02395241971279031,0.07026322665715963,0.13193904870776965,0.05941842982786454,0.006183720330237358,0.027657457214677467,0.0184727089813745,0.1679129046219295,0.0,0.11282745430619529,0.01405074753707044,0.0,0.046046929916347235
0.06617407403811859,0.018806986293542757,0.017260614283592227,0.16056160098972275,0.013879533665317977,0.0354968842867925,0.02505717361832365,0.03573662244524742,0.04558407045256521,0.04281878719394579,0.03758349120052687,0.11084436636648251,0.06805786485063908,0.015823199987065537,0.045127868961972684,0.009559646984790728,0.12062561586835692,0.0,0.07812088725384973,0.016980376595082478,0.0,0.03590033466406464
0.041484578274294776,0.007198653198653197,0.023278934300993124,0.13298764087196105,0.007505050505050504,0.042116573154048965,0.012557480181067641,0.04066585448506886,0.018411369174198118,0.03252541386083052,0.018982840407118014,0.11461636030010086,0.10687438200293405,0.018887843707392573,0.07122400656168898,0.008621578353563647,0.22256972936050812,0.0,0.059856240995977514,0.006431913116123641,0.0,0.013203557188425606
0.17966092364196834,0.016136988096674076,0.01356584445646946,0.06304388270913766,0.010486006683375107,0.10701571524963878,0.018863950701670004,0.03520305913318336,0.026619876350327483,0.10699279289084218,0.050450042021324276,0.06251459094343947,0.06870123285973243,0.008376558491937256,0.032947814885302,0.006812607561188572,0.11597518788664693,0.0,0.04107561288347999,0.021162321560632597,0.0,0.01439499099303021
0.08169342686222722,0.005465624061958648,0.005768826589647023,0.13083472523957126,0.0036783309283309282,0.06398343266067724,0.01441444524192217,0.036806592325039175,0.010860978203083467,0.07761063364739836,0.00783930955105154,0.09934827032770899,0.16553889366308283,0.005445432753998285,0.024509416791703396,0.00855062058493431,0.09384443642776978,0.0,0.044143192410141745,0.08918493820086958,0.0,0.03047847352888408
0.12289264255675685,0.021731721295964453,0.024521099965770458,0.0528979311010722,0.029751209504934345,0.06325164736423386,0.017746068977830362,0.04252535988204582,0.01584405887775986,0.04871271778237216,0.02247406144530252,0.08189572974429526,0.10231624653089227,0.020150926193298835,0.06685101184723401,0.009262074918012946,0.10955985273318078,0.0,0.06363582422037711,0.0574800980466615,0.0,0.026499717012004157
0.06991213050345073,0.011248222439502811,0.012868288277565148,0.1397143518042931,0.026599642199751427,0.05161103522676107,0.021493582391312008,0.03044640281359596,0.04158933555660299,0.08137421842523473,0.1014876818526781,0.035750143830569604,0.1481928830935617,0.014452970789171878,0.0372783835893918,0.014563549382160881,0.10706076646878925,0.0,0.03867061432741423,0.008041708903841257,0.0,0.007644088124351283
0.23806167628977876,0.01554097649426597,0.015932189542483655,0.03844970881317262,0.0170892838590336,0.04463492193316863,0.019474584591384334,0.025105968941714556,0.0191871178556588,0.16024481952499964,0.026227155247677728,0.03992720684127306,0.14966068575196942,0.006687804751530243,0.04582438043898365,0.0083530701754386,0.06762813674059326,0.0,0.03105860802626454,0.011053383576538893,0.0,0.019858320604070088
0.14412206744828004,0.005176158840729274,0.015424748368246819,0.08739393809496616,0.005955042392643748,0.0470425020374559,0.012557057267351386,0.025291109809154926,0.033236034952701624,0.08474052622345375,0.014646689938601704,0.15426218548545553,0.07830584860755896,0.012597914765653735,0.05380748836298035,0.0033294117647058837,0.0945533526532635,0.0,0.08722038843027503,0.02196895748142286,0.0,0.018368577075098817
0.14257833862266595,0.018531150179369994,0.014438419521299957,0.07769638744221025,0.008826771474139896,0.09575790058181699,0.010930082681104005,0.08145435083921926,0.02605156668296455,0.05843100348466681,0.014587437939024625,0.06460687415178262,0.10503984606867732,0.0026051587301587297,0.0742850078472821,0.018336103975526062,0.06487846206620164,0.0,0.055140081669740375,0.025713453859804787,0.0,0.040111602182344094
0.1386033863217447,0.012242914782872209,0.01687147788408292,0.08983961276341124,0.009867555481672041,0.13487694002596606,0.01585225563909774,0.04212412728692397,0.03483760812550394,0.03956967334160316,0.011493807118807117,0.08524094289496764,0.08011634763776146,0.015047853839391504,0.05840817600299024,0.008660036640918993,0.10264460529914606,0.0,0.06447338649264417,0.019115955068896243,0.0,0.020113337351598443
0.13250668800215462,0.0062984964404631995,0.005824242424242424,0.08727703262845948,0.0074743625730322345,0.09141144336522487,0.015739828015203957,0.01023117396879007,0.010085527544351077,0.15930665545136144,0.004576041320582628,0.08346191710336447,0.12551005031642284,0.003584848484848485,0.07293220448539695,0.0,0.059100656374546985,0.0,0.10784900620751117,0.0073174371738118586,0.0,0.009512388120231257
0.09209132436700677,0.013715704678114381,0.02311841390153439,0.08913496789627252,0.008327176704014942,0.06555780518835215,0.009529398546799534,0.02211503586402018,0.021240455441435838,0.031462161295494645,0.04402773977923617,0.16064283038802699,0.15272100971112615,0.024291734370515888,0.016431006198775813,0.012743648848428263,0.11600027743131557,0.0,0.036317722428946465,0.026929929549281244,0.0,0.033601657411302215
0.052578526459143245,0.00725686420401494,0.03036748821189884,0.17246881491617952,0.026399202532851683,0.031191457789020147,0.011405922790317992,0.0427314007607874,0.020810684575531438,0.0425263827363304,0.03087291113493894,0.0827671863811314,0.1264779307134782,0.009448852502524136,0.025462316510524014,0.020100174550708498,0.12765672290682822,0.0,0.09521237678112567,0.03092418576846791,0.0,0.013340597774197398
0.037023175449517026,0.014455784471328843,0.02732542981307355,0.16448820017923496,0.017283394571423322,0.0776149650570535,0.007308568017296409,0.054588309786639776,0.012845659560120343,0.07022399581502195,0.022763605866207515,0.1043249525412103,0.10866562008588845,0.009485373694932518,0.036228953232010495,0.025919333336910554,0.1012328131979297,0.0,0.04614649224921229,0.034290778260631614,0.0,0.02778459481435671
0.08729488470514656,0.010039293495175848,0.01155737856546127,0.10381783479181393,0.048238010695570537,0.06121807329901087,0.02366052977198277,0.020722038104626923,0.014522659794912116,0.030850355258258452,0.04874820991895521,0.12637816647732347,0.11305028295974534,0.009296445380828211,0.03829082872970954,0.018431644877515068,0.0819081547724087,0.0,0.09983464866376425,0.01779275318992755,0.0,0.03434780654786319
0.14855407287106903,0.004555414270971546,0.015743077932927556,0.094659707497322,0.0025830498866213155,0.05904756235462021,0.011692239858906528,0.008943033509700176,0.036591338901323434,0.06007859621593285,0.019426803698059433,0.0941871954842543,0.11090216844313484,0.015457917983472118,0.02877319524300949,0.004435255920550039,0.18797969729979536,0.0,0.08349950496706243,0.005923131571469169,0.0,0.006967036089798238
0.12857451468834297,0.005208336258480003,0.007642384556161647,0.07322749267170983,0.0056252990430622025,0.13119899156351117,0.004809766450439827,0.02370497090351917,0.05448721426684915,0.02961760930847619,0.02934235144394458,0.1359363140796802,0.13690054933142365,0.003723482250903493,0.050826848774404174,0.007512274354186119,0.10548640556169306,0.0,0.014740518391689347,0.023358752889778987,0.0,0.028075923211744385
0.06954379564244759,0.013516599300982127,0.007613969665600098,0.1679801699779499,0.008316918331024246,0.03247737803931742,0.011744705165368276,0.023760212486392904,0.012796358251789104,0.05960404551994464,0.050230408367050505,0.12801100741845334,0.09769134290326771,0.012828993128897296,0.045315204399144035,0.017485290109039934,0.12205869402696394,0.0,0.055373377066966045,0.02757261117823188,0.0,0.03607891902116884
0.08806834604945356,0.0068326023391812865,0.04331885298043307,0.10610655797495322,0.006193492991738605,0.016101591123778947,0.0065630252100840345,0.07158121287948414,0.021935469305567345,0.117269194424494,0.017184588650274925,0.13302580438249775,0.09969045160683448,0.05136172847545508,0.04144553569256871,0.004022976510865786,0.10952837706170929,0.0,0.04649609751751135,0.011416951965971575,0.0,0.0018571428571428576
0.1222054039190558,0.01263342862397485,0.02088749848209435,0.04667005765978199,0.029158737533178863,0.08337763099198671,0.028994308793870202,0.03671114974819895,0.030120540151866177,0.06324629669185591,0.06290615996321484,0.06805387441298458,0.12586085944502132,0.009114279364058226,0.052821143163359695,0.012669567579823,0.07114578298917357,0.0,0.08568899774085142,0.020808435284908108,0.0,0.016925847460741685
0.12919493760852516,0.019613226552934716,0.011032361206045414,0.06041129361101166,0.016574518962289862,0.04747579577640023,0.01182299889652831,0.029028234931665384,0.01837639413819754,0.029702299101458766,0.03269205341859549,0.15407204053427148,0.08833870656993122,0.01861631446039341,0.052525932797361376,0.00621644072301967,0.1847207224988555,0.0,0.06378440861060002,0.016520592833092835,0.0,0.009280726768822009
0.09561489623278445,0.01532305571528629,0.010284399724802199,0.06773574195937455,0.018900249134741615,0.1038992032012832,0.012226231906344337,0.0021494708994708994,0.021018701369436663,0.06288659912186705,0.01262715474192512,0.13188285761351182,0.08599690667462696,0.017583955012210835,0.02728093525455324,0.009955707240975198,0.16505249196641905,0.0,0.052374590390440436,0.067883064731624,0.0,0.01932378710832197
0.03255301968220531,0.009501194120599493,0.02570978089977795,0.09145231179578599,0.015131859650647428,0.04898526982158696,0.02058585164085127,0.011768666451163137,0.017016325536062377,0.060526908817883925,0.039070014987634495,0.10992729687431028,0.10393766359524215,0.008564249164578111,0.029617767813949397,0.020838671666880776,0.1125948975811788,0.0,0.1729933449455394,0.04729875426967744,0.0,0.02192615068444532
0.12316479725289498,0.01010560666185666,0.013533180989308438,0.07437043998886103,0.010983721568344887,0.05810783025387328,0.01312396879150244,0.02798570646139015,0.03895565286259569,0.052908019345036306,0.045841859163204796,0.08581680732825629,0.1980778317099245,0.013446090655406511,0.06508414604946929,0.022376083268235522,0.08132582588269666,0.0,0.008321140502984818,0.024310459408821122,0.0,0.0321608318553365
0.12690454347114957,0.007010803151670023,0.0037142857142857134,0.1353729569954585,0.00656420462922011,0.10515893893675812,0.028289618149457962,0.05295401471593422,0.00807170648579798,0.05480133852514725,0.01451332946441642,0.20407440611483327,0.02939939433154088,0.015347026263987786,0.026000901875901882,0.009604875726650752,0.12299343792984145,0.0,0.01673235171261487,0.0037740183792815385,0.0,0.028717847426051758
0.07486501324984221,0.01941025246491146,0.019272182883431594,0.0699129986620236,0.02694440250759173,0.03859278141596722,0.022079875297955808,0.02777546196430763,0.04207268860131068,0.054759991295827204,0.05984248575162361,0.14203552604429923,0.06504485480706548,0.013415911802823812,0.015846200468491497,0.01697791426462024,0.1931175281061588,0.0,0.05192284639286586,0.03665997925037565,0.0,0.009451104768506729
0.06581619792853347,0.004442066705224601,0.0036682883679787707,0.05314005291847783,0.02216950162057904,0.04449627262286533,0.014890806618541136,0.03527654348599266,0.019745766798815068,0.04739079277452792,0.05487289573516624,0.09233213808781815,0.25123280282948685,0.007105751753120176,0.054543429683587066,0.017457172428534666,0.06846540120241268,0.0,0.061339284597411545,0.061334185865942,0.0,0.020280647974984925
0.21751781805226073,0.008873015873015873,0.0064241363211951456,0.01853986375695059,0.00797777777777778,0.11128177092208494,0.0067020192092431515,0.05185678632608457,0.04627760297810424,0.02454277032450407,0.029651642475171883,0.11984770955165691,0.0848518892050884,0.005966931216931219,0.14062671538578222,0.004576996061582527,0.07090592196474549,0.0,0.02374410430839002,0.0,0.0,0.01983452828943025
0.09677910416871544,0.006181590339485077,0.015376415945165945,0.17551852940840895,0.025510226297678386,0.04205788137953947,0.017942753959910823,0.03502157660672209,0.03981061519257333,0.053598722444852476,0.0588865384580914,0.08634341152975279,0.10651328124352777,0.021970977377305703,0.040344912092074116,0.020877384610779804,0.07298869766468061,0.0,0.04470284757249023,0.020266309726201984,0.0,0.019308223982043644
0.0532664637470764,0.016855976557893955,0.00778032690348867,0.16622221285288877,0.022382412000327187,0.09017211658164387,0.017875512618585016,0.03387351102056985,0.023533304607506658,0.08705564337593254,0.06990762298153659,0.0760940852273714,0.09930508927107812,0.00506195038033681,0.04415602432626426,0.03290312208950796,0.06832052293831263,0.0,0.023046672103184705,0.027346429747742464,0.0,0.034841000668752134
0.029463433099387138,0.017157544441664667,0.025129015444561663,0.08382365502072281,0.005779133208409526,0.04681514609210689,0.017862682416578186,0.062358230971814574,0.02247121510486172,0.05531767631946712,0.08043720261983937,0.11554010344576268,0.1960460724715634,0.009991191117595364,0.03978376822834558,0.019945902927520333,0.1051793367553941,0.0,0.034656202480992396,0.0229391252603131,0.0,0.009303362573099416
0.07838378617797406,0.015457925860402644,0.004665071770334929,0.11459654598272469,0.016057395219159925,0.1515059471933036,0.022324191974346902,0.03197764696914986,0.022173637636872932,0.016614965071986412,0.044629182496432496,0.15114403711230975,0.1006692484699819,0.0030083881578947375,0.05487164091825515,0.022354977082269772,0.09481324169159455,0.0,0.013046068460494617,0.02721877350183846,0.0,0.01448732825267268
0.07688235464086396,0.01543091030271758,0.000610177865612649,0.06558275951135834,0.008472136222910216,0.09354400561804695,0.009287688919267865,0.05819157427280677,0.06418963078652513,0.04465866092589518,0.006923969587835135,0.07550071963128686,0.22858874264662454,0.02841545525383017,0.08658836186224184,0.009122371145254443,0.07133193989634137,0.0,0.014836225230833073,0.01783880047218863,0.0,0.024003515207559323
0.120610469334594,0.012785018100807575,0.013642000795977742,0.15634294481324984,0.01074396633363046,0.061975604493583025,0.022692913821754215,0.03472636353197699,0.04209578032908914,0.0763927441169242,0.03015515029509944,0.09670890729642473,0.06437148979543987,0.010490564370294267,0.053187619027373984,0.021516356498180015,0.09816913609571604,0.0,0.04043873149593384,0.018332508703849063,0.0,0.014621730750101552
0.16548613647800997,0.01966210096877667,0.030352914392764024,0.06711115440596473,0.020109287599631556,0.07909166865416108,0.01314455877319755,0.03207235290580879,0.031116314153253014,0.04201572090408408,0.0204004533158212,0.08334054521474325,0.17949358141786248,0.018341037069655487,0.023636950221081296,0.005702989983872337,0.07987254981028385,0.0,0.025330455259026684,0.037108871157890765,0.0,0.026610357314111183
0.07950691367456074,0.019347222222222224,0.009896739130434783,0.1605268934825614,0.011161649171453092,0.07594132564920976,0.027298460731406637,0.027866633495503463,0.021117100535057193,0.014636953173241074,0.023548363541766162,0.15012070996217025,0.070660232265864,0.0032500000000000003,0.039468787515006,0.01166932298127474,0.17588308717426365,0.0,0.03578731572373767,0.029243530905185045,0.0,0.013068758665082196
