Taxid	Label_text
272636	human-infecting
3432452	human-infecting
2499620	human-infecting
3433814	human-infecting
2955291	human-infecting
2955292	human-infecting
337048	human-infecting
333754	human-infecting
337049	human-infecting
333766	human-infecting
931244	human-infecting
337039	human-infecting
333767	human-infecting
337043	human-infecting
337044	human-infecting
337050	human-infecting
337042	human-infecting
333757	human-infecting
337041	human-infecting
2955297	human-infecting
1891727	human-infecting
2734294	human-infecting
1891726	human-infecting
1891728	human-infecting
3048425	human-infecting
3048413	human-infecting
3048414	human-infecting
3048415	human-infecting
3048417	human-infecting
3048418	human-infecting
3048419	human-infecting
3048420	human-infecting
3048422	human-infecting
3048423	human-infecting
3048424	human-infecting
3048428	human-infecting
3048430	human-infecting
3048431	human-infecting
3048432	human-infecting
3431910	human-infecting
2055263	human-infecting
2749445	human-infecting
2749446	human-infecting
2749447	human-infecting
683172	human-infecting
1247114	human-infecting
683174	human-infecting
1247113	human-infecting
3426293	human-infecting
3431493	human-infecting
1805494	human-infecting
3048183	human-infecting
3051989	human-infecting
3051991	human-infecting
3051992	human-infecting
2748253	human-infecting
3240447	human-infecting
2025396	human-infecting
3241434	human-infecting
3241444	human-infecting
3426295	human-infecting
3060422	human-infecting
3433757	human-infecting
2955465	human-infecting
337051	human-infecting
333924	human-infecting
334207	human-infecting
334208	human-infecting
334209	human-infecting
1891762	human-infecting
1891767	human-infecting
1891765	human-infecting
1891763	human-infecting
1891764	human-infecting
3048395	human-infecting
3048396	human-infecting
3048397	human-infecting
3048398	human-infecting
3052004	human-infecting
3050361	human-infecting
3048400	human-infecting
3052013	human-infecting
3052014	human-infecting
3048401	human-infecting
3048402	human-infecting
3048403	human-infecting
3048404	human-infecting
3048405	human-infecting
3048406	human-infecting
3048407	human-infecting
3052040	human-infecting
3052041	human-infecting
1883111	human-infecting
2602439	human-infecting
12455	human-infecting
3431388	human-infecting
1391667	human-infecting
1518574	human-infecting
3427730	human-infecting
3427732	human-infecting
3427731	human-infecting
3432459	human-infecting
3432457	human-infecting
3431241	human-infecting
3426298	human-infecting
1407638	human-infecting
2955925	human-infecting
3052121	human-infecting
3048279	human-infecting
2805939	human-infecting
2749448	human-infecting
2749449	human-infecting
2749450	human-infecting
3433742	human-infecting
3431237	human-infecting
3428094	human-infecting
3428095	human-infecting
3428096	human-infecting
3428097	human-infecting
3428098	human-infecting
1582094	human-infecting
3431481	human-infecting
12066	human-infecting
2748378	human-infecting
2609450	human-infecting
3047962	human-infecting
3047963	human-infecting
3047957	human-infecting
3047960	human-infecting
3047956	human-infecting
3047958	human-infecting
3047961	human-infecting
3047959	human-infecting
3047964	human-infecting
3047967	human-infecting
3047965	human-infecting
3047966	human-infecting
1572667	human-infecting
742919	human-infecting
1983780	human-infecting
3050258	human-infecting
3050295	human-infecting
3050337	human-infecting
1208309	human-infecting
2955745	human-infecting
2955746	human-infecting
1891745	human-infecting
2844075	human-infecting
2844078	human-infecting
3431912	human-infecting
1511892	human-infecting
1511891	human-infecting
3432458	human-infecting
3426299	human-infecting
33758	human-infecting
3431482	human-infecting
3428500	human-infecting
3428502	human-infecting
3428505	human-infecting
3428506	human-infecting
3428507	human-infecting
3428510	human-infecting
3428564	human-infecting
3426399	human-infecting
3428567	human-infecting
3052189	human-infecting
3426301	human-infecting
3428067	human-infecting
3052205	human-infecting
3426401	human-infecting
2955935	human-infecting
333926	human-infecting
1175852	human-infecting
1513256	human-infecting
1513257	human-infecting
1513258	human-infecting
1513259	human-infecting
1513260	human-infecting
1513261	human-infecting
1513262	human-infecting
1513263	human-infecting
1513264	human-infecting
333928	human-infecting
1513265	human-infecting
1961678	human-infecting
1961679	human-infecting
1961680	human-infecting
1961681	human-infecting
1961682	human-infecting
1961683	human-infecting
2169902	human-infecting
333929	human-infecting
333930	human-infecting
333931	human-infecting
1175848	human-infecting
1175849	human-infecting
1175850	human-infecting
1175851	human-infecting
2049444	human-infecting
3048380	human-infecting
3048381	human-infecting
3048382	human-infecting
3048383	human-infecting
3048384	human-infecting
3048385	human-infecting
3048386	human-infecting
3048387	human-infecting
3048388	human-infecting
3048389	human-infecting
3048390	human-infecting
3048391	human-infecting
3048392	human-infecting
3048393	human-infecting
3048394	human-infecting
2583509	human-infecting
1862824	human-infecting
1983771	human-infecting
2844554	human-infecting
2844581	human-infecting
2844582	human-infecting
2844583	human-infecting
2844584	human-infecting
2844585	human-infecting
2844646	human-infecting
2202565	human-infecting
2853105	human-infecting
3426303	human-infecting
3431249	human-infecting
3432451	human-infecting
3047743	human-infecting
2844800	human-infecting
2844802	human-infecting
2844803	human-infecting
2844804	human-infecting
2844805	human-infecting
93830	human-infecting
3052223	human-infecting
3052225	human-infecting
3052230	human-infecting
3052236	human-infecting
3431302	human-infecting
2844074	human-infecting
291484	human-infecting
3407641	human-infecting
3426544	human-infecting
3426304	human-infecting
682382	human-infecting
1960046	human-infecting
2021738	human-infecting
3043599	human-infecting
1904885	human-infecting
2461378	human-infecting
1907210	human-infecting
2778524	human-infecting
2844967	human-infecting
2844968	human-infecting
2844969	human-infecting
2845897	human-infecting
1868658	human-infecting
1609138	human-infecting
10368	human-infecting
2184748	human-infecting
329641	human-infecting
645161	human-infecting
3427953	human-infecting
3426330	human-infecting
749224	human-infecting
3433758	human-infecting
1233383	human-infecting
1455626	human-infecting
1904876	human-infecting
11827	human-infecting
57282	human-infecting
45617	human-infecting
1193974	human-infecting
72197	human-infecting
2017081	human-infecting
2017082	human-infecting
2017083	human-infecting
2017080	human-infecting
1820160	human-infecting
1914415	human-infecting
3027325	human-infecting
12721	human-infecting
3418650	human-infecting
3418651	human-infecting
2927897	human-infecting
3241402	human-infecting
3241406	human-infecting
3241411	human-infecting
3241420	human-infecting
3241425	human-infecting
3241426	human-infecting
10566	human-infecting
3003858	human-infecting
3003859	human-infecting
3003860	human-infecting
3026463	human-infecting
2853106	human-infecting
1647924	human-infecting
192971	human-infecting
1851215	human-infecting
1851219	human-infecting
2060135	human-infecting
2060136	human-infecting
2060137	human-infecting
2060138	human-infecting
2060139	human-infecting
2060140	human-infecting
2200956	human-infecting
2200957	human-infecting
2200958	human-infecting
2200959	human-infecting
2944249	human-infecting
652810	human-infecting
2955301	human-infecting
1965018	human-infecting
2714898	human-infecting
2714899	human-infecting
2057509	human-infecting
169066	human-infecting
1595998	human-infecting
318279	human-infecting
67605	human-infecting
3014888	human-infecting
1930509	human-infecting
2845010	human-infecting
3060057	human-infecting
3432456	human-infecting
3052263	human-infecting
72149	human-infecting
194965	human-infecting
3431360	human-infecting
3431248	human-infecting
1978540	human-infecting
3050299	human-infecting
3050339	human-infecting
211977	human-infecting
90961	human-infecting
1072176	human-infecting
249584	human-infecting
38767	human-infecting
2951618	human-infecting
2951619	human-infecting
2956142	human-infecting
249583	human-infecting
237716	human-infecting
38766	human-infecting
12538	human-infecting
642022	human-infecting
11292	human-infecting
746543	human-infecting
3432454	human-infecting
3426305	human-infecting
3430629	human-infecting
3430631	human-infecting
3430630	human-infecting
3430641	human-infecting
3422298	human-infecting
3052299	human-infecting
3052300	human-infecting
3052302	human-infecting
3052303	human-infecting
3052305	human-infecting
3052307	human-infecting
2169991	human-infecting
3052310	human-infecting
3052314	human-infecting
3052317	human-infecting
3052325	human-infecting
3052328	human-infecting
3052331	human-infecting
3052330	human-infecting
2050578	human-infecting
3051374	human-infecting
3051373	human-infecting
3051368	human-infecting
3047384	human-infecting
3048148	human-infecting
943084	human-infecting
3426307	human-infecting
3433633	human-infecting
3703027	human-infecting
3430922	human-infecting
3431483	human-infecting
2259728	human-infecting
3052342	human-infecting
3052345	human-infecting
3426308	human-infecting
3426309	human-infecting
334203	human-infecting
334204	human-infecting
1961783	human-infecting
3428959	human-infecting
99182	human-infecting
1231709	human-infecting
1780507	human-infecting
3426310	human-infecting
3431496	human-infecting
2713662	human-infecting
1955166	human-infecting
1938392	human-infecting
3431196	human-infecting
2219998	human-infecting
334205	human-infecting
2025360	human-infecting
3431389	human-infecting
3051377	human-infecting
3051375	human-infecting
1714619	human-infecting
1897087	human-infecting
3060463	human-infecting
3052371	human-infecting
3052381	human-infecting
3052384	human-infecting
3052385	human-infecting
3052387	human-infecting
3052388	human-infecting
3052389	human-infecting
3052390	human-infecting
3052396	human-infecting
3052397	human-infecting
1933180	human-infecting
3052399	human-infecting
3052401	human-infecting
3052402	human-infecting
3052406	human-infecting
3052407	human-infecting
3052409	human-infecting
3052412	human-infecting
3052413	human-infecting
3052414	human-infecting
3052418	human-infecting
3052420	human-infecting
3052426	human-infecting
3052428	human-infecting
3052429	human-infecting
3052431	human-infecting
3052437	human-infecting
3052439	human-infecting
3052440	human-infecting
3052444	human-infecting
3052446	human-infecting
3052452	human-infecting
3052456	human-infecting
3060503	human-infecting
3052458	human-infecting
3052459	human-infecting
3052460	human-infecting
3052461	human-infecting
3052462	human-infecting
3047375	human-infecting
3047385	human-infecting
3047395	human-infecting
3047696	human-infecting
3048300	human-infecting
3052463	human-infecting
3047790	human-infecting
3052464	human-infecting
3047817	human-infecting
3052465	human-infecting
3046277	human-infecting
3047837	human-infecting
3052466	human-infecting
3048158	human-infecting
3048165	human-infecting
3048168	human-infecting
3048169	human-infecting
3048170	human-infecting
3048175	human-infecting
3052468	human-infecting
3048184	human-infecting
3048198	human-infecting
3048205	human-infecting
3048215	human-infecting
3048448	human-infecting
3048225	human-infecting
3048233	human-infecting
3048287	human-infecting
3048305	human-infecting
3048308	human-infecting
3048314	human-infecting
3048316	human-infecting
3048360	human-infecting
3048440	human-infecting
3048443	human-infecting
3048447	human-infecting
3048459	human-infecting
1980456	human-infecting
3052470	human-infecting
3052474	human-infecting
3052477	human-infecting
3052480	human-infecting
3431295	human-infecting
3052490	human-infecting
3052493	human-infecting
3052496	human-infecting
3052498	human-infecting
3052499	human-infecting
3052501	human-infecting
3052503	human-infecting
3052505	human-infecting
3052514	human-infecting
3052518	human-infecting
3052522	human-infecting
3052523	human-infecting
3052529	human-infecting
3052536	human-infecting
3052537	human-infecting
3060506	human-infecting
2956252	human-infecting
3050248	human-infecting
3049954	human-infecting
2200830	human-infecting
3052555	human-infecting
3052556	human-infecting
3052557	human-infecting
3052558	human-infecting
3052560	human-infecting
3052561	human-infecting
3431250	human-infecting
3431251	human-infecting
3052597	human-infecting
3052599	human-infecting
3052600	human-infecting
3052602	human-infecting
2560260	human-infecting
1803958	human-infecting
3431395	human-infecting
3431396	human-infecting
3431103	human-infecting
3431402	human-infecting
1678143	human-infecting
3052606	human-infecting
3052608	human-infecting
3052610	human-infecting
3052619	human-infecting
2734436	human-infecting
3052640	human-infecting
3052641	human-infecting
3052643	human-infecting
3052647	human-infecting
3052660	human-infecting
3052662	human-infecting
3052664	human-infecting
3052665	human-infecting
3052676	human-infecting
1848960	human-infecting
3052681	human-infecting
3052684	human-infecting
3052686	human-infecting
3052690	human-infecting
3426313	human-infecting
3241449	human-infecting
46221	human-infecting
3428960	human-infecting
2845899	human-infecting
2845900	human-infecting
3428212	human-infecting
3428213	human-infecting
3428214	human-infecting
3052713	human-infecting
3052714	human-infecting
3052716	human-infecting
3052717	human-infecting
3431390	human-infecting
1459003	human-infecting
688436	human-infecting
3432145	human-infecting
2809802	human-infecting
3049952	human-infecting
3049953	human-infecting
3050300	human-infecting
3428501	human-infecting
3428503	human-infecting
3428504	human-infecting
3426311	human-infecting
1678145	human-infecting
3432189	human-infecting
3050296	human-infecting
3050297	human-infecting
3050298	human-infecting
3426314	human-infecting
3432193	human-infecting
3432195	human-infecting
3432203	human-infecting
3432194	human-infecting
2846071	human-infecting
3432241	human-infecting
1547495	human-infecting
3052666	human-infecting
1906670	human-infecting
3432266	human-infecting
136966	human-infecting
3430671	human-infecting
3418604	human-infecting
2748958	human-infecting
11642	human-infecting
3418654	human-infecting
3241417	human-infecting
3050292	human-infecting
3050293	human-infecting
3050305	human-infecting
3050336	human-infecting
3426318	human-infecting
393049	human-infecting
3060504	human-infecting
1985693	human-infecting
3428069	human-infecting
3433538	human-infecting
3052759	human-infecting
3052770	human-infecting
2956523	human-infecting
11318	human-infecting
11569	human-infecting
2956528	human-infecting
3052789	human-infecting
1987018	human-infecting
1987019	human-infecting
1987017	human-infecting
3060740	human-infecting
3426319	human-infecting
432261	human-infecting
2057932	human-infecting
2057933	human-infecting
68887	human-infecting
3048433	human-infecting
3048427	human-infecting
687347	human-infecting
2853118	human-infecting
2853119	human-infecting
2853120	human-infecting
3052022	human-infecting
3426321	human-infecting
694448	human-infecting
3052811	human-infecting
3052801	human-infecting
3052808	human-infecting
10245	human-infecting
3050294	human-infecting
3050355	human-infecting
3431487	human-infecting
3426322	human-infecting
3433198	human-infecting
1972579	human-infecting
1972576	human-infecting
1972572	human-infecting
1972577	human-infecting
1972573	human-infecting
1972568	human-infecting
1972574	human-infecting
1972578	human-infecting
1972575	human-infecting
2748252	human-infecting
3432460	human-infecting
3426323	human-infecting
3426324	human-infecting
3433539	human-infecting
2052558	human-infecting
3067642	human-infecting
3298505	human-infecting
3048399	human-infecting
3092269	human-infecting
3161185	human-infecting
2845621	human-infecting
3426294	human-infecting
3426306	human-infecting
3433756	human-infecting
3433809	human-infecting
3432910	human-infecting
3432911	human-infecting
3426505	human-infecting
3431480	human-infecting
3426312	human-infecting
3426317	human-infecting
3428066	human-infecting
3430774	human-infecting
340187	low confidence
686195	low confidence
686196	low confidence
686197	low confidence
686198	low confidence
686199	low confidence
686200	low confidence
686201	low confidence
862148	low confidence
862149	low confidence
862150	low confidence
862151	low confidence
862152	low confidence
862153	low confidence
862154	low confidence
862155	low confidence
862156	low confidence
862157	low confidence
862158	low confidence
862159	low confidence
862160	low confidence
862161	low confidence
862162	low confidence
862163	low confidence
862164	low confidence
862165	low confidence
862166	low confidence
1967472	low confidence
12480	low confidence
2269360	low confidence
3048421	low confidence
1244521	low confidence
3047346	low confidence
1100043	low confidence
308159	low confidence
697906	low confidence
1293419	low confidence
1293420	low confidence
1609131	low confidence
658667	low confidence
178530	low confidence
1602211	low confidence
1609130	low confidence
2053898	low confidence
37140	low confidence
3433766	low confidence
3703637	low confidence
2731271	low confidence
3428211	low confidence
3433792	low confidence
3052098	low confidence
1525180	low confidence
1209382	low confidence
1209383	low confidence
870710	low confidence
2219047	low confidence
1095764	low confidence
2936928	low confidence
1437125	low confidence
1201016	low confidence
1201017	low confidence
1201018	low confidence
1714360	low confidence
1714361	low confidence
1244522	low confidence
2448649	low confidence
2720938	low confidence
3431243	low confidence
745094	low confidence
745091	low confidence
743529	low confidence
743528	low confidence
3048278	low confidence
1525174	low confidence
1148801	low confidence
1194163	low confidence
1194164	low confidence
1112700	low confidence
2831046	low confidence
742945	low confidence
742948	low confidence
742944	low confidence
742946	low confidence
742947	low confidence
742926	low confidence
742927	low confidence
742928	low confidence
742929	low confidence
742930	low confidence
742934	low confidence
742935	low confidence
742933	low confidence
742931	low confidence
742932	low confidence
742936	low confidence
745095	low confidence
742937	low confidence
742938	low confidence
742955	low confidence
742958	low confidence
742953	low confidence
742951	low confidence
742949	low confidence
742959	low confidence
742952	low confidence
742950	low confidence
742957	low confidence
742956	low confidence
742960	low confidence
742954	low confidence
1136456	low confidence
1511894	low confidence
871260	low confidence
1615798	low confidence
1521109	low confidence
3428509	low confidence
3428512	low confidence
1329782	low confidence
47681	low confidence
1156749	low confidence
1972587	low confidence
1891754	low confidence
3052190	low confidence
38768	low confidence
580061	low confidence
2219052	low confidence
2219053	low confidence
3428953	low confidence
3431392	low confidence
2602438	low confidence
1682185	low confidence
497343	low confidence
497344	low confidence
650036	low confidence
38016	low confidence
1417605	low confidence
1417606	low confidence
1417607	low confidence
1417608	low confidence
1417609	low confidence
1417610	low confidence
1417611	low confidence
1417603	low confidence
1417612	low confidence
1417613	low confidence
1417614	low confidence
1417615	low confidence
1417616	low confidence
1417617	low confidence
1417618	low confidence
1417604	low confidence
1417619	low confidence
934413	low confidence
641884	low confidence
164250	low confidence
496406	low confidence
497915	low confidence
496407	low confidence
496408	low confidence
496409	low confidence
37741	low confidence
937784	low confidence
1076281	low confidence
1076282	low confidence
1076283	low confidence
1076284	low confidence
1076285	low confidence
2712269	low confidence
3429214	low confidence
682383	low confidence
682384	low confidence
2502796	low confidence
2502797	low confidence
1922835	low confidence
1923094	low confidence
1923116	low confidence
1923133	low confidence
1904886	low confidence
1904888	low confidence
1222019	low confidence
1186059	low confidence
1188015	low confidence
2184749	low confidence
1903319	low confidence
1428481	low confidence
384335	low confidence
586421	low confidence
1181292	low confidence
1222051	low confidence
1221646	low confidence
1222038	low confidence
1222039	low confidence
1222040	low confidence
1222041	low confidence
1222042	low confidence
1222043	low confidence
1222044	low confidence
1222045	low confidence
1222046	low confidence
1222047	low confidence
1222048	low confidence
1222049	low confidence
1222050	low confidence
858567	low confidence
858568	low confidence
858569	low confidence
858570	low confidence
858571	low confidence
858572	low confidence
858573	low confidence
1569923	low confidence
433732	low confidence
433731	low confidence
87786	low confidence
941281	low confidence
941282	low confidence
764266	low confidence
764267	low confidence
941283	low confidence
941284	low confidence
941285	low confidence
941286	low confidence
941287	low confidence
941288	low confidence
941289	low confidence
941290	low confidence
941291	low confidence
941292	low confidence
941293	low confidence
941294	low confidence
941295	low confidence
941296	low confidence
941297	low confidence
941298	low confidence
941299	low confidence
941300	low confidence
941301	low confidence
941302	low confidence
941303	low confidence
941304	low confidence
941305	low confidence
941306	low confidence
941307	low confidence
941308	low confidence
941309	low confidence
941310	low confidence
941311	low confidence
941312	low confidence
941313	low confidence
764268	low confidence
941314	low confidence
1072676	low confidence
1072677	low confidence
941315	low confidence
941316	low confidence
941317	low confidence
941318	low confidence
941319	low confidence
941320	low confidence
941321	low confidence
104382	low confidence
2994337	low confidence
2044876	low confidence
341730	low confidence
3241445	low confidence
543937	low confidence
2093788	low confidence
2093789	low confidence
269339	low confidence
1525176	low confidence
412463	low confidence
532080	low confidence
764236	low confidence
764237	low confidence
764238	low confidence
764239	low confidence
764240	low confidence
764241	low confidence
764242	low confidence
764243	low confidence
764244	low confidence
433730	low confidence
741955	low confidence
741956	low confidence
741957	low confidence
741958	low confidence
532081	low confidence
532082	low confidence
532083	low confidence
532084	low confidence
864558	low confidence
864559	low confidence
864560	low confidence
532085	low confidence
532086	low confidence
532087	low confidence
532088	low confidence
546676	low confidence
546677	low confidence
546678	low confidence
546679	low confidence
546680	low confidence
546681	low confidence
546682	low confidence
546683	low confidence
546684	low confidence
546685	low confidence
546686	low confidence
546687	low confidence
546688	low confidence
546689	low confidence
546690	low confidence
546691	low confidence
546692	low confidence
546693	low confidence
546694	low confidence
546695	low confidence
546696	low confidence
546697	low confidence
546698	low confidence
546699	low confidence
546700	low confidence
546701	low confidence
546702	low confidence
546703	low confidence
546704	low confidence
546705	low confidence
546706	low confidence
546707	low confidence
546708	low confidence
546709	low confidence
546710	low confidence
546711	low confidence
546712	low confidence
546713	low confidence
546714	low confidence
546715	low confidence
546716	low confidence
546717	low confidence
546718	low confidence
546719	low confidence
546720	low confidence
546721	low confidence
546722	low confidence
546723	low confidence
546725	low confidence
546726	low confidence
546727	low confidence
546728	low confidence
546729	low confidence
532089	low confidence
532090	low confidence
532091	low confidence
764245	low confidence
764246	low confidence
764247	low confidence
764248	low confidence
764249	low confidence
764250	low confidence
764251	low confidence
764252	low confidence
764253	low confidence
764254	low confidence
764255	low confidence
764256	low confidence
764257	low confidence
764258	low confidence
764259	low confidence
764260	low confidence
764261	low confidence
764262	low confidence
764263	low confidence
764264	low confidence
764265	low confidence
611726	low confidence
611727	low confidence
611728	low confidence
611729	low confidence
611730	low confidence
611731	low confidence
611732	low confidence
611733	low confidence
611734	low confidence
611735	low confidence
611736	low confidence
611737	low confidence
611738	low confidence
611739	low confidence
611740	low confidence
611741	low confidence
611742	low confidence
611743	low confidence
611744	low confidence
611745	low confidence
611746	low confidence
611747	low confidence
611748	low confidence
611749	low confidence
611750	low confidence
611751	low confidence
611752	low confidence
611753	low confidence
611754	low confidence
611755	low confidence
611756	low confidence
611757	low confidence
611758	low confidence
611759	low confidence
611760	low confidence
611761	low confidence
611762	low confidence
611763	low confidence
611764	low confidence
741959	low confidence
741960	low confidence
537508	low confidence
537509	low confidence
537510	low confidence
537511	low confidence
537512	low confidence
537513	low confidence
537514	low confidence
537515	low confidence
537516	low confidence
537517	low confidence
537518	low confidence
537519	low confidence
537520	low confidence
537521	low confidence
537522	low confidence
537523	low confidence
537524	low confidence
537525	low confidence
537526	low confidence
537527	low confidence
537528	low confidence
537529	low confidence
537530	low confidence
537531	low confidence
537532	low confidence
537533	low confidence
537534	low confidence
537535	low confidence
537536	low confidence
537537	low confidence
537538	low confidence
537539	low confidence
537540	low confidence
537541	low confidence
537542	low confidence
537593	low confidence
537543	low confidence
537544	low confidence
537545	low confidence
537546	low confidence
537547	low confidence
537548	low confidence
537549	low confidence
537550	low confidence
537551	low confidence
537552	low confidence
537553	low confidence
537554	low confidence
537555	low confidence
537556	low confidence
537557	low confidence
537558	low confidence
537559	low confidence
537560	low confidence
537561	low confidence
537562	low confidence
537563	low confidence
537564	low confidence
537565	low confidence
537566	low confidence
537567	low confidence
537568	low confidence
537569	low confidence
537570	low confidence
537571	low confidence
537572	low confidence
537573	low confidence
537574	low confidence
537575	low confidence
537576	low confidence
537577	low confidence
537578	low confidence
537579	low confidence
537580	low confidence
537581	low confidence
537582	low confidence
537583	low confidence
537584	low confidence
537585	low confidence
537586	low confidence
537587	low confidence
537588	low confidence
537589	low confidence
537590	low confidence
537591	low confidence
537592	low confidence
864561	low confidence
1523262	low confidence
1523263	low confidence
1523264	low confidence
1523265	low confidence
1523266	low confidence
1523267	low confidence
1523268	low confidence
1523269	low confidence
1523270	low confidence
1523271	low confidence
1523272	low confidence
1523273	low confidence
1523274	low confidence
1523275	low confidence
1523276	low confidence
1523277	low confidence
1523278	low confidence
1523279	low confidence
1523280	low confidence
1523281	low confidence
1523282	low confidence
1523283	low confidence
1523284	low confidence
1523285	low confidence
1523286	low confidence
1523287	low confidence
1523288	low confidence
1523289	low confidence
1523290	low confidence
1523291	low confidence
1523292	low confidence
532092	low confidence
532093	low confidence
532094	low confidence
532095	low confidence
532096	low confidence
532097	low confidence
532098	low confidence
532099	low confidence
532100	low confidence
532101	low confidence
532102	low confidence
630715	low confidence
630716	low confidence
630717	low confidence
630718	low confidence
630719	low confidence
630720	low confidence
167323	low confidence
481493	low confidence
481494	low confidence
481495	low confidence
481497	low confidence
647366	low confidence
481498	low confidence
647367	low confidence
481502	low confidence
481503	low confidence
481504	low confidence
481505	low confidence
481506	low confidence
647368	low confidence
647369	low confidence
647370	low confidence
481507	low confidence
481508	low confidence
481510	low confidence
481511	low confidence
481513	low confidence
647371	low confidence
1523293	low confidence
1523294	low confidence
647372	low confidence
647373	low confidence
647374	low confidence
481515	low confidence
481516	low confidence
481517	low confidence
741961	low confidence
741962	low confidence
1906931	low confidence
295016	low confidence
348136	low confidence
1548189	low confidence
1714296	low confidence
1714297	low confidence
1714298	low confidence
2219048	low confidence
2778245	low confidence
2778247	low confidence
2778246	low confidence
2778248	low confidence
2778249	low confidence
2778250	low confidence
2778251	low confidence
2778252	low confidence
2778253	low confidence
10484	low confidence
3047792	low confidence
178534	low confidence
430511	low confidence
3241299	low confidence
2572459	low confidence
2094719	low confidence
2497867	low confidence
3427293	low confidence
1244525	low confidence
2169479	low confidence
3430637	low confidence
3430642	low confidence
3430625	low confidence
1912147	low confidence
3052329	low confidence
2716315	low confidence
3427294	low confidence
3052343	low confidence
3427295	low confidence
1170423	low confidence
659265	low confidence
2364099	low confidence
3052370	low confidence
1933176	low confidence
1402035	low confidence
3052393	low confidence
3052394	low confidence
3052400	low confidence
3052404	low confidence
3052416	low confidence
3052421	low confidence
3052424	low confidence
3060496	low confidence
2219997	low confidence
3052445	low confidence
3052457	low confidence
3047370	low confidence
3052467	low confidence
3048206	low confidence
3048439	low confidence
3052492	low confidence
2022413	low confidence
3052509	low confidence
3052510	low confidence
3052521	low confidence
3052525	low confidence
3052538	low confidence
3050329	low confidence
1631191	low confidence
1631192	low confidence
1914549	low confidence
2231327	low confidence
1803959	low confidence
1803960	low confidence
1803961	low confidence
2516502	low confidence
2497866	low confidence
2498143	low confidence
3432865	low confidence
1177757	low confidence
3052637	low confidence
1032690	low confidence
1032691	low confidence
3052661	low confidence
3052679	low confidence
999535	low confidence
1907787	low confidence
1525177	low confidence
1525178	low confidence
1525179	low confidence
1530251	low confidence
664661	low confidence
36362	low confidence
2517214	low confidence
2081950	low confidence
2506584	low confidence
1042528	low confidence
1203029	low confidence
2219046	low confidence
10891	low confidence
862167	low confidence
862168	low confidence
862169	low confidence
862170	low confidence
862171	low confidence
862172	low confidence
862173	low confidence
862174	low confidence
862175	low confidence
862176	low confidence
862177	low confidence
862178	low confidence
862179	low confidence
862180	low confidence
862181	low confidence
862182	low confidence
862183	low confidence
864623	low confidence
864624	low confidence
10970	low confidence
1330993	low confidence
688450	low confidence
688451	low confidence
688452	low confidence
688453	low confidence
688454	low confidence
688456	low confidence
688457	low confidence
688458	low confidence
688459	low confidence
688460	low confidence
688461	low confidence
688462	low confidence
688463	low confidence
2039694	low confidence
688464	low confidence
688465	low confidence
688466	low confidence
3432264	low confidence
1899067	low confidence
1899068	low confidence
1899069	low confidence
1899070	low confidence
1899071	low confidence
1899072	low confidence
1899073	low confidence
1899074	low confidence
1899075	low confidence
1899076	low confidence
1899077	low confidence
1899078	low confidence
1899079	low confidence
1899080	low confidence
1899081	low confidence
1899082	low confidence
1899083	low confidence
1899084	low confidence
1899085	low confidence
1899086	low confidence
723802	low confidence
57667	low confidence
2497865	low confidence
64318	low confidence
3427297	low confidence
1964822	low confidence
2747383	low confidence
870711	low confidence
870712	low confidence
662948	low confidence
29256	low confidence
1955201	low confidence
1034771	low confidence
230161	low confidence
1034800	low confidence
340016	low confidence
10535	low confidence
1631195	low confidence
11309	low confidence
1214906	low confidence
315431	low confidence
235406	low confidence
1712394	low confidence
3052809	low confidence
11276	low confidence
745103	low confidence
745101	low confidence
745104	low confidence
745106	low confidence
745108	low confidence
745105	low confidence
745109	low confidence
745098	low confidence
745102	low confidence
745099	low confidence
745100	low confidence
745097	low confidence
2152919	low confidence
2170060	low confidence
1987106	low confidence
2715094	low confidence
3115662	low confidence
1176484	low confidence
261202	low confidence
2202649	low confidence
3703201	low confidence
2956251	low confidence
3052707	low confidence
3060500	low confidence
3429216	low confidence
3429217	low confidence
3703354	low confidence
3430817	low confidence
64288	non-human-infecting
64291	non-human-infecting
59302	non-human-infecting
64297	non-human-infecting
64319	non-human-infecting
44158	non-human-infecting
48544	non-human-infecting
40004	non-human-infecting
64283	non-human-infecting
3052386	non-human-infecting
3052441	non-human-infecting
129954	non-human-infecting
11246	non-human-infecting
1330521	non-human-infecting
11023	non-human-infecting
64280	non-human-infecting
1159195	non-human-infecting
3052304	non-human-infecting
64307	non-human-infecting
11024	non-human-infecting
332097	non-human-infecting
3052148	non-human-infecting
3051976	non-human-infecting
64309	non-human-infecting
11263	non-human-infecting
1972565	non-human-infecting
1933185	non-human-infecting
45455	non-human-infecting
3052320	non-human-infecting
1933263	non-human-infecting
64311	non-human-infecting
35246	non-human-infecting
60879	non-human-infecting
122291	non-human-infecting
11660	non-human-infecting
1678147	non-human-infecting
64294	non-human-infecting
11002	non-human-infecting
84589	non-human-infecting
64310	non-human-infecting
3052045	non-human-infecting
3052308	non-human-infecting
183405	non-human-infecting
310907	non-human-infecting
70796	non-human-infecting
1933178	non-human-infecting
64296	non-human-infecting
3051624	non-human-infecting
1972588	non-human-infecting
1239567	non-human-infecting
686984	non-human-infecting
39720	non-human-infecting
183407	non-human-infecting
3052613	non-human-infecting
28871	non-human-infecting
2025079	non-human-infecting
3052374	non-human-infecting
3052372	non-human-infecting
3052727	non-human-infecting
129952	non-human-infecting
405554	non-human-infecting
2560315	non-human-infecting
3052449	non-human-infecting
38525	non-human-infecting
59304	non-human-infecting
11240	non-human-infecting
3052231	non-human-infecting
1891729	non-human-infecting
3052479	non-human-infecting
11241	non-human-infecting
188763	non-human-infecting
10570	non-human-infecting
3052395	non-human-infecting
3052534	non-human-infecting
240426	non-human-infecting
154334	non-human-infecting
3052338	non-human-infecting
11901	non-human-infecting
129728	non-human-infecting
3052485	non-human-infecting
3052408	non-human-infecting
50292	non-human-infecting
1300113	non-human-infecting
1987125	non-human-infecting
3052222	non-human-infecting
693997	non-human-infecting
334212	non-human-infecting
1239439	non-human-infecting
3052562	non-human-infecting
1002360	non-human-infecting
64284	non-human-infecting
48543	non-human-infecting
10397	non-human-infecting
12643	non-human-infecting
109270	non-human-infecting
306276	non-human-infecting
10561	non-human-infecting
3052311	non-human-infecting
3052616	non-human-infecting
1239569	non-human-infecting
1821751	non-human-infecting
36370	non-human-infecting
1986118	non-human-infecting
3052319	non-human-infecting
1985691	non-human-infecting
1330520	non-human-infecting
3052593	non-human-infecting
3052723	non-human-infecting
3052724	non-human-infecting
1980918	non-human-infecting
333919	non-human-infecting
3241440	non-human-infecting
28873	non-human-infecting
1985689	non-human-infecting
3052313	non-human-infecting
1965093	non-human-infecting
3052601	non-human-infecting
104580	non-human-infecting
35279	non-human-infecting
11856	non-human-infecting
64312	non-human-infecting
3052483	non-human-infecting
694007	non-human-infecting
64299	non-human-infecting
3052729	non-human-infecting
3241441	non-human-infecting
138184	non-human-infecting
11757	non-human-infecting
40051	non-human-infecting
106966	non-human-infecting
3052476	non-human-infecting
47418	non-human-infecting
1987128	non-human-infecting
201490	non-human-infecting
106331	non-human-infecting
3052296	non-human-infecting
3052471	non-human-infecting
12804	non-human-infecting
1978537	non-human-infecting
3052315	non-human-infecting
1159902	non-human-infecting
35258	non-human-infecting
2560317	non-human-infecting
1159904	non-human-infecting
10398	non-human-infecting
1978536	non-human-infecting
1972580	non-human-infecting
1987127	non-human-infecting
11855	non-human-infecting
3052631	non-human-infecting
10381	non-human-infecting
1548713	non-human-infecting
3052324	non-human-infecting
11976	non-human-infecting
59380	non-human-infecting
11970	non-human-infecting
82676	non-human-infecting
28304	non-human-infecting
1256869	non-human-infecting
3052519	non-human-infecting
1913642	non-human-infecting
3052212	non-human-infecting
2169685	non-human-infecting
3052235	non-human-infecting
3052481	non-human-infecting
11840	non-human-infecting
130499	non-human-infecting
3052316	non-human-infecting
3052720	non-human-infecting
40060	non-human-infecting
80341	non-human-infecting
1637496	non-human-infecting
144752	non-human-infecting
3052478	non-human-infecting
1985690	non-human-infecting
1239437	non-human-infecting
12657	non-human-infecting
40053	non-human-infecting
11673	non-human-infecting
1933181	non-human-infecting
3052335	non-human-infecting
1972564	non-human-infecting
10331	non-human-infecting
1985688	non-human-infecting
3052605	non-human-infecting
10266	non-human-infecting
1972570	non-human-infecting
10406	non-human-infecting
1511803	non-human-infecting
3052594	non-human-infecting
1972581	non-human-infecting
2560259	non-human-infecting
85708	non-human-infecting
3052596	non-human-infecting
3052232	non-human-infecting
40012	non-human-infecting
356862	non-human-infecting
3052588	non-human-infecting
129956	non-human-infecting
3052298	non-human-infecting
3052495	non-human-infecting
3052612	non-human-infecting
40537	non-human-infecting
10567	non-human-infecting
1678144	non-human-infecting
3052733	non-human-infecting
1986112	non-human-infecting
1308859	non-human-infecting
1891730	non-human-infecting
11665	non-human-infecting
10623	non-human-infecting
1481452	non-human-infecting
1511779	non-human-infecting
48981	non-human-infecting
3052306	non-human-infecting
1603962	non-human-infecting
38804	non-human-infecting
365327	non-human-infecting
2031165	non-human-infecting
1146873	non-human-infecting
3052322	non-human-infecting
3052202	non-human-infecting
1986113	non-human-infecting
3052405	non-human-infecting
3052337	non-human-infecting
62352	non-human-infecting
1985983	non-human-infecting
1978534	non-human-infecting
11746	non-human-infecting
11657	non-human-infecting
129955	non-human-infecting
338781	non-human-infecting
3052237	non-human-infecting
28874	non-human-infecting
1548722	non-human-infecting
1914568	non-human-infecting
64894	non-human-infecting
2169971	non-human-infecting
10371	non-human-infecting
1987123	non-human-infecting
53182	non-human-infecting
1972620	non-human-infecting
1239577	non-human-infecting
3052788	non-human-infecting
1978538	non-human-infecting
3052598	non-human-infecting
3052239	non-human-infecting
1987130	non-human-infecting
3052764	non-human-infecting
10537	non-human-infecting
1891770	non-human-infecting
1511772	non-human-infecting
10366	non-human-infecting
1431460	non-human-infecting
3052233	non-human-infecting
1980917	non-human-infecting
693066	non-human-infecting
2560318	non-human-infecting
1244203	non-human-infecting
694006	non-human-infecting
1972566	non-human-infecting
3052026	non-human-infecting
242710	non-human-infecting
1972616	non-human-infecting
519014	non-human-infecting
3052486	non-human-infecting
10991	non-human-infecting
948741	non-human-infecting
130327	non-human-infecting
694015	non-human-infecting
170325	non-human-infecting
11768	non-human-infecting
3052242	non-human-infecting
3052626	non-human-infecting
698672	non-human-infecting
1914574	non-human-infecting
35269	non-human-infecting
3052210	non-human-infecting
10256	non-human-infecting
129950	non-human-infecting
1881950	non-human-infecting
42475	non-human-infecting
694008	non-human-infecting
3052473	non-human-infecting
10271	non-human-infecting
1159907	non-human-infecting
3052748	non-human-infecting
1678146	non-human-infecting
1679172	non-human-infecting
40067	non-human-infecting
226613	non-human-infecting
686985	non-human-infecting
59816	non-human-infecting
335100	non-human-infecting
273810	non-human-infecting
10497	non-human-infecting
10987	non-human-infecting
104395	non-human-infecting
209854	non-human-infecting
2560310	non-human-infecting
745716	non-human-infecting
10326	non-human-infecting
3052321	non-human-infecting
693998	non-human-infecting
1155188	non-human-infecting
1985698	non-human-infecting
2509284	non-human-infecting
3052516	non-human-infecting
2003499	non-human-infecting
3052524	non-human-infecting
11809	non-human-infecting
3052718	non-human-infecting
1002359	non-human-infecting
3052323	non-human-infecting
59509	non-human-infecting
3052633	non-human-infecting
64300	non-human-infecting
3052482	non-human-infecting
3052484	non-human-infecting
1972595	non-human-infecting
186805	non-human-infecting
1978544	non-human-infecting
10276	non-human-infecting
10317	non-human-infecting
10564	non-human-infecting
3052211	non-human-infecting
33724	non-human-infecting
3052614	non-human-infecting
2170030	non-human-infecting
694005	non-human-infecting
2040663	non-human-infecting
1972621	non-human-infecting
3052241	non-human-infecting
694014	non-human-infecting
1986959	non-human-infecting
691956	non-human-infecting
3052618	non-human-infecting
1980916	non-human-infecting
3052344	non-human-infecting
3052595	non-human-infecting
35252	non-human-infecting
341721	non-human-infecting
3052763	non-human-infecting
1239566	non-human-infecting
488317	non-human-infecting
10345	non-human-infecting
114424	non-human-infecting
329862	non-human-infecting
3052327	non-human-infecting
35244	non-human-infecting
1980915	non-human-infecting
2560316	non-human-infecting
33756	non-human-infecting
47929	non-human-infecting
1239574	non-human-infecting
2031166	non-human-infecting
1511776	non-human-infecting
33706	non-human-infecting
219584	non-human-infecting
1986960	non-human-infecting
3052475	non-human-infecting
11864	non-human-infecting
205896	non-human-infecting
40050	non-human-infecting
1985706	non-human-infecting
1972593	non-human-infecting
246280	non-human-infecting
1972623	non-human-infecting
40054	non-human-infecting
390157	non-human-infecting
237020	non-human-infecting
1972613	non-human-infecting
152177	non-human-infecting
3052731	non-human-infecting
205910	non-human-infecting
1298633	non-human-infecting
55744	non-human-infecting
1548720	non-human-infecting
3052472	non-human-infecting
40056	non-human-infecting
1985699	non-human-infecting
1978533	non-human-infecting
1511805	non-human-infecting
1985704	non-human-infecting
1965074	non-human-infecting
1159908	non-human-infecting
1987126	non-human-infecting
2560321	non-human-infecting
340907	non-human-infecting
3052448	non-human-infecting
2560326	non-human-infecting
47000	non-human-infecting
1972569	non-human-infecting
1978545	non-human-infecting
195059	non-human-infecting
1972622	non-human-infecting
35243	non-human-infecting
2749935	non-human-infecting
10334	non-human-infecting
1972683	non-human-infecting
3052559	non-human-infecting
40065	non-human-infecting
1511084	non-human-infecting
693999	non-human-infecting
10320	non-human-infecting
3052224	non-human-infecting
1978542	non-human-infecting
1986958	non-human-infecting
207343	non-human-infecting
1972597	non-human-infecting
1972571	non-human-infecting
1972637	non-human-infecting
137443	non-human-infecting
311229	non-human-infecting
2560340	non-human-infecting
10273	non-human-infecting
1978535	non-human-infecting
195060	non-human-infecting
1987129	non-human-infecting
3052627	non-human-infecting
1978543	non-human-infecting
3052625	non-human-infecting
104581	non-human-infecting
39637	non-human-infecting
1884453	non-human-infecting
2499677	non-human-infecting
118140	non-human-infecting
10990	non-human-infecting
79891	non-human-infecting
56094	non-human-infecting
1985696	non-human-infecting
3052609	non-human-infecting
1978539	non-human-infecting
381543	non-human-infecting
10986	non-human-infecting
696863	non-human-infecting
1972618	non-human-infecting
10385	non-human-infecting
3052221	non-human-infecting
55987	non-human-infecting
11307	non-human-infecting
2502000	non-human-infecting
56144	non-human-infecting
1978546	non-human-infecting
369960	non-human-infecting
1330068	non-human-infecting
337052	non-human-infecting
205899	non-human-infecting
3052767	non-human-infecting
2499930	non-human-infecting
57747	non-human-infecting
1297661	non-human-infecting
3052620	non-human-infecting
1972596	non-human-infecting
3052243	non-human-infecting
3052269	non-human-infecting
10989	non-human-infecting
1914576	non-human-infecting
2560309	non-human-infecting
2560320	non-human-infecting
574549	non-human-infecting
205908	non-human-infecting
2499621	non-human-infecting
3052229	non-human-infecting
181667	non-human-infecting
1985697	non-human-infecting
1884878	non-human-infecting
3052622	non-human-infecting
202910	non-human-infecting
38170	non-human-infecting
77698	non-human-infecting
2560293	non-human-infecting
133704	non-human-infecting
1987124	non-human-infecting
129953	non-human-infecting
1965089	non-human-infecting
1913643	non-human-infecting
1985695	non-human-infecting
694000	non-human-infecting
74501	non-human-infecting
1978541	non-human-infecting
1897731	non-human-infecting
1985982	non-human-infecting
1972586	non-human-infecting
394239	non-human-infecting
40062	non-human-infecting
1755588	non-human-infecting
3052765	non-human-infecting
75888	non-human-infecting
11978	non-human-infecting
1985694	non-human-infecting
185954	non-human-infecting
3052227	non-human-infecting
2170004	non-human-infecting
1972615	non-human-infecting
1231903	non-human-infecting
2003391	non-human-infecting
11786	non-human-infecting
694001	non-human-infecting
1972589	non-human-infecting
12064	non-human-infecting
1914575	non-human-infecting
2501965	non-human-infecting
1985702	non-human-infecting
311228	non-human-infecting
1972567	non-human-infecting
1972686	non-human-infecting
40061	non-human-infecting
3052611	non-human-infecting
1985703	non-human-infecting
10353	non-human-infecting
1972592	non-human-infecting
2501948	non-human-infecting
3052228	non-human-infecting
3052762	non-human-infecting
2083444	non-human-infecting
1987013	non-human-infecting
348823	non-human-infecting
1659771	non-human-infecting
185782	non-human-infecting
2499685	non-human-infecting
1157337	non-human-infecting
2499680	non-human-infecting
10565	non-human-infecting
10995	non-human-infecting
11636	non-human-infecting
2499678	non-human-infecting
1170234	non-human-infecting
3052607	non-human-infecting
1972617	non-human-infecting
1972594	non-human-infecting
519497	non-human-infecting
205895	non-human-infecting
33708	non-human-infecting
3052238	non-human-infecting
1511781	non-human-infecting
1511783	non-human-infecting
312185	non-human-infecting
1755590	non-human-infecting
2560313	non-human-infecting
3052226	non-human-infecting
1972612	non-human-infecting
3052193	non-human-infecting
28295	non-human-infecting
1239438	non-human-infecting
3052234	non-human-infecting
1972624	non-human-infecting
2501969	non-human-infecting
1972614	non-human-infecting
279896	non-human-infecting
1094373	non-human-infecting
2499622	non-human-infecting
1330066	non-human-infecting
1658615	non-human-infecting
2501999	non-human-infecting
2499932	non-human-infecting
2501964	non-human-infecting
1972639	non-human-infecting
2501947	non-human-infecting
1972619	non-human-infecting
1972584	non-human-infecting
1972626	non-human-infecting
1972625	non-human-infecting
3052604	non-human-infecting
