Taxid	hp_count	ppi_count	Label_text	num_of_vprot	num_of_vgene	len_of_vgene
1002359	733	1403	non-human-infecting	6	1	12790
1002360	580	1361	non-human-infecting	6	1	12486
10245	1356	24363	human-infecting	225	1	199150
10256	1410	25663	non-human-infecting	208	1	214699
10266	905	11224	non-human-infecting	148	1	149955
10271	1131	21495	non-human-infecting	165	1	159857
10273	46	46	non-human-infecting	166	1	161773
10276	1137	14074	non-human-infecting	151	1	146454
10317	1441	20231	non-human-infecting	86	1	150715
10326	1295	17679	non-human-infecting	97	1	150224
10331	1275	16658	non-human-infecting	93	1	145597
10334	1282	15975	non-human-infecting	91	1	135797
10345	1447	19130	non-human-infecting	92	1	143461
10353	1372	18733	non-human-infecting	85	1	156742
10366	1185	20231	non-human-infecting	156	1	230278
10368	1113	10572	human-infecting	130	1	162114
10371	1610	20570	non-human-infecting	95	1	182380
10381	1385	15997	non-human-infecting	75	1	112930
10385	1226	16613	non-human-infecting	75	1	108873
10397	1169	20686	non-human-infecting	123	1	195859
10398	1610	17955	non-human-infecting	79	1	135135
10406	2781	3083	non-human-infecting	2	1	3311
104395	33	34	non-human-infecting	3	1	2362
104580	293	1187	non-human-infecting	12	12	20985
104581	515	1755	non-human-infecting	9	9	16428
10497	696	12841	non-human-infecting	150	1	170101
10537	750	3530	non-human-infecting	31	1	30536
10561	2115	4309	non-human-infecting	5	1	7276
10564	1817	3087	non-human-infecting	6	1	8374
10565	2290	4288	non-human-infecting	6	1	8095
10566	1801	4398	human-infecting	7	1	7812
10567	2351	4495	non-human-infecting	5	1	7687
10570	2841	11192	non-human-infecting	8	1	8028
10623	2073	5075	non-human-infecting	7	1	7868
106331	1378	17130	non-human-infecting	126	1	149696
106966	187	322	non-human-infecting	1	1	7388
1072176	3576	5078	human-infecting	5	1	11900
109270	662	1441	non-human-infecting	6	1	12035
1094373	786	1651	non-human-infecting	6	1	12390
10986	357	1172	non-human-infecting	12	12	25709
10987	334	1052	non-human-infecting	9	9	14409
10989	275	810	non-human-infecting	12	10	29144
10990	232	722	non-human-infecting	13	10	29141
10991	467	1712	non-human-infecting	13	12	24839
10995	183	255	non-human-infecting	2	2	5898
11002	166	227	non-human-infecting	2	2	5881
11023	736	1048	non-human-infecting	4	1	11550
11024	1117	1459	non-human-infecting	3	1	11526
11240	1422	2526	non-human-infecting	9	1	15696
11241	1800	2706	non-human-infecting	9	1	15882
11246	1783	2951	non-human-infecting	11	1	15140
11263	1497	2587	non-human-infecting	11	1	14885
11292	3674	5603	human-infecting	5	1	11928
11307	633	1331	non-human-infecting	6	1	13720
11318	427	1284	human-infecting	6	6	10616
114424	458	2713	non-human-infecting	33	1	33034
1146873	523	2566	non-human-infecting	25	1	35203
1155188	112	112	non-human-infecting	1	1	7245
11569	453	1376	human-infecting	6	6	10461
1157337	264	945	non-human-infecting	10	10	23317
1159195	820	1113	non-human-infecting	3	1	11245
1159902	392	1080	non-human-infecting	10	1	26223
1159904	316	762	non-human-infecting	10	1	26077
1159907	286	566	non-human-infecting	6	1	26041
1159908	363	1118	non-human-infecting	10	1	26227
11636	778	1351	non-human-infecting	6	1	8295
11642	706	1681	human-infecting	6	1	13252
11657	384	646	non-human-infecting	3	1	8482
11660	3353	3585	non-human-infecting	4	1	9189
11665	510	747	non-human-infecting	3	1	8359
11673	578	1065	non-human-infecting	7	1	9474
11746	622	1040	non-human-infecting	5	1	7462
11757	426	971	non-human-infecting	5	1	8805
1175848	1879	3869	human-infecting	6	1	7357
1175849	2355	4447	human-infecting	6	1	7309
1175850	2035	4375	human-infecting	7	1	7298
1175851	1967	4288	human-infecting	6	1	7219
1175852	1717	3875	human-infecting	7	1	7342
11768	512	720	non-human-infecting	3	1	8448
11786	537	728	non-human-infecting	3	1	8332
11809	769	1525	non-human-infecting	4	1	5833
118140	120	124	non-human-infecting	2	1	7117
11827	389	732	human-infecting	5	1	9472
11840	537	719	non-human-infecting	3	1	8534
11855	380	681	non-human-infecting	5	1	8557
11856	409	668	non-human-infecting	6	1	8785
11864	605	965	non-human-infecting	4	1	9679
11901	587	1605	non-human-infecting	8	1	8419
1193974	193	210	human-infecting	2	1	7405
11970	656	987	non-human-infecting	4	1	5779
11976	121	121	non-human-infecting	2	1	7437
11978	96	123	non-human-infecting	3	1	7683
12064	141	156	non-human-infecting	2	1	7414
12066	258	404	human-infecting	3	1	7635
1208309	1088	2097	human-infecting	5	1	4927
122291	2291	5240	non-human-infecting	6	1	7565
1231709	1098	2042	human-infecting	4	1	4939
1231903	237	350	non-human-infecting	3	1	11634
1233383	98	101	human-infecting	2	1	7802
1239437	181	300	non-human-infecting	3	1	7003
1239438	180	577	non-human-infecting	3	1	6927
1239439	197	624	non-human-infecting	3	1	7355
1239566	204	396	non-human-infecting	3	1	6598
1239569	337	692	non-human-infecting	3	1	6579
1239574	184	356	non-human-infecting	3	1	6610
1239577	177	311	non-human-infecting	3	1	6440
1244203	413	918	non-human-infecting	10	1	28494
12455	237	237	human-infecting	5	1	8909
1247113	211	401	human-infecting	3	1	6518
1247114	163	319	human-infecting	3	1	6124
12538	859	1660	human-infecting	5	1	11940
1256869	810	1377	non-human-infecting	5	1	11487
12643	1550	27358	non-human-infecting	216	1	209771
12657	1387	19934	non-human-infecting	94	1	184439
12721	1874	4661	human-infecting	7	1	10364
12804	504	796	non-human-infecting	4	1	9100
129728	960	21465	non-human-infecting	131	1	139981
1297661	308	651	non-human-infecting	7	1	26552
1298633	218	277	non-human-infecting	2	1	8210
129950	590	3507	non-human-infecting	30	1	34446
129952	314	1015	non-human-infecting	11	1	11939
129953	564	3545	non-human-infecting	37	1	34185
129954	644	2722	non-human-infecting	30	1	32690
129955	612	2933	non-human-infecting	27	1	33090
129956	671	3401	non-human-infecting	25	1	30944
1300113	728	1226	non-human-infecting	5	1	11806
130327	404	1710	non-human-infecting	28	1	29576
130499	420	2079	non-human-infecting	30	1	31301
1308859	590	1127	non-human-infecting	6	1	14409
1330066	93	166	non-human-infecting	1	1	6718
1330068	191	502	non-human-infecting	3	1	8785
1330520	119	119	non-human-infecting	1	1	7397
1330521	197	335	non-human-infecting	1	1	7379
133704	41	41	non-human-infecting	2	1	1758
136966	135	155	human-infecting	4	1	3840
137443	1446	21717	non-human-infecting	95	1	140122
138184	1484	19442	non-human-infecting	90	1	137090
1391667	781	830	human-infecting	3	1	4733
1407638	94	130	human-infecting	4	1	2526
1431460	81	81	non-human-infecting	1	1	7583
144752	380	443	non-human-infecting	3	2	10396
1459003	387	1503	human-infecting	12	10	23255
1481452	125	125	non-human-infecting	1	1	8398
1511084	309	844	non-human-infecting	8	7	12800
1511772	69	69	non-human-infecting	1	1	7373
1511776	134	134	non-human-infecting	1	1	8496
1511779	199	353	non-human-infecting	3	1	8468
1511781	104	104	non-human-infecting	1	1	7641
1511783	80	80	non-human-infecting	1	1	6916
1511803	166	167	non-human-infecting	2	1	8035
1511805	272	361	non-human-infecting	2	1	8931
1511891	1888	1896	human-infecting	2	1	4888
1511892	1898	1953	human-infecting	2	1	4693
1513256	1952	4051	human-infecting	6	1	7341
1513257	2039	4410	human-infecting	6	1	7181
1513258	2091	3554	human-infecting	5	1	7259
1513259	1993	3872	human-infecting	5	1	7182
1513260	1834	4200	human-infecting	6	1	7293
1513261	1244	3429	human-infecting	6	1	7236
1513262	1778	4160	human-infecting	7	1	7271
1513263	1831	4095	human-infecting	6	1	7329
1513264	1845	4034	human-infecting	6	1	7238
1513265	2156	4405	human-infecting	6	1	7233
1518574	212	395	human-infecting	3	1	6577
152177	766	1613	non-human-infecting	6	2	12414
154334	1695	22602	non-human-infecting	100	1	133719
1547495	178	179	human-infecting	2	1	7998
1548713	403	816	non-human-infecting	5	1	8915
1548720	348	645	non-human-infecting	5	1	8930
1548722	380	685	non-human-infecting	4	1	9006
1582094	119	144	human-infecting	3	1	7213
1595998	64	100	human-infecting	4	1	2460
1603962	116	116	non-human-infecting	1	1	7853
1609138	164	315	human-infecting	3	1	6048
1637496	305	858	non-human-infecting	12	11	17989
1647924	2188	4307	human-infecting	6	1	7143
1658615	193	409	non-human-infecting	11	1	15478
1659771	174	198	non-human-infecting	2	1	7807
1678143	410	485	human-infecting	2	1	7336
1678144	263	346	non-human-infecting	2	1	6654
1678145	215	283	human-infecting	3	1	6987
1678146	287	360	non-human-infecting	2	1	6796
1678147	164	214	non-human-infecting	2	1	7310
1679172	552	1732	non-human-infecting	10	10	17899
169066	133	133	human-infecting	1	1	7040
170325	1146	10435	non-human-infecting	77	1	125171
1714619	175	222	human-infecting	5	1	8910
1755590	150	185	non-human-infecting	2	1	7272
1780507	1408	16359	human-infecting	85	1	129563
1803958	70	70	human-infecting	1	1	7340
1805494	69	69	human-infecting	1	1	10203
181667	1913	4626	non-human-infecting	9	1	8300
1820160	84	93	human-infecting	3	1	2928
1821751	117	117	non-human-infecting	1	1	8530
183405	287	871	non-human-infecting	11	11	18341
183407	219	677	non-human-infecting	12	11	18186
1848960	629	1072	human-infecting	4	3	11490
1851215	2546	4479	human-infecting	5	1	7598
1851219	2155	4613	human-infecting	6	1	7260
185782	643	2472	non-human-infecting	13	11	23696
185954	254	796	non-human-infecting	14	10	29096
1862824	110	147	human-infecting	4	1	2264
186805	997	21403	non-human-infecting	152	1	149599
1868658	212	395	human-infecting	3	1	6577
1881950	359	820	non-human-infecting	5	1	8884
1883111	1212	1421	human-infecting	5	1	5400
1884453	573	2053	non-human-infecting	8	1	17187
1884878	331	710	non-human-infecting	6	1	8973
188763	1139	29650	non-human-infecting	174	1	241087
1891726	2082	3712	human-infecting	5	1	5387
1891727	2111	3665	human-infecting	6	1	5232
1891728	1088	2079	human-infecting	4	1	5108
1891729	1577	2703	non-human-infecting	4	1	5372
1891730	1600	3016	non-human-infecting	5	1	5307
1891745	1403	2583	human-infecting	4	1	4776
1891762	2605	4143	human-infecting	5	1	5241
1891763	2514	4012	human-infecting	6	1	5244
1891764	1227	1813	human-infecting	4	1	5050
1891765	1388	2067	human-infecting	4	1	5306
1891767	2640	3940	human-infecting	5	1	5243
1891770	1072	1679	non-human-infecting	4	1	4754
1897087	403	843	human-infecting	6	1	8850
1897731	169	169	non-human-infecting	1	1	8087
1904876	195	366	human-infecting	9	1	9585
1904885	624	3740	human-infecting	32	1	35103
1906670	129	146	human-infecting	2	1	7526
1907210	1073	4719	human-infecting	31	1	35931
1913642	324	828	non-human-infecting	9	1	28941
1913643	339	788	non-human-infecting	8	1	28035
1914415	79	94	human-infecting	4	1	2581
1914568	73	73	non-human-infecting	1	1	7539
1914574	77	77	non-human-infecting	1	1	8050
1914575	80	140	non-human-infecting	1	1	7697
1914576	74	127	non-human-infecting	1	1	7934
192971	1794	4167	human-infecting	6	1	7203
1930509	72	72	human-infecting	1	1	8856
1933178	371	500	non-human-infecting	3	3	12035
1933180	326	485	human-infecting	3	3	12240
1933181	321	485	non-human-infecting	3	3	13166
1933185	635	1012	non-human-infecting	5	3	12676
1933263	359	635	non-human-infecting	3	3	12102
1938392	1168	1459	human-infecting	3	1	7738
194965	148	148	human-infecting	1	1	8422
195059	677	1613	non-human-infecting	6	1	13188
195060	523	1319	non-human-infecting	8	1	12875
1955166	54	54	human-infecting	2	2	4435
1960046	95	119	human-infecting	3	1	8399
1961678	1704	3449	human-infecting	5	1	7228
1961679	1560	3696	human-infecting	6	1	7203
1961680	1476	3094	human-infecting	5	1	7226
1961681	2057	4136	human-infecting	6	1	7314
1961682	1822	4100	human-infecting	6	1	7324
1961683	1948	3950	human-infecting	6	1	7268
1961783	2273	5430	human-infecting	6	1	7227
1965074	196	329	non-human-infecting	5	1	27318
1972564	890	1732	non-human-infecting	5	1	10692
1972565	748	1174	non-human-infecting	5	1	11181
1972566	898	1657	non-human-infecting	5	1	11068
1972567	737	1320	non-human-infecting	6	1	11202
1972569	770	1482	non-human-infecting	6	1	11103
1972570	805	1521	non-human-infecting	6	1	11019
1972571	758	1163	non-human-infecting	5	1	11135
1972572	697	1288	human-infecting	6	1	11003
1972573	858	1708	human-infecting	5	1	11088
1972574	649	1145	human-infecting	6	1	11135
1972575	618	1201	human-infecting	5	1	11271
1972576	607	1228	human-infecting	7	1	11120
1972577	770	1214	human-infecting	5	1	11162
1972578	840	1565	human-infecting	6	1	11123
1972579	723	1092	human-infecting	7	1	11070
1972580	760	1120	non-human-infecting	5	1	11440
1972581	430	958	non-human-infecting	6	1	11092
1972584	798	1236	non-human-infecting	8	1	13298
1972586	805	1519	non-human-infecting	9	1	13203
1972588	637	1261	non-human-infecting	5	1	11478
1972589	722	1336	non-human-infecting	9	1	14627
1972592	636	1074	non-human-infecting	9	1	14717
1972593	611	1575	non-human-infecting	11	1	14900
1972594	559	1358	non-human-infecting	11	1	15024
1972595	667	1747	non-human-infecting	11	1	15442
1972596	736	1752	non-human-infecting	10	1	16133
1972597	910	2082	non-human-infecting	10	1	14478
1972612	567	1294	non-human-infecting	9	1	13038
1972613	702	1601	non-human-infecting	9	1	12403
1972614	529	1226	non-human-infecting	9	1	13104
1972615	631	1612	non-human-infecting	9	1	13155
1972616	549	1315	non-human-infecting	8	1	13209
1972617	895	1895	non-human-infecting	12	1	15721
1972618	686	1344	non-human-infecting	10	1	13695
1972619	749	1320	non-human-infecting	10	1	13784
1972620	794	1503	non-human-infecting	7	1	13294
1972621	565	1357	non-human-infecting	9	1	12957
1972622	692	1394	non-human-infecting	9	1	13106
1972623	771	2272	non-human-infecting	13	1	15764
1972624	906	1687	non-human-infecting	11	1	13189
1972625	856	1563	non-human-infecting	9	1	13205
1972626	884	1570	non-human-infecting	10	1	13196
1972637	669	1315	non-human-infecting	6	1	12193
1972639	614	1384	non-human-infecting	8	1	14494
1972683	268	537	non-human-infecting	6	1	11482
1972686	448	791	non-human-infecting	6	1	11876
1978533	722	1215	non-human-infecting	5	1	10968
1978534	890	1556	non-human-infecting	5	1	10853
1978535	868	1505	non-human-infecting	5	1	10863
1978536	905	1685	non-human-infecting	5	1	10881
1978537	734	1519	non-human-infecting	8	1	11528
1978538	750	1372	non-human-infecting	6	1	11457
1978539	908	2002	non-human-infecting	5	1	10833
1978540	672	1295	human-infecting	6	1	11450
1978541	870	1374	non-human-infecting	5	1	11103
1978542	906	1536	non-human-infecting	6	1	10941
1978543	777	1397	non-human-infecting	6	1	11072
1978544	620	1133	non-human-infecting	6	1	11355
1978545	845	1380	non-human-infecting	5	1	11139
1978546	901	1828	non-human-infecting	5	1	11120
1980456	3718	4366	human-infecting	2	2	10233
1980915	616	1188	non-human-infecting	6	1	11034
1980916	682	1433	non-human-infecting	6	1	11158
1980917	651	1298	non-human-infecting	6	1	11131
1980918	615	1136	non-human-infecting	7	1	11550
1983780	43	44	human-infecting	3	1	1783
1985689	529	1138	non-human-infecting	10	1	13070
1985690	528	1112	non-human-infecting	6	1	12536
1985691	431	1284	non-human-infecting	10	1	13593
1985693	705	1000	human-infecting	5	1	11156
1985694	692	937	non-human-infecting	7	1	11397
1985695	753	1335	non-human-infecting	6	1	11124
1985696	593	881	non-human-infecting	6	1	11422
1985697	733	1076	non-human-infecting	7	1	11290
1985698	262	645	non-human-infecting	6	2	12878
1985699	733	1521	non-human-infecting	8	1	12706
1985702	606	1428	non-human-infecting	6	1	12807
1985703	863	1769	non-human-infecting	6	1	12926
1985704	714	1663	non-human-infecting	9	1	13222
1985706	730	1606	non-human-infecting	8	1	14545
1985982	73	73	non-human-infecting	1	1	7310
1985983	88	88	non-human-infecting	1	1	7167
1986112	179	383	non-human-infecting	8	1	20261
1986113	219	406	non-human-infecting	5	1	27004
1986118	167	623	non-human-infecting	9	1	33452
1986958	137	137	non-human-infecting	1	1	8364
1986959	141	141	non-human-infecting	1	1	7830
1986960	85	85	non-human-infecting	1	1	9246
1987013	724	1179	non-human-infecting	8	1	13141
1987017	631	1224	human-infecting	8	1	11892
1987018	778	1441	human-infecting	7	1	12659
1987019	645	1751	human-infecting	8	1	12674
1987123	81	81	non-human-infecting	1	1	7476
1987124	132	240	non-human-infecting	2	1	7570
1987125	92	92	non-human-infecting	1	1	7656
1987126	124	130	non-human-infecting	2	1	7406
1987127	84	84	non-human-infecting	1	1	7563
1987128	93	93	non-human-infecting	1	1	7399
1987129	78	78	non-human-infecting	1	1	6929
1987130	95	95	non-human-infecting	1	1	7810
2003391	109	109	non-human-infecting	1	1	8003
2003499	137	137	non-human-infecting	1	1	8096
201490	344	1140	non-human-infecting	10	10	19453
2017080	45	55	human-infecting	5	1	3903
2017081	35	42	human-infecting	5	1	3925
2017082	104	135	human-infecting	3	1	1942
2021738	63	73	human-infecting	2	1	2585
2025079	118	118	non-human-infecting	1	1	7093
2025360	1267	21169	human-infecting	204	1	200223
2025396	171	267	human-infecting	3	1	6339
202910	1040	13632	non-human-infecting	74	1	137452
2031165	70	70	non-human-infecting	1	1	7537
2031166	141	159	non-human-infecting	2	1	7066
2040663	144	144	non-human-infecting	1	1	7441
2049444	1742	4087	human-infecting	6	1	7350
2050578	515	3100	human-infecting	33	1	34185
2052558	1829	4066	human-infecting	7	1	7360
2055263	117	166	human-infecting	2	1	2919
2057509	48	48	human-infecting	3	1	3207
2057932	186	253	human-infecting	2	1	2812
2057933	142	177	human-infecting	2	1	2813
205895	228	611	non-human-infecting	11	10	24732
205896	261	832	non-human-infecting	11	10	24041
205899	214	507	non-human-infecting	10	10	24818
205908	286	889	non-human-infecting	12	10	25325
205910	233	685	non-human-infecting	12	11	25120
2060135	2102	4285	human-infecting	6	1	7253
2060136	1758	4298	human-infecting	7	1	7208
2060137	2402	4952	human-infecting	6	1	7096
2060138	1879	3876	human-infecting	5	1	7357
2060139	1652	3725	human-infecting	7	1	7186
2060140	1867	3971	human-infecting	6	1	7233
207343	700	1379	non-human-infecting	6	1	12002
2083444	386	1685	non-human-infecting	12	11	24042
209854	892	1624	non-human-infecting	7	1	13782
211977	3368	4857	human-infecting	5	1	11918
2169685	49	49	non-human-infecting	1	1	8976
2169902	2194	4151	human-infecting	6	1	7291
2169971	3799	4094	non-human-infecting	5	1	9202
2169991	328	484	human-infecting	5	2	10525
2170004	125	188	non-human-infecting	3	1	9739
2170030	132	137	non-human-infecting	2	1	7454
2184748	59	70	human-infecting	2	1	9661
219584	866	1311	non-human-infecting	5	1	11082
2200830	1351	25746	human-infecting	204	1	221923
2200956	2314	4892	human-infecting	6	1	7108
2200957	2117	4556	human-infecting	6	1	7381
2200958	1918	4333	human-infecting	6	1	7326
2200959	1835	4151	human-infecting	6	1	7275
2202565	84	98	human-infecting	2	1	2120
2219998	210	296	human-infecting	3	3	1395
2259728	3693	4307	human-infecting	3	3	12314
226613	445	1485	non-human-infecting	12	10	24043
237020	188	424	non-human-infecting	7	1	28301
237716	3212	5070	human-infecting	5	1	11903
240426	931	22213	non-human-infecting	146	1	148803
242710	557	4039	non-human-infecting	31	1	33501
2461378	600	3484	human-infecting	31	1	35147
246280	341	1265	non-human-infecting	13	12	20739
249583	2874	4208	human-infecting	6	1	11980
249584	738	1337	human-infecting	5	1	12278
2499620	280	580	human-infecting	8	1	12704
2499621	261	628	non-human-infecting	9	1	14953
2499622	270	718	non-human-infecting	9	1	15717
2499677	248	468	non-human-infecting	6	1	12917
2499678	229	582	non-human-infecting	9	1	14104
2499680	404	1017	non-human-infecting	8	1	15428
2499685	419	981	non-human-infecting	8	1	15411
2499930	305	766	non-human-infecting	9	1	15728
2499932	249	607	non-human-infecting	10	1	15446
2501947	196	784	non-human-infecting	9	1	15684
2501948	175	316	non-human-infecting	9	1	15264
2501964	221	440	non-human-infecting	10	1	15370
2501965	291	668	non-human-infecting	10	1	15307
2501969	322	786	non-human-infecting	13	1	15596
2501999	238	699	non-human-infecting	7	1	14924
2502000	224	552	non-human-infecting	10	1	14927
2509284	382	614	non-human-infecting	3	3	12349
2560259	536	1658	non-human-infecting	7	1	15624
2560260	542	1419	human-infecting	8	1	15504
2560293	134	134	non-human-infecting	1	1	8289
2560309	750	1309	non-human-infecting	8	1	15456
2560310	758	1921	non-human-infecting	8	1	17412
2560313	806	1626	non-human-infecting	6	1	14904
2560315	1153	1910	non-human-infecting	7	1	17262
2560316	882	2065	non-human-infecting	7	1	16236
2560317	666	1205	non-human-infecting	6	1	15480
2560318	838	1441	non-human-infecting	7	1	15342
2560320	868	1927	non-human-infecting	7	1	15312
2560321	714	1734	non-human-infecting	6	1	16146
2560326	880	1658	non-human-infecting	8	1	15438
2560340	609	1702	non-human-infecting	8	1	15378
2583509	272	323	human-infecting	4	1	2200
2602439	1360	23969	human-infecting	199	1	210797
2609450	417	619	human-infecting	3	3	12240
2713662	77	101	human-infecting	3	1	9226
2714898	64	65	human-infecting	2	1	3053
2714899	45	45	human-infecting	2	1	3052
272636	2054	2100	human-infecting	3	1	4686
2734294	1148	2627	human-infecting	6	1	5269
2734436	632	1030	human-infecting	4	3	12455
273810	295	1333	non-human-infecting	14	12	23913
2748252	532	665	human-infecting	5	3	18869
2748253	388	463	human-infecting	3	3	12477
2748958	665	1195	human-infecting	4	3	11517
2749445	156	201	human-infecting	4	1	3651
2749446	156	201	human-infecting	4	1	3650
2749447	156	201	human-infecting	4	1	3651
2749448	227	580	human-infecting	9	1	30499
2749449	228	601	human-infecting	9	1	30499
2749450	225	583	human-infecting	9	1	30499
2749935	779	1745	non-human-infecting	6	1	12020
2778524	158	196	human-infecting	3	1	2841
279896	765	1960	non-human-infecting	7	1	12133
2805939	110	145	human-infecting	4	1	2951
2809802	70	70	human-infecting	2	1	3056
28295	473	817	non-human-infecting	6	1	28033
28304	1122	21236	non-human-infecting	155	1	230138
2844074	357	357	human-infecting	1	1	1696
2844075	149	154	human-infecting	2	1	1684
2844078	258	263	human-infecting	2	1	1676
2844554	220	269	human-infecting	3	1	2235
2844581	483	534	human-infecting	3	1	2265
2844582	312	378	human-infecting	4	1	2211
2844583	76	96	human-infecting	3	1	2123
2844584	146	166	human-infecting	3	1	2202
2844585	196	264	human-infecting	4	1	2262
2844646	372	701	human-infecting	4	1	2272
2844802	38	39	human-infecting	3	1	2359
2844803	142	166	human-infecting	2	1	2282
2844804	175	242	human-infecting	4	1	2034
2844805	236	391	human-infecting	3	1	2020
2844967	64	93	human-infecting	4	1	2460
2844968	104	178	human-infecting	5	1	2471
2844969	88	116	human-infecting	4	1	2459
2845010	79	101	human-infecting	3	1	2607
2845621	400	571	human-infecting	4	1	10017
2845897	68	88	human-infecting	4	1	2799
2845899	80	103	human-infecting	3	1	2560
2845900	61	78	human-infecting	3	1	2388
2846071	350	437	human-infecting	2	1	9761
2853105	81	88	human-infecting	4	1	2280
2853106	1899	3948	human-infecting	6	1	7300
2853118	154	197	human-infecting	3	1	3770
2853119	119	119	human-infecting	2	1	3684
2853120	183	235	human-infecting	4	1	3781
28871	1350	23634	non-human-infecting	212	1	198050
28873	1320	23744	non-human-infecting	215	1	205719
28874	1332	26732	non-human-infecting	209	1	217124
291484	445	535	human-infecting	2	1	7499
2927897	2079	3632	human-infecting	6	1	5232
2944249	2399	4425	human-infecting	6	1	7319
2951618	2870	4020	human-infecting	5	1	11969
2951619	3117	4621	human-infecting	5	1	11930
2955291	4091	11391	human-infecting	9	8	13456
2955292	210	325	human-infecting	5	1	20949
2955297	2245	3666	human-infecting	4	1	5026
2955301	2104	3122	human-infecting	4	1	5033
2955465	2623	5080	human-infecting	9	8	14393
2955745	1268	1834	human-infecting	4	1	4952
2955746	1403	2247	human-infecting	5	1	4926
2955925	36	36	human-infecting	2	1	3016
2955935	244	708	human-infecting	8	7	12502
2956142	871	1323	human-infecting	5	1	11902
2956252	121	180	human-infecting	3	2	3773
2956523	483	1467	human-infecting	7	6	10712
2956528	849	1690	human-infecting	7	6	10764
3003858	1888	3887	human-infecting	7	1	7357
3003859	1629	3700	human-infecting	7	1	7186
3003860	1940	3822	human-infecting	5	1	7318
3014888	66	70	human-infecting	3	1	2004
3026463	2237	4306	human-infecting	6	1	7277
3027325	87	90	human-infecting	3	1	2021
3043599	1060	4704	human-infecting	32	1	35941
3046277	105	105	human-infecting	1	1	11011
3047375	125	125	human-infecting	1	1	10815
3047384	750	1838	human-infecting	8	1	13373
3047385	132	132	human-infecting	1	1	10941
3047395	57	57	human-infecting	1	1	10182
3047696	73	73	human-infecting	1	1	10173
3047743	93	122	human-infecting	3	1	2316
3047790	40	40	human-infecting	1	1	10249
3047817	46	46	human-infecting	1	1	10206
3047837	70	70	human-infecting	1	1	10251
3047956	39	40	human-infecting	2	1	1759
3047957	172	213	human-infecting	3	1	1790
3047962	258	312	human-infecting	2	1	1867
3047966	253	254	human-infecting	3	1	1856
3048148	1287	2971	human-infecting	10	1	13516
3048158	139	139	human-infecting	1	1	10988
3048165	65	65	human-infecting	1	1	10215
3048168	133	133	human-infecting	1	1	10874
3048169	146	146	human-infecting	1	1	10988
3048170	74	74	human-infecting	1	1	10775
3048175	60	60	human-infecting	1	1	10943
3048183	731	1161	human-infecting	5	3	11530
3048184	91	101	human-infecting	3	1	10871
3048198	46	46	human-infecting	1	1	10266
3048215	168	168	human-infecting	1	1	11014
3048225	112	112	human-infecting	1	1	10943
3048233	69	69	human-infecting	1	1	10787
3048279	47	47	human-infecting	2	1	1768
3048287	116	140	human-infecting	2	1	10839
3048300	121	138	human-infecting	2	1	10742
3048305	126	154	human-infecting	3	1	10758
3048308	53	53	human-infecting	1	1	10173
3048314	55	55	human-infecting	1	1	10526
3048316	63	63	human-infecting	1	1	10793
3048360	90	90	human-infecting	1	1	11064
3048380	53	57	human-infecting	2	1	3245
3048381	153	212	human-infecting	2	1	3175
3048382	179	236	human-infecting	3	1	3198
3048383	110	114	human-infecting	2	1	3187
3048384	117	135	human-infecting	2	1	3230
3048385	90	91	human-infecting	2	1	3223
3048386	124	150	human-infecting	4	1	3257
3048387	112	128	human-infecting	2	1	3253
3048390	144	196	human-infecting	2	1	3208
3048391	125	130	human-infecting	2	1	3198
3048392	167	212	human-infecting	2	1	3197
3048394	182	263	human-infecting	2	1	3187
3048396	119	161	human-infecting	2	1	2892
3048397	128	161	human-infecting	2	1	2871
3048398	152	235	human-infecting	3	1	2912
3048399	61	78	human-infecting	3	1	3209
3048400	134	164	human-infecting	2	1	2765
3048402	172	236	human-infecting	4	1	2785
3048403	115	138	human-infecting	2	1	2908
3048405	148	191	human-infecting	3	1	2952
3048406	133	173	human-infecting	2	1	2910
3048407	176	236	human-infecting	3	1	2915
3048413	65	66	human-infecting	2	1	3856
3048414	290	399	human-infecting	2	1	3767
3048415	346	445	human-infecting	2	1	3312
3048417	192	247	human-infecting	3	1	3787
3048418	189	235	human-infecting	4	1	3249
3048419	143	170	human-infecting	2	1	3313
3048420	137	170	human-infecting	4	1	3808
3048422	114	121	human-infecting	2	1	3234
3048423	70	77	human-infecting	4	1	3153
3048424	123	140	human-infecting	3	1	3246
3048425	163	214	human-infecting	4	1	3763
3048427	203	203	human-infecting	3	1	3729
3048428	116	116	human-infecting	2	1	3748
3048430	182	227	human-infecting	2	1	3229
3048431	240	306	human-infecting	2	1	3705
3048432	141	159	human-infecting	2	1	3699
3048433	117	151	human-infecting	2	1	3759
3048440	57	57	human-infecting	1	1	10182
3048443	214	287	human-infecting	2	1	11065
3048447	63	63	human-infecting	1	1	10814
3048448	174	174	human-infecting	1	1	11060
3048459	183	191	human-infecting	2	1	10808
3049952	751	1334	human-infecting	6	1	15675
3049953	602	1243	human-infecting	7	1	15610
3049954	1846	3259	human-infecting	11	1	15526
3050248	2169	3402	human-infecting	10	1	15214
3050258	1193	27572	human-infecting	199	1	219526
3050292	1427	25889	human-infecting	94	1	173400
3050293	1390	24585	human-infecting	84	1	154675
3050294	1183	14110	human-infecting	70	1	124884
3050295	1011	24713	human-infecting	187	1	235646
3050296	1038	9663	human-infecting	131	1	156885
3050297	1113	10572	human-infecting	130	1	162114
3050298	958	8092	human-infecting	112	1	153080
3050299	1826	23836	human-infecting	109	1	172764
3050300	1455	25369	human-infecting	104	1	137969
3050305	1347	20832	human-infecting	87	1	157447
3050336	1380	20757	human-infecting	91	1	156487
3050337	1154	20446	human-infecting	150	1	170275
3050339	1630	3621	human-infecting	16	1	21614
3050355	1438	18956	human-infecting	87	1	143905
3051368	743	1556	human-infecting	6	1	14904
3051373	617	1153	human-infecting	6	1	15480
3051374	785	1391	human-infecting	7	1	15342
3051375	983	2466	human-infecting	8	1	15188
3051377	673	1600	human-infecting	6	1	16146
3051624	480	604	non-human-infecting	2	1	4811
3051976	79	100	non-human-infecting	2	2	6396
3051989	618	1160	human-infecting	4	3	11504
3051991	617	1085	human-infecting	4	3	11481
3051992	569	792	human-infecting	4	3	11512
3052004	122	130	human-infecting	2	1	2855
3052014	123	153	human-infecting	2	1	2914
3052022	108	126	human-infecting	2	1	2943
3052026	913	970	non-human-infecting	3	1	5097
3052040	1211	1323	human-infecting	4	1	5543
3052041	1127	1420	human-infecting	4	1	5196
3052045	622	679	non-human-infecting	4	1	5517
3052121	54	58	human-infecting	2	1	1699
3052148	606	1865	non-human-infecting	13	1	18927
3052189	953	1002	human-infecting	3	1	5648
3052193	623	647	non-human-infecting	3	1	5205
3052202	78	136	non-human-infecting	6	3	12739
3052205	767	2167	human-infecting	8	1	15378
3052210	768	931	non-human-infecting	4	3	10812
3052211	681	1020	non-human-infecting	3	3	10633
3052212	683	1002	non-human-infecting	4	3	10729
3052221	533	1021	non-human-infecting	6	1	18162
3052222	781	1670	non-human-infecting	7	1	18530
3052223	514	1194	human-infecting	7	1	18234
3052224	527	1346	non-human-infecting	7	1	18406
3052225	480	1126	human-infecting	7	1	18252
3052226	93	105	non-human-infecting	2	1	8880
3052229	223	314	non-human-infecting	4	1	9687
3052230	431	431	human-infecting	1	1	9443
3052232	34	34	non-human-infecting	1	1	9188
3052234	52	59	non-human-infecting	2	1	9188
3052235	44	49	non-human-infecting	2	1	8879
3052236	65	72	human-infecting	3	1	9399
3052237	33	33	non-human-infecting	1	1	8976
3052238	39	39	non-human-infecting	1	1	8883
3052239	40	40	non-human-infecting	1	1	8916
3052241	494	532	non-human-infecting	3	3	11202
3052242	582	770	non-human-infecting	4	3	11322
3052243	497	591	non-human-infecting	3	3	11728
3052263	587	1550	human-infecting	9	1	19212
3052269	266	312	non-human-infecting	4	3	14098
3052296	272	348	non-human-infecting	3	2	10387
3052298	325	434	non-human-infecting	3	2	10441
3052299	294	396	human-infecting	3	2	10499
3052300	324	382	human-infecting	3	2	10416
3052302	350	500	human-infecting	3	2	10464
3052303	388	493	human-infecting	4	2	10606
3052304	455	609	non-human-infecting	3	2	10438
3052305	312	400	human-infecting	3	2	10448
3052306	342	453	non-human-infecting	4	2	10609
3052307	266	357	human-infecting	3	2	10424
3052308	207	267	non-human-infecting	3	2	10682
3052310	231	321	human-infecting	4	2	10690
3052311	347	464	non-human-infecting	4	2	10648
3052313	351	486	non-human-infecting	4	2	10528
3052314	350	510	human-infecting	4	2	10352
3052315	442	590	non-human-infecting	4	2	10607
3052316	393	952	non-human-infecting	5	2	10614
3052317	357	598	human-infecting	6	2	10635
3052319	403	544	non-human-infecting	3	2	10562
3052320	322	470	non-human-infecting	3	2	10698
3052321	392	562	non-human-infecting	4	2	10549
3052322	428	719	non-human-infecting	4	2	10719
3052323	274	325	non-human-infecting	3	2	10494
3052324	352	423	non-human-infecting	3	2	10482
3052325	314	429	human-infecting	4	2	10705
3052327	403	529	non-human-infecting	6	2	10559
3052328	217	284	human-infecting	3	2	10534
3052330	193	197	human-infecting	2	1	7146
3052331	221	300	human-infecting	3	2	10448
3052335	2775	3378	non-human-infecting	4	3	12374
3052337	2196	2739	non-human-infecting	3	3	11978
3052338	2354	2883	non-human-infecting	3	3	12158
3052342	1659	3229	human-infecting	10	1	15690
3052344	1365	2411	non-human-infecting	7	1	15702
3052345	1575	2892	human-infecting	8	1	15900
3052371	325	424	human-infecting	3	3	12270
3052372	144	144	non-human-infecting	2	1	1022
3052374	295	403	non-human-infecting	3	3	12607
3052381	343	467	human-infecting	3	3	12276
3052384	363	466	human-infecting	3	3	12587
3052385	314	364	human-infecting	3	3	12283
3052386	332	453	non-human-infecting	3	3	12061
3052387	324	396	human-infecting	4	3	12634
3052388	311	407	human-infecting	4	3	12393
3052389	325	443	human-infecting	3	3	12024
3052390	371	487	human-infecting	3	3	12466
3052395	366	522	non-human-infecting	4	3	12095
3052396	292	417	human-infecting	3	3	12123
3052397	425	508	human-infecting	3	3	12265
3052399	300	381	human-infecting	3	3	12298
3052401	311	427	human-infecting	3	3	12497
3052402	128	152	human-infecting	3	3	12115
3052405	303	413	non-human-infecting	3	3	12270
3052406	373	417	human-infecting	3	3	12455
3052407	357	440	human-infecting	3	3	12208
3052408	593	696	non-human-infecting	3	3	11202
3052409	371	487	human-infecting	3	3	12491
3052412	378	530	human-infecting	3	3	12455
3052413	293	356	human-infecting	3	3	12640
3052414	320	439	human-infecting	4	3	12286
3052418	305	438	human-infecting	3	3	12513
3052420	316	392	human-infecting	3	3	12478
3052426	312	427	human-infecting	3	3	12310
3052428	331	478	human-infecting	3	3	12259
3052429	291	421	human-infecting	3	3	11985
3052431	357	431	human-infecting	3	3	12646
3052437	352	484	human-infecting	3	3	12094
3052439	314	371	human-infecting	3	3	12294
3052440	332	481	human-infecting	3	3	12018
3052441	358	600	non-human-infecting	3	3	12172
3052444	424	511	human-infecting	3	3	12064
3052446	383	551	human-infecting	3	3	12267
3052448	417	601	non-human-infecting	3	3	12459
3052449	484	711	non-human-infecting	3	3	12418
3052452	440	686	human-infecting	3	3	11931
3052456	519	519	human-infecting	3	3	12461
3052458	814	2395	human-infecting	11	1	18940
3052459	694	1965	human-infecting	8	1	18883
3052460	700	1862	human-infecting	9	1	18875
3052461	762	1810	human-infecting	9	1	18935
3052462	682	1901	human-infecting	10	1	18959
3052463	158	158	human-infecting	1	1	10284
3052464	188	188	human-infecting	2	1	11195
3052465	65	65	human-infecting	3	1	11105
3052466	110	112	human-infecting	2	1	10794
3052468	166	166	human-infecting	1	1	10939
3052470	3802	4434	human-infecting	3	3	12189
3052471	2633	3072	non-human-infecting	3	3	11879
3052472	3239	3821	non-human-infecting	3	3	12008
3052473	3128	3727	non-human-infecting	3	3	12003
3052474	3734	4297	human-infecting	2	2	5657
3052475	3561	4107	non-human-infecting	2	2	5348
3052476	4070	4744	non-human-infecting	3	3	12239
3052477	2746	3385	human-infecting	3	3	11778
3052478	3465	4115	non-human-infecting	4	3	11974
3052479	3476	4202	non-human-infecting	3	2	5573
3052480	3498	4149	human-infecting	3	3	11845
3052481	2664	3296	non-human-infecting	3	3	11912
3052482	2781	3398	non-human-infecting	3	3	11731
3052483	3602	4265	non-human-infecting	4	3	12132
3052484	3628	4239	non-human-infecting	3	3	12308
3052485	4009	4670	non-human-infecting	3	3	12106
3052486	3671	4287	non-human-infecting	5	3	12171
3052490	3695	4388	human-infecting	3	3	6067
3052493	3497	4172	human-infecting	3	3	12062
3052495	3270	3831	non-human-infecting	3	3	12035
3052496	2873	3556	human-infecting	4	3	11928
3052498	3225	3872	human-infecting	3	3	11569
3052499	3565	4180	human-infecting	4	3	12317
3052501	2880	3439	human-infecting	3	3	2322
3052503	2988	3649	human-infecting	4	3	12066
3052505	433	1271	human-infecting	7	1	19114
3052514	344	497	human-infecting	4	3	18859
3052516	561	762	non-human-infecting	3	3	17934
3052518	496	678	human-infecting	8	3	19131
3052519	609	775	non-human-infecting	3	3	18232
3052522	596	751	human-infecting	4	3	18467
3052523	497	563	human-infecting	3	3	18380
3052524	424	520	non-human-infecting	4	3	19471
3052529	471	631	human-infecting	4	3	18748
3052534	549	785	non-human-infecting	3	3	18068
3052536	536	776	human-infecting	5	3	19171
3052555	557	1814	human-infecting	9	1	15270
3052556	407	1047	human-infecting	6	1	17384
3052557	445	1104	human-infecting	7	1	15684
3052558	632	1822	human-infecting	8	1	15246
3052559	735	1921	non-human-infecting	9	1	15486
3052560	449	1394	human-infecting	7	1	15385
3052561	520	1698	human-infecting	8	1	15450
3052562	685	1898	non-human-infecting	8	1	15180
3052588	621	1074	non-human-infecting	4	3	12515
3052593	1085	2012	non-human-infecting	6	1	15048
3052594	809	1652	non-human-infecting	6	1	16182
3052595	665	1830	non-human-infecting	7	1	15432
3052596	482	1179	non-human-infecting	7	1	15888
3052598	565	1584	non-human-infecting	7	1	15234
3052599	536	1344	human-infecting	7	1	15516
3052600	452	1428	human-infecting	8	1	15480
3052601	726	2018	non-human-infecting	9	1	15522
3052602	447	1113	human-infecting	6	1	15522
3052607	38	38	non-human-infecting	1	1	10479
3052608	49	49	human-infecting	1	1	9392
3052610	51	51	human-infecting	3	1	9332
3052613	76	87	non-human-infecting	2	1	9777
3052614	40	40	non-human-infecting	1	1	9760
3052616	54	97	non-human-infecting	1	1	12273
3052618	74	126	non-human-infecting	1	1	12292
3052619	165	182	human-infecting	2	1	12573
3052620	86	140	non-human-infecting	1	1	12337
3052622	56	56	non-human-infecting	1	1	12333
3052625	737	798	non-human-infecting	1	1	12301
3052626	95	114	non-human-infecting	1	1	12255
3052627	456	578	non-human-infecting	4	3	12247
3052631	482	589	non-human-infecting	3	3	12099
3052633	523	798	non-human-infecting	4	3	12072
3052640	758	1237	human-infecting	4	3	12495
3052641	571	1073	human-infecting	5	3	12602
3052643	614	1019	human-infecting	5	3	12731
3052647	629	1070	human-infecting	4	3	12516
3052660	587	951	human-infecting	4	3	12121
3052662	723	1261	human-infecting	4	3	12377
3052664	685	992	human-infecting	4	3	11677
3052665	749	1289	human-infecting	4	3	12923
3052666	715	1290	human-infecting	4	3	11049
3052676	648	1280	human-infecting	4	3	11979
3052681	770	1170	human-infecting	4	3	12603
3052684	385	385	human-infecting	5	3	12614
3052686	570	1153	human-infecting	5	3	12602
3052690	649	943	human-infecting	5	3	12512
3052713	1508	1542	human-infecting	2	1	4424
3052714	736	817	human-infecting	3	1	4822
3052716	695	724	human-infecting	2	1	4456
3052717	637	642	human-infecting	3	1	5149
3052718	1150	1159	non-human-infecting	2	1	4936
3052720	1035	1050	non-human-infecting	2	1	5075
3052723	296	336	non-human-infecting	3	2	10404
3052724	238	284	non-human-infecting	5	2	10283
3052727	231	282	non-human-infecting	4	2	10180
3052729	766	1478	non-human-infecting	6	1	15456
3052731	858	1869	non-human-infecting	7	1	15384
3052733	820	1286	non-human-infecting	6	1	15396
3052748	246	304	non-human-infecting	3	3	13309
3052759	561	822	human-infecting	4	3	11559
3052762	558	1904	non-human-infecting	15	6	25142
3052763	604	1774	non-human-infecting	7	4	17145
3052764	526	1225	non-human-infecting	7	4	16916
3052765	528	1335	non-human-infecting	6	3	7637
3052767	567	1596	non-human-infecting	8	4	9238
3052770	1056	1078	human-infecting	2	1	5268
3052788	1700	2186	non-human-infecting	4	3	11797
3052789	1209	1657	human-infecting	3	3	11732
3052801	711	1073	human-infecting	5	3	11449
3052808	350	381	human-infecting	2	2	8844
3052811	569	893	human-infecting	5	3	11370
3060057	290	301	human-infecting	2	1	4678
3060422	291	421	human-infecting	5	2	18553
3060463	367	553	human-infecting	3	3	13050
3060504	481	639	human-infecting	3	3	18217
3060506	537	778	human-infecting	4	3	18127
3060740	615	1475	human-infecting	8	1	12445
306276	458	1724	non-human-infecting	14	10	19816
3067642	1071	1784	human-infecting	4	1	4943
3092269	69	69	human-infecting	1	1	7268
310907	136	136	non-human-infecting	1	1	7374
311228	377	1097	non-human-infecting	12	12	26646
311229	437	1717	non-human-infecting	13	12	24755
312185	209	265	non-human-infecting	2	1	8828
3161185	372	1002	human-infecting	9	1	27682
318279	565	1115	human-infecting	8	1	8791
3240447	190	556	human-infecting	13	12	20682
3241402	670	3260	human-infecting	33	1	34125
3241406	604	3834	human-infecting	37	1	35343
3241411	650	3842	human-infecting	32	1	35937
3241417	615	3129	human-infecting	34	1	34391
3241420	641	4016	human-infecting	33	1	35083
3241425	586	4018	human-infecting	36	1	36155
3241426	523	2599	human-infecting	30	1	34214
3241434	745	3935	human-infecting	29	1	31806
3241440	597	3481	non-human-infecting	33	1	32621
3241441	717	3332	non-human-infecting	28	1	34094
3241444	550	3326	human-infecting	33	1	38073
3241449	619	4030	human-infecting	35	1	36838
329641	1199	1403	human-infecting	4	1	5242
329862	202	421	non-human-infecting	6	1	27992
332097	961	1407	non-human-infecting	3	1	11494
333754	2641	9502	human-infecting	12	1	10424
333757	2381	4757	human-infecting	6	1	8007
333766	2407	5124	human-infecting	6	1	7776
333767	2099	5835	human-infecting	9	1	8461
333919	2090	4751	non-human-infecting	7	1	7610
333924	2482	4574	human-infecting	6	1	7449
333926	2161	4541	human-infecting	6	1	7353
333928	2269	4241	human-infecting	6	1	7100
333929	2184	3767	human-infecting	6	1	7185
333930	2011	4128	human-infecting	6	1	7313
333931	1354	3503	human-infecting	7	1	7204
334203	2232	4391	human-infecting	5	1	7815
334204	2247	4614	human-infecting	6	1	7348
334205	1825	3930	human-infecting	6	1	7614
334207	2340	4766	human-infecting	8	1	7476
334208	2288	4723	human-infecting	6	1	7443
334209	2390	4174	human-infecting	6	1	7444
334212	2233	4828	non-human-infecting	7	1	7647
335100	269	714	non-human-infecting	12	11	18500
337039	2333	5576	human-infecting	8	1	7895
337041	2752	6292	human-infecting	8	1	7974
337042	2340	5368	human-infecting	6	1	8079
337043	2208	5143	human-infecting	7	1	7860
337044	2428	5253	human-infecting	9	1	8080
337048	2616	6547	human-infecting	7	1	7961
337049	2031	4573	human-infecting	8	1	7933
337050	2406	4976	human-infecting	6	1	7881
337051	2259	4861	human-infecting	6	1	7746
337052	2299	4575	non-human-infecting	8	1	7945
33706	1172	18602	non-human-infecting	125	1	233501
33708	1511	21687	non-human-infecting	82	1	119451
33724	170	494	non-human-infecting	12	10	28699
33756	119	119	non-human-infecting	2	1	7442
33758	169	169	human-infecting	1	1	7881
338781	412	1058	non-human-infecting	13	11	25563
3407641	83	83	human-infecting	2	1	7521
340907	1469	21438	non-human-infecting	91	1	156487
341721	178	510	non-human-infecting	10	9	23147
3418604	558	1816	human-infecting	9	1	29903
3418650	5538	23157	human-infecting	9	1	9938
3418651	1874	4661	human-infecting	7	1	10364
3418654	2467	5500	human-infecting	7	1	9623
3422298	334	1086	human-infecting	10	10	23176
3426293	680	995	human-infecting	3	1	11847
3426294	882	1202	human-infecting	3	1	11488
3426295	1118	1480	human-infecting	3	1	11877
3426298	1243	1774	human-infecting	4	1	12530
3426299	1026	1345	human-infecting	4	1	11704
3426301	854	1304	human-infecting	3	1	11395
3426303	976	1320	human-infecting	3	1	11597
3426304	1132	1473	human-infecting	3	1	11526
3426305	1026	1343	human-infecting	3	1	11561
3426306	889	1254	human-infecting	3	1	11411
3426307	830	1111	human-infecting	4	1	11673
3426308	1001	1468	human-infecting	3	1	11465
3426309	927	1375	human-infecting	3	1	11391
3426310	799	1159	human-infecting	4	1	11688
3426311	945	1394	human-infecting	3	1	11494
3426312	1120	1245	human-infecting	2	1	11835
3426313	952	1418	human-infecting	3	1	11344
3426314	1092	1441	human-infecting	3	1	11948
3426317	914	1013	human-infecting	2	1	11442
3426318	959	1317	human-infecting	3	1	11714
3426319	912	1292	human-infecting	3	1	11530
3426321	769	1078	human-infecting	4	1	11964
3426322	864	1370	human-infecting	3	1	11446
3426323	937	1355	human-infecting	3	1	11521
3426324	1017	1344	human-infecting	3	1	11616
3426399	86	86	human-infecting	1	1	7782
3426401	125	125	human-infecting	1	1	8201
3426505	161	291	human-infecting	3	1	6941
3426544	2299	3380	human-infecting	2	1	3215
3427730	89	89	human-infecting	1	1	7835
3427731	96	100	human-infecting	2	1	7984
3427732	100	100	human-infecting	1	1	8085
3427953	88	91	human-infecting	3	1	2021
3428066	423	1529	human-infecting	15	12	29174
3428067	295	910	human-infecting	13	12	29210
3428069	355	1279	human-infecting	15	10	24938
3428094	151	209	human-infecting	2	1	7735
3428095	282	366	human-infecting	2	1	7205
3428096	100	100	human-infecting	1	1	7215
3428097	107	107	human-infecting	1	1	6580
3428098	104	104	human-infecting	1	1	7714
3428212	550	1516	human-infecting	10	1	9048
3428213	500	1056	human-infecting	5	1	8960
3428214	473	1174	human-infecting	6	1	8913
3428500	258	404	human-infecting	3	1	7635
3428501	125	125	human-infecting	1	1	7202
3428502	169	169	human-infecting	1	1	7881
3428503	151	151	human-infecting	1	1	7268
3428504	128	128	human-infecting	1	1	7164
3428505	159	159	human-infecting	2	1	7713
3428506	145	145	human-infecting	1	1	7403
3428507	130	140	human-infecting	2	1	7414
3428510	131	131	human-infecting	1	1	7374
3428564	663	1502	human-infecting	6	1	12035
3428567	210	260	human-infecting	2	1	8828
3428959	522	708	human-infecting	4	1	8207
3428960	1096	2982	human-infecting	8	1	8072
3430629	142	255	human-infecting	3	1	6861
3430630	205	391	human-infecting	3	1	6534
3430631	159	310	human-infecting	4	1	6247
3430641	191	350	human-infecting	3	1	6586
3430671	908	20967	human-infecting	278	6	221505
3430774	1132	17412	human-infecting	105	1	111362
3430922	879	18173	human-infecting	166	1	196781
3431103	197	268	human-infecting	3	1	3638
3431196	495	506	human-infecting	3	1	7745
3431237	353	1316	human-infecting	11	10	18899
3431241	346	1090	human-infecting	10	10	19771
3431248	537	1522	human-infecting	10	10	19247
3431249	470	1768	human-infecting	10	10	17858
3431250	449	1408	human-infecting	10	10	18894
3431251	401	1242	human-infecting	10	10	18915
3431295	3502	4186	human-infecting	3	3	12192
3431302	3067	4019	human-infecting	5	1	4224
3431360	503	1293	human-infecting	7	1	18402
3431388	1415	21097	human-infecting	132	1	134431
3431389	1170	19597	human-infecting	132	1	139962
3431390	909	18479	human-infecting	136	1	145289
3431395	96	121	human-infecting	2	1	7438
3431396	161	200	human-infecting	2	1	7590
3431402	66	66	human-infecting	1	1	6916
3431480	1320	23775	human-infecting	215	1	205719
3431481	1384	27711	human-infecting	210	1	228534
3431482	1425	24522	human-infecting	207	1	206527
3431483	1321	22988	human-infecting	196	1	197209
3431487	1317	21136	human-infecting	201	1	186728
3431493	429	1519	human-infecting	11	10	23494
3431496	460	1771	human-infecting	12	10	23405
3431910	322	352	human-infecting	4	1	4935
3431912	228	382	human-infecting	4	1	6547
3432145	118	145	human-infecting	3	1	6701
3432189	306	395	human-infecting	2	1	8931
3432193	4326	12058	human-infecting	11	11	18562
3432194	195	567	human-infecting	11	11	17961
3432195	243	769	human-infecting	12	11	17932
3432203	292	292	human-infecting	1	1	1063
3432241	168	176	human-infecting	2	1	7989
3432266	125	135	human-infecting	2	1	7433
3432451	722	1726	human-infecting	6	1	13072
3432452	697	1637	human-infecting	8	1	13111
3432454	702	1580	human-infecting	6	1	12956
3432456	703	1890	human-infecting	6	1	12957
3432457	735	1778	human-infecting	6	1	12983
3432458	780	1841	human-infecting	6	1	11954
3432459	770	1762	human-infecting	6	1	13220
3432460	743	1871	human-infecting	6	1	13246
3432911	68	68	human-infecting	2	1	3056
3433198	88	108	human-infecting	3	1	8284
3433538	1111	11934	human-infecting	153	1	144575
3433539	1059	11036	human-infecting	139	1	134721
3433633	418	1078	human-infecting	9	1	30119
3433742	308	548	human-infecting	6	1	25447
3433756	336	767	human-infecting	8	1	27317
3433757	295	779	human-infecting	10	1	31104
3433758	157	306	human-infecting	8	1	29926
3433809	297	545	human-infecting	7	1	27553
3433814	217	428	human-infecting	8	1	29377
348823	842	2150	non-human-infecting	6	1	12426
35243	1374	18349	non-human-infecting	80	1	147346
35246	1198	13081	non-human-infecting	79	1	124784
35252	1498	18036	non-human-infecting	75	1	130608
35258	2088	5046	non-human-infecting	8	1	8607
35269	1770	2654	non-human-infecting	3	1	3323
35279	43	43	non-human-infecting	1	1	10266
356862	342	1098	non-human-infecting	10	10	19748
36370	580	763	non-human-infecting	3	1	7732
365327	956	10007	non-human-infecting	82	1	142633
369960	631	1039	non-human-infecting	4	1	8939
3703027	380	912	human-infecting	6	4	10901
381543	713	1413	non-human-infecting	6	1	16968
38170	433	1604	non-human-infecting	11	10	23494
38766	894	1634	human-infecting	5	1	12016
38767	2783	4200	human-infecting	5	1	11976
38804	1148	12373	non-human-infecting	139	1	134721
390157	122	218	non-human-infecting	1	1	7310
393049	68	75	human-infecting	3	1	2635
394239	855	1250	non-human-infecting	5	1	8431
39637	1382	18708	non-human-infecting	99	1	149332
39720	580	1423	non-human-infecting	8	1	12708
40004	43	43	non-human-infecting	1	1	10673
40012	52	52	non-human-infecting	1	1	10269
40050	323	1106	non-human-infecting	10	10	19524
40051	365	1169	non-human-infecting	9	9	18127
40053	249	864	non-human-infecting	11	10	19093
40054	445	1040	non-human-infecting	10	10	19405
40056	349	1208	non-human-infecting	11	10	19304
40060	354	1198	non-human-infecting	11	10	19402
40061	352	1123	non-human-infecting	11	10	19180
40062	383	931	non-human-infecting	11	10	19428
40065	531	1866	non-human-infecting	11	10	17910
40067	473	1871	non-human-infecting	11	10	18009
40537	2026	3972	non-human-infecting	6	1	7841
405554	232	726	non-human-infecting	5	1	26660
42475	209	576	non-human-infecting	11	10	26164
432261	112	128	human-infecting	2	1	3253
44158	586	844	non-human-infecting	3	1	11824
45455	1848	25564	non-human-infecting	100	1	171096
45617	389	732	human-infecting	5	1	9472
46221	47	47	human-infecting	2	1	1768
47418	1270	11713	non-human-infecting	73	1	114546
47929	1120	26149	non-human-infecting	198	1	221454
48543	1007	1334	non-human-infecting	3	1	11616
48544	879	1218	non-human-infecting	3	1	11381
488317	747	1748	non-human-infecting	7	1	13100
48981	81	90	non-human-infecting	2	2	6603
50292	1260	29926	non-human-infecting	206	1	226205
519014	538	2230	non-human-infecting	13	11	23576
519497	269	780	non-human-infecting	12	10	29124
55744	1315	17636	non-human-infecting	97	1	148371
55987	208	662	non-human-infecting	8	8	12686
56094	518	1691	non-human-infecting	12	11	23015
56144	1923	3917	non-human-infecting	7	1	7761
57282	575	807	human-infecting	4	1	8412
574549	504	1250	non-human-infecting	9	1	26487
57747	466	1696	non-human-infecting	11	10	18118
59302	819	1203	non-human-infecting	4	1	11688
59304	769	1085	non-human-infecting	4	1	11964
59380	716	1225	non-human-infecting	7	1	14042
59509	965	12274	non-human-infecting	155	1	150773
59816	169	239	non-human-infecting	2	2	5711
60879	969	1364	non-human-infecting	3	1	11385
62352	302	1077	non-human-infecting	13	12	29210
642022	2837	4047	human-infecting	6	1	11980
64280	67	67	non-human-infecting	1	1	10116
64283	75	75	non-human-infecting	1	1	10510
64284	56	56	non-human-infecting	1	1	10173
64291	130	130	non-human-infecting	1	1	10794
64294	80	80	non-human-infecting	1	1	10857
64296	43	43	non-human-infecting	1	1	10206
64297	59	59	non-human-infecting	1	1	10182
64299	50	50	non-human-infecting	1	1	10125
64300	33	33	non-human-infecting	1	1	10600
64307	75	75	non-human-infecting	1	1	10251
64309	48	48	non-human-infecting	1	1	10173
64310	69	69	non-human-infecting	1	1	10215
64311	163	163	non-human-infecting	1	1	10723
64312	49	49	non-human-infecting	1	1	10690
64319	157	157	non-human-infecting	1	1	10293
645161	1105	1277	human-infecting	5	1	5104
64894	40	40	non-human-infecting	1	1	10131
652810	1801	4398	human-infecting	7	1	7812
682382	205	391	human-infecting	3	1	6534
683172	161	300	human-infecting	3	1	6119
683174	216	418	human-infecting	3	1	6581
686984	129	129	non-human-infecting	1	1	7491
686985	94	94	non-human-infecting	1	1	8126
687347	190	266	human-infecting	3	1	3790
688436	408	1155	human-infecting	6	6	11411
68887	288	426	human-infecting	2	1	2810
691956	77	77	non-human-infecting	1	1	7711
693066	101	101	non-human-infecting	1	1	7556
693997	265	720	non-human-infecting	11	1	29355
693998	354	890	non-human-infecting	8	1	27165
693999	551	981	non-human-infecting	8	1	28203
694000	329	714	non-human-infecting	7	1	28326
694001	389	897	non-human-infecting	8	1	28773
694005	347	919	non-human-infecting	10	1	31250
694006	410	1027	non-human-infecting	9	1	29114
694007	344	897	non-human-infecting	9	1	30286
694008	408	1152	non-human-infecting	10	1	30482
694014	481	840	non-human-infecting	7	1	27608
694015	414	2646	non-human-infecting	15	1	31686
696863	766	1441	non-human-infecting	5	1	11019
698672	1016	1738	non-human-infecting	5	1	11526
70796	102	111	non-human-infecting	2	1	7055
72149	146	146	human-infecting	1	1	8252
72197	1044	1471	human-infecting	5	1	5028
742919	60	64	human-infecting	3	1	1741
74501	197	370	non-human-infecting	7	1	28475
745716	675	1311	non-human-infecting	7	2	12497
746543	1297	2415	human-infecting	5	1	12045
749224	179	292	human-infecting	6	1	9496
75888	236	827	non-human-infecting	11	10	22435
77698	178	455	non-human-infecting	12	10	29339
79891	1139	13422	non-human-infecting	79	1	138199
80341	1283	19433	non-human-infecting	85	1	151601
82676	1676	3930	non-human-infecting	6	1	7895
84589	342	394	non-human-infecting	2	1	11919
85708	43	43	non-human-infecting	2	1	1768
90961	2874	4210	human-infecting	6	1	11918
931244	2197	4225	human-infecting	7	1	8039
93830	3236	3850	human-infecting	3	3	11850
943084	281	296	human-infecting	3	1	1224
948741	750	1200	non-human-infecting	6	1	12676
99182	644	1058	human-infecting	5	1	8197
