Taxid	hp_count	ppi_count	Label_text
1002359	733	1403	non-human-infecting
1002360	580	1361	non-human-infecting
10245	1356	24363	human-infecting
10256	1410	25663	non-human-infecting
10266	905	11224	non-human-infecting
10271	1131	21495	non-human-infecting
10273	46	46	non-human-infecting
10276	1137	14074	non-human-infecting
10317	1441	20231	non-human-infecting
10326	1295	17679	non-human-infecting
10331	1275	16658	non-human-infecting
10334	1282	15975	non-human-infecting
10345	1447	19130	non-human-infecting
10353	1372	18733	non-human-infecting
10366	1185	20231	non-human-infecting
10368	1113	10572	human-infecting
10371	1610	20570	non-human-infecting
10381	1385	15997	non-human-infecting
10385	1226	16613	non-human-infecting
10397	1169	20686	non-human-infecting
10398	1610	17955	non-human-infecting
10406	2781	3083	non-human-infecting
104395	33	34	non-human-infecting
104580	293	1187	non-human-infecting
104581	515	1755	non-human-infecting
10497	696	12841	non-human-infecting
10537	750	3530	non-human-infecting
10561	2115	4309	non-human-infecting
10564	1817	3087	non-human-infecting
10565	2290	4288	non-human-infecting
10566	1801	4398	human-infecting
10567	2351	4495	non-human-infecting
10570	2841	11192	non-human-infecting
10623	2073	5075	non-human-infecting
106331	1378	17130	non-human-infecting
106966	187	322	non-human-infecting
1072176	3576	5078	human-infecting
109270	662	1441	non-human-infecting
1094373	786	1651	non-human-infecting
10986	357	1172	non-human-infecting
10987	334	1052	non-human-infecting
10989	275	810	non-human-infecting
10990	232	722	non-human-infecting
10991	467	1712	non-human-infecting
10995	183	255	non-human-infecting
11002	166	227	non-human-infecting
11023	736	1048	non-human-infecting
11024	1117	1459	non-human-infecting
11240	1422	2526	non-human-infecting
11241	1800	2706	non-human-infecting
11246	1783	2951	non-human-infecting
11263	1497	2587	non-human-infecting
11292	3674	5603	human-infecting
11307	633	1331	non-human-infecting
11318	427	1284	human-infecting
114424	458	2713	non-human-infecting
1146873	523	2566	non-human-infecting
1155188	112	112	non-human-infecting
11569	453	1376	human-infecting
1157337	264	945	non-human-infecting
1159195	820	1113	non-human-infecting
1159902	392	1080	non-human-infecting
1159904	316	762	non-human-infecting
1159907	286	566	non-human-infecting
1159908	363	1118	non-human-infecting
11636	778	1351	non-human-infecting
11642	706	1681	human-infecting
11657	384	646	non-human-infecting
11660	3353	3585	non-human-infecting
11665	510	747	non-human-infecting
11673	578	1065	non-human-infecting
11746	622	1040	non-human-infecting
11757	426	971	non-human-infecting
1175848	1879	3869	human-infecting
1175849	2355	4447	human-infecting
1175850	2035	4375	human-infecting
1175851	1967	4288	human-infecting
1175852	1717	3875	human-infecting
11768	512	720	non-human-infecting
11786	537	728	non-human-infecting
11809	769	1525	non-human-infecting
118140	120	124	non-human-infecting
11827	389	732	human-infecting
11840	537	719	non-human-infecting
11855	380	681	non-human-infecting
11856	409	668	non-human-infecting
11864	605	965	non-human-infecting
11901	587	1605	non-human-infecting
1193974	193	210	human-infecting
11970	656	987	non-human-infecting
11976	121	121	non-human-infecting
11978	96	123	non-human-infecting
12064	141	156	non-human-infecting
12066	258	404	human-infecting
1208309	1088	2097	human-infecting
122291	2291	5240	non-human-infecting
1231709	1098	2042	human-infecting
1231903	237	350	non-human-infecting
1233383	98	101	human-infecting
1239437	181	300	non-human-infecting
1239438	180	577	non-human-infecting
1239439	197	624	non-human-infecting
1239566	204	396	non-human-infecting
1239569	337	692	non-human-infecting
1239574	184	356	non-human-infecting
1239577	177	311	non-human-infecting
1244203	413	918	non-human-infecting
12455	237	237	human-infecting
1247113	211	401	human-infecting
1247114	163	319	human-infecting
12538	859	1660	human-infecting
1256869	810	1377	non-human-infecting
12643	1550	27358	non-human-infecting
12657	1387	19934	non-human-infecting
12721	1874	4661	human-infecting
12804	504	796	non-human-infecting
129728	960	21465	non-human-infecting
1297661	308	651	non-human-infecting
1298633	218	277	non-human-infecting
129950	590	3507	non-human-infecting
129952	314	1015	non-human-infecting
129953	564	3545	non-human-infecting
129954	644	2722	non-human-infecting
129955	612	2933	non-human-infecting
129956	671	3401	non-human-infecting
1300113	728	1226	non-human-infecting
130327	404	1710	non-human-infecting
130499	420	2079	non-human-infecting
1308859	590	1127	non-human-infecting
1330066	93	166	non-human-infecting
1330068	191	502	non-human-infecting
1330520	119	119	non-human-infecting
1330521	197	335	non-human-infecting
133704	41	41	non-human-infecting
136966	135	155	human-infecting
137443	1446	21717	non-human-infecting
138184	1484	19442	non-human-infecting
1391667	781	830	human-infecting
1407638	94	130	human-infecting
1431460	81	81	non-human-infecting
144752	380	443	non-human-infecting
1459003	387	1503	human-infecting
1481452	125	125	non-human-infecting
1511084	309	844	non-human-infecting
1511772	69	69	non-human-infecting
1511776	134	134	non-human-infecting
1511779	199	353	non-human-infecting
1511781	104	104	non-human-infecting
1511783	80	80	non-human-infecting
1511803	166	167	non-human-infecting
1511805	272	361	non-human-infecting
1511891	1888	1896	human-infecting
1511892	1898	1953	human-infecting
1513256	1952	4051	human-infecting
1513257	2039	4410	human-infecting
1513258	2091	3554	human-infecting
1513259	1993	3872	human-infecting
1513260	1834	4200	human-infecting
1513261	1244	3429	human-infecting
1513262	1778	4160	human-infecting
1513263	1831	4095	human-infecting
1513264	1845	4034	human-infecting
1513265	2156	4405	human-infecting
1518574	212	395	human-infecting
152177	766	1613	non-human-infecting
154334	1695	22602	non-human-infecting
1547495	178	179	human-infecting
1548713	403	816	non-human-infecting
1548720	348	645	non-human-infecting
1548722	380	685	non-human-infecting
1582094	119	144	human-infecting
1595998	64	100	human-infecting
1603962	116	116	non-human-infecting
1609138	164	315	human-infecting
1637496	305	858	non-human-infecting
1647924	2188	4307	human-infecting
1658615	193	409	non-human-infecting
1659771	174	198	non-human-infecting
1678143	410	485	human-infecting
1678144	263	346	non-human-infecting
1678145	215	283	human-infecting
1678146	287	360	non-human-infecting
1678147	164	214	non-human-infecting
1679172	552	1732	non-human-infecting
169066	133	133	human-infecting
170325	1146	10435	non-human-infecting
1714619	175	222	human-infecting
1755590	150	185	non-human-infecting
1780507	1408	16359	human-infecting
1803958	70	70	human-infecting
1805494	69	69	human-infecting
181667	1913	4626	non-human-infecting
1820160	84	93	human-infecting
1821751	117	117	non-human-infecting
183405	287	871	non-human-infecting
183407	219	677	non-human-infecting
1848960	629	1072	human-infecting
1851215	2546	4479	human-infecting
1851219	2155	4613	human-infecting
185782	643	2472	non-human-infecting
185954	254	796	non-human-infecting
1862824	110	147	human-infecting
186805	997	21403	non-human-infecting
1868658	212	395	human-infecting
1881950	359	820	non-human-infecting
1883111	1212	1421	human-infecting
1884453	573	2053	non-human-infecting
1884878	331	710	non-human-infecting
188763	1139	29650	non-human-infecting
1891726	2082	3712	human-infecting
1891727	2111	3665	human-infecting
1891728	1088	2079	human-infecting
1891729	1577	2703	non-human-infecting
1891730	1600	3016	non-human-infecting
1891745	1403	2583	human-infecting
1891762	2605	4143	human-infecting
1891763	2514	4012	human-infecting
1891764	1227	1813	human-infecting
1891765	1388	2067	human-infecting
1891767	2640	3940	human-infecting
1891770	1072	1679	non-human-infecting
1897087	403	843	human-infecting
1897731	169	169	non-human-infecting
1904876	195	366	human-infecting
1904885	624	3740	human-infecting
1906670	129	146	human-infecting
1907210	1073	4719	human-infecting
1913642	324	828	non-human-infecting
1913643	339	788	non-human-infecting
1914415	79	94	human-infecting
1914568	73	73	non-human-infecting
1914574	77	77	non-human-infecting
1914575	80	140	non-human-infecting
1914576	74	127	non-human-infecting
192971	1794	4167	human-infecting
1930509	72	72	human-infecting
1933178	371	500	non-human-infecting
1933180	326	485	human-infecting
1933181	321	485	non-human-infecting
1933185	635	1012	non-human-infecting
1933263	359	635	non-human-infecting
1938392	1168	1459	human-infecting
194965	148	148	human-infecting
195059	677	1613	non-human-infecting
195060	523	1319	non-human-infecting
1955166	54	54	human-infecting
1960046	95	119	human-infecting
1961678	1704	3449	human-infecting
1961679	1560	3696	human-infecting
1961680	1476	3094	human-infecting
1961681	2057	4136	human-infecting
1961682	1822	4100	human-infecting
1961683	1948	3950	human-infecting
1961783	2273	5430	human-infecting
1965074	196	329	non-human-infecting
1972564	890	1732	non-human-infecting
1972565	748	1174	non-human-infecting
1972566	898	1657	non-human-infecting
1972567	737	1320	non-human-infecting
1972569	770	1482	non-human-infecting
1972570	805	1521	non-human-infecting
1972571	758	1163	non-human-infecting
1972572	697	1288	human-infecting
1972573	858	1708	human-infecting
1972574	649	1145	human-infecting
1972575	618	1201	human-infecting
1972576	607	1228	human-infecting
1972577	770	1214	human-infecting
1972578	840	1565	human-infecting
1972579	723	1092	human-infecting
1972580	760	1120	non-human-infecting
1972581	430	958	non-human-infecting
1972584	798	1236	non-human-infecting
1972586	805	1519	non-human-infecting
1972588	637	1261	non-human-infecting
1972589	722	1336	non-human-infecting
1972592	636	1074	non-human-infecting
1972593	611	1575	non-human-infecting
1972594	559	1358	non-human-infecting
1972595	667	1747	non-human-infecting
1972596	736	1752	non-human-infecting
1972597	910	2082	non-human-infecting
1972612	567	1294	non-human-infecting
1972613	702	1601	non-human-infecting
1972614	529	1226	non-human-infecting
1972615	631	1612	non-human-infecting
1972616	549	1315	non-human-infecting
1972617	895	1895	non-human-infecting
1972618	686	1344	non-human-infecting
1972619	749	1320	non-human-infecting
1972620	794	1503	non-human-infecting
1972621	565	1357	non-human-infecting
1972622	692	1394	non-human-infecting
1972623	771	2272	non-human-infecting
1972624	906	1687	non-human-infecting
1972625	856	1563	non-human-infecting
1972626	884	1570	non-human-infecting
1972637	669	1315	non-human-infecting
1972639	614	1384	non-human-infecting
1972683	268	537	non-human-infecting
1972686	448	791	non-human-infecting
1978533	722	1215	non-human-infecting
1978534	890	1556	non-human-infecting
1978535	868	1505	non-human-infecting
1978536	905	1685	non-human-infecting
1978537	734	1519	non-human-infecting
1978538	750	1372	non-human-infecting
1978539	908	2002	non-human-infecting
1978540	672	1295	human-infecting
1978541	870	1374	non-human-infecting
1978542	906	1536	non-human-infecting
1978543	777	1397	non-human-infecting
1978544	620	1133	non-human-infecting
1978545	845	1380	non-human-infecting
1978546	901	1828	non-human-infecting
1980456	3718	4366	human-infecting
1980915	616	1188	non-human-infecting
1980916	682	1433	non-human-infecting
1980917	651	1298	non-human-infecting
1980918	615	1136	non-human-infecting
1983780	43	44	human-infecting
1985689	529	1138	non-human-infecting
1985690	528	1112	non-human-infecting
1985691	431	1284	non-human-infecting
1985693	705	1000	human-infecting
1985694	692	937	non-human-infecting
1985695	753	1335	non-human-infecting
1985696	593	881	non-human-infecting
1985697	733	1076	non-human-infecting
1985698	262	645	non-human-infecting
1985699	733	1521	non-human-infecting
1985702	606	1428	non-human-infecting
1985703	863	1769	non-human-infecting
1985704	714	1663	non-human-infecting
1985706	730	1606	non-human-infecting
1985982	73	73	non-human-infecting
1985983	88	88	non-human-infecting
1986112	179	383	non-human-infecting
1986113	219	406	non-human-infecting
1986118	167	623	non-human-infecting
1986958	137	137	non-human-infecting
1986959	141	141	non-human-infecting
1986960	85	85	non-human-infecting
1987013	724	1179	non-human-infecting
1987017	631	1224	human-infecting
1987018	778	1441	human-infecting
1987019	645	1751	human-infecting
1987123	81	81	non-human-infecting
1987124	132	240	non-human-infecting
1987125	92	92	non-human-infecting
1987126	124	130	non-human-infecting
1987127	84	84	non-human-infecting
1987128	93	93	non-human-infecting
1987129	78	78	non-human-infecting
1987130	95	95	non-human-infecting
2003391	109	109	non-human-infecting
2003499	137	137	non-human-infecting
201490	344	1140	non-human-infecting
2017080	45	55	human-infecting
2017081	35	42	human-infecting
2017082	104	135	human-infecting
2021738	63	73	human-infecting
2025079	118	118	non-human-infecting
2025360	1267	21169	human-infecting
2025396	171	267	human-infecting
202910	1040	13632	non-human-infecting
2031165	70	70	non-human-infecting
2031166	141	159	non-human-infecting
2040663	144	144	non-human-infecting
2049444	1742	4087	human-infecting
2050578	515	3100	human-infecting
2052558	1829	4066	human-infecting
2055263	117	166	human-infecting
2057509	48	48	human-infecting
2057932	186	253	human-infecting
2057933	142	177	human-infecting
205895	228	611	non-human-infecting
205896	261	832	non-human-infecting
205899	214	507	non-human-infecting
205908	286	889	non-human-infecting
205910	233	685	non-human-infecting
2060135	2102	4285	human-infecting
2060136	1758	4298	human-infecting
2060137	2402	4952	human-infecting
2060138	1879	3876	human-infecting
2060139	1652	3725	human-infecting
2060140	1867	3971	human-infecting
207343	700	1379	non-human-infecting
2083444	386	1685	non-human-infecting
209854	892	1624	non-human-infecting
211977	3368	4857	human-infecting
2169685	49	49	non-human-infecting
2169902	2194	4151	human-infecting
2169971	3799	4094	non-human-infecting
2169991	328	484	human-infecting
2170004	125	188	non-human-infecting
2170030	132	137	non-human-infecting
2184748	59	70	human-infecting
219584	866	1311	non-human-infecting
2200830	1351	25746	human-infecting
2200956	2314	4892	human-infecting
2200957	2117	4556	human-infecting
2200958	1918	4333	human-infecting
2200959	1835	4151	human-infecting
2202565	84	98	human-infecting
2219998	210	296	human-infecting
2259728	3693	4307	human-infecting
226613	445	1485	non-human-infecting
237020	188	424	non-human-infecting
237716	3212	5070	human-infecting
240426	931	22213	non-human-infecting
242710	557	4039	non-human-infecting
2461378	600	3484	human-infecting
246280	341	1265	non-human-infecting
249583	2874	4208	human-infecting
249584	738	1337	human-infecting
2499620	280	580	human-infecting
2499621	261	628	non-human-infecting
2499622	270	718	non-human-infecting
2499677	248	468	non-human-infecting
2499678	229	582	non-human-infecting
2499680	404	1017	non-human-infecting
2499685	419	981	non-human-infecting
2499930	305	766	non-human-infecting
2499932	249	607	non-human-infecting
2501947	196	784	non-human-infecting
2501948	175	316	non-human-infecting
2501964	221	440	non-human-infecting
2501965	291	668	non-human-infecting
2501969	322	786	non-human-infecting
2501999	238	699	non-human-infecting
2502000	224	552	non-human-infecting
2509284	382	614	non-human-infecting
2560259	536	1658	non-human-infecting
2560260	542	1419	human-infecting
2560293	134	134	non-human-infecting
2560309	750	1309	non-human-infecting
2560310	758	1921	non-human-infecting
2560313	806	1626	non-human-infecting
2560315	1153	1910	non-human-infecting
2560316	882	2065	non-human-infecting
2560317	666	1205	non-human-infecting
2560318	838	1441	non-human-infecting
2560320	868	1927	non-human-infecting
2560321	714	1734	non-human-infecting
2560326	880	1658	non-human-infecting
2560340	609	1702	non-human-infecting
2583509	272	323	human-infecting
2602439	1360	23969	human-infecting
2609450	417	619	human-infecting
2713662	77	101	human-infecting
2714898	64	65	human-infecting
2714899	45	45	human-infecting
272636	2054	2100	human-infecting
2734294	1148	2627	human-infecting
2734436	632	1030	human-infecting
273810	295	1333	non-human-infecting
2748252	532	665	human-infecting
2748253	388	463	human-infecting
2748958	665	1195	human-infecting
2749445	156	201	human-infecting
2749446	156	201	human-infecting
2749447	156	201	human-infecting
2749448	227	580	human-infecting
2749449	228	601	human-infecting
2749450	225	583	human-infecting
2749935	779	1745	non-human-infecting
2778524	158	196	human-infecting
279896	765	1960	non-human-infecting
2805939	110	145	human-infecting
2809802	70	70	human-infecting
28295	473	817	non-human-infecting
28304	1122	21236	non-human-infecting
2844074	357	357	human-infecting
2844075	149	154	human-infecting
2844078	258	263	human-infecting
2844554	220	269	human-infecting
2844581	483	534	human-infecting
2844582	312	378	human-infecting
2844583	76	96	human-infecting
2844584	146	166	human-infecting
2844585	196	264	human-infecting
2844646	372	701	human-infecting
2844802	38	39	human-infecting
2844803	142	166	human-infecting
2844804	175	242	human-infecting
2844805	236	391	human-infecting
2844967	64	93	human-infecting
2844968	104	178	human-infecting
2844969	88	116	human-infecting
2845010	79	101	human-infecting
2845621	400	571	human-infecting
2845897	68	88	human-infecting
2845899	80	103	human-infecting
2845900	61	78	human-infecting
2846071	350	437	human-infecting
2853105	81	88	human-infecting
2853106	1899	3948	human-infecting
2853118	154	197	human-infecting
2853119	119	119	human-infecting
2853120	183	235	human-infecting
28871	1350	23634	non-human-infecting
28873	1320	23744	non-human-infecting
28874	1332	26732	non-human-infecting
291484	445	535	human-infecting
2927897	2079	3632	human-infecting
2944249	2399	4425	human-infecting
2951618	2870	4020	human-infecting
2951619	3117	4621	human-infecting
2955291	4091	11391	human-infecting
2955292	210	325	human-infecting
2955297	2245	3666	human-infecting
2955301	2104	3122	human-infecting
2955465	2623	5080	human-infecting
2955745	1268	1834	human-infecting
2955746	1403	2247	human-infecting
2955925	36	36	human-infecting
2955935	244	708	human-infecting
2956142	871	1323	human-infecting
2956252	121	180	human-infecting
2956523	483	1467	human-infecting
2956528	849	1690	human-infecting
3003858	1888	3887	human-infecting
3003859	1629	3700	human-infecting
3003860	1940	3822	human-infecting
3014888	66	70	human-infecting
3026463	2237	4306	human-infecting
3027325	87	90	human-infecting
3043599	1060	4704	human-infecting
3046277	105	105	human-infecting
3047375	125	125	human-infecting
3047384	750	1838	human-infecting
3047385	132	132	human-infecting
3047395	57	57	human-infecting
3047696	73	73	human-infecting
3047743	93	122	human-infecting
3047790	40	40	human-infecting
3047817	46	46	human-infecting
3047837	70	70	human-infecting
3047956	39	40	human-infecting
3047957	172	213	human-infecting
3047962	258	312	human-infecting
3047966	253	254	human-infecting
3048148	1287	2971	human-infecting
3048158	139	139	human-infecting
3048165	65	65	human-infecting
3048168	133	133	human-infecting
3048169	146	146	human-infecting
3048170	74	74	human-infecting
3048175	60	60	human-infecting
3048183	731	1161	human-infecting
3048184	91	101	human-infecting
3048198	46	46	human-infecting
3048215	168	168	human-infecting
3048225	112	112	human-infecting
3048233	69	69	human-infecting
3048279	47	47	human-infecting
3048287	116	140	human-infecting
3048300	121	138	human-infecting
3048305	126	154	human-infecting
3048308	53	53	human-infecting
3048314	55	55	human-infecting
3048316	63	63	human-infecting
3048360	90	90	human-infecting
3048380	53	57	human-infecting
3048381	153	212	human-infecting
3048382	179	236	human-infecting
3048383	110	114	human-infecting
3048384	117	135	human-infecting
3048385	90	91	human-infecting
3048386	124	150	human-infecting
3048387	112	128	human-infecting
3048390	144	196	human-infecting
3048391	125	130	human-infecting
3048392	167	212	human-infecting
3048394	182	263	human-infecting
3048396	119	161	human-infecting
3048397	128	161	human-infecting
3048398	152	235	human-infecting
3048399	61	78	human-infecting
3048400	134	164	human-infecting
3048402	172	236	human-infecting
3048403	115	138	human-infecting
3048405	148	191	human-infecting
3048406	133	173	human-infecting
3048407	176	236	human-infecting
3048413	65	66	human-infecting
3048414	290	399	human-infecting
3048415	346	445	human-infecting
3048417	192	247	human-infecting
3048418	189	235	human-infecting
3048419	143	170	human-infecting
3048420	137	170	human-infecting
3048422	114	121	human-infecting
3048423	70	77	human-infecting
3048424	123	140	human-infecting
3048425	163	214	human-infecting
3048427	203	203	human-infecting
3048428	116	116	human-infecting
3048430	182	227	human-infecting
3048431	240	306	human-infecting
3048432	141	159	human-infecting
3048433	117	151	human-infecting
3048440	57	57	human-infecting
3048443	214	287	human-infecting
3048447	63	63	human-infecting
3048448	174	174	human-infecting
3048459	183	191	human-infecting
3049952	751	1334	human-infecting
3049953	602	1243	human-infecting
3049954	1846	3259	human-infecting
3050248	2169	3402	human-infecting
3050258	1193	27572	human-infecting
3050292	1427	25889	human-infecting
3050293	1390	24585	human-infecting
3050294	1183	14110	human-infecting
3050295	1011	24713	human-infecting
3050296	1038	9663	human-infecting
3050297	1113	10572	human-infecting
3050298	958	8092	human-infecting
3050299	1826	23836	human-infecting
3050300	1455	25369	human-infecting
3050305	1347	20832	human-infecting
3050336	1380	20757	human-infecting
3050337	1154	20446	human-infecting
3050339	1630	3621	human-infecting
3050355	1438	18956	human-infecting
3051368	743	1556	human-infecting
3051373	617	1153	human-infecting
3051374	785	1391	human-infecting
3051375	983	2466	human-infecting
3051377	673	1600	human-infecting
3051624	480	604	non-human-infecting
3051976	79	100	non-human-infecting
3051989	618	1160	human-infecting
3051991	617	1085	human-infecting
3051992	569	792	human-infecting
3052004	122	130	human-infecting
3052014	123	153	human-infecting
3052022	108	126	human-infecting
3052026	913	970	non-human-infecting
3052040	1211	1323	human-infecting
3052041	1127	1420	human-infecting
3052045	622	679	non-human-infecting
3052121	54	58	human-infecting
3052148	606	1865	non-human-infecting
3052189	953	1002	human-infecting
3052193	623	647	non-human-infecting
3052202	78	136	non-human-infecting
3052205	767	2167	human-infecting
3052210	768	931	non-human-infecting
3052211	681	1020	non-human-infecting
3052212	683	1002	non-human-infecting
3052221	533	1021	non-human-infecting
3052222	781	1670	non-human-infecting
3052223	514	1194	human-infecting
3052224	527	1346	non-human-infecting
3052225	480	1126	human-infecting
3052226	93	105	non-human-infecting
3052229	223	314	non-human-infecting
3052230	431	431	human-infecting
3052232	34	34	non-human-infecting
3052234	52	59	non-human-infecting
3052235	44	49	non-human-infecting
3052236	65	72	human-infecting
3052237	33	33	non-human-infecting
3052238	39	39	non-human-infecting
3052239	40	40	non-human-infecting
3052241	494	532	non-human-infecting
3052242	582	770	non-human-infecting
3052243	497	591	non-human-infecting
3052263	587	1550	human-infecting
3052269	266	312	non-human-infecting
3052296	272	348	non-human-infecting
3052298	325	434	non-human-infecting
3052299	294	396	human-infecting
3052300	324	382	human-infecting
3052302	350	500	human-infecting
3052303	388	493	human-infecting
3052304	455	609	non-human-infecting
3052305	312	400	human-infecting
3052306	342	453	non-human-infecting
3052307	266	357	human-infecting
3052308	207	267	non-human-infecting
3052310	231	321	human-infecting
3052311	347	464	non-human-infecting
3052313	351	486	non-human-infecting
3052314	350	510	human-infecting
3052315	442	590	non-human-infecting
3052316	393	952	non-human-infecting
3052317	357	598	human-infecting
3052319	403	544	non-human-infecting
3052320	322	470	non-human-infecting
3052321	392	562	non-human-infecting
3052322	428	719	non-human-infecting
3052323	274	325	non-human-infecting
3052324	352	423	non-human-infecting
3052325	314	429	human-infecting
3052327	403	529	non-human-infecting
3052328	217	284	human-infecting
3052330	193	197	human-infecting
3052331	221	300	human-infecting
3052335	2775	3378	non-human-infecting
3052337	2196	2739	non-human-infecting
3052338	2354	2883	non-human-infecting
3052342	1659	3229	human-infecting
3052344	1365	2411	non-human-infecting
3052345	1575	2892	human-infecting
3052371	325	424	human-infecting
3052372	144	144	non-human-infecting
3052374	295	403	non-human-infecting
3052381	343	467	human-infecting
3052384	363	466	human-infecting
3052385	314	364	human-infecting
3052386	332	453	non-human-infecting
3052387	324	396	human-infecting
3052388	311	407	human-infecting
3052389	325	443	human-infecting
3052390	371	487	human-infecting
3052395	366	522	non-human-infecting
3052396	292	417	human-infecting
3052397	425	508	human-infecting
3052399	300	381	human-infecting
3052401	311	427	human-infecting
3052402	128	152	human-infecting
3052405	303	413	non-human-infecting
3052406	373	417	human-infecting
3052407	357	440	human-infecting
3052408	593	696	non-human-infecting
3052409	371	487	human-infecting
3052412	378	530	human-infecting
3052413	293	356	human-infecting
3052414	320	439	human-infecting
3052418	305	438	human-infecting
3052420	316	392	human-infecting
3052426	312	427	human-infecting
3052428	331	478	human-infecting
3052429	291	421	human-infecting
3052431	357	431	human-infecting
3052437	352	484	human-infecting
3052439	314	371	human-infecting
3052440	332	481	human-infecting
3052441	358	600	non-human-infecting
3052444	424	511	human-infecting
3052446	383	551	human-infecting
3052448	417	601	non-human-infecting
3052449	484	711	non-human-infecting
3052452	440	686	human-infecting
3052456	519	519	human-infecting
3052458	814	2395	human-infecting
3052459	694	1965	human-infecting
3052460	700	1862	human-infecting
3052461	762	1810	human-infecting
3052462	682	1901	human-infecting
3052463	158	158	human-infecting
3052464	188	188	human-infecting
3052465	65	65	human-infecting
3052466	110	112	human-infecting
3052468	166	166	human-infecting
3052470	3802	4434	human-infecting
3052471	2633	3072	non-human-infecting
3052472	3239	3821	non-human-infecting
3052473	3128	3727	non-human-infecting
3052474	3734	4297	human-infecting
3052475	3561	4107	non-human-infecting
3052476	4070	4744	non-human-infecting
3052477	2746	3385	human-infecting
3052478	3465	4115	non-human-infecting
3052479	3476	4202	non-human-infecting
3052480	3498	4149	human-infecting
3052481	2664	3296	non-human-infecting
3052482	2781	3398	non-human-infecting
3052483	3602	4265	non-human-infecting
3052484	3628	4239	non-human-infecting
3052485	4009	4670	non-human-infecting
3052486	3671	4287	non-human-infecting
3052490	3695	4388	human-infecting
3052493	3497	4172	human-infecting
3052495	3270	3831	non-human-infecting
3052496	2873	3556	human-infecting
3052498	3225	3872	human-infecting
3052499	3565	4180	human-infecting
3052501	2880	3439	human-infecting
3052503	2988	3649	human-infecting
3052505	433	1271	human-infecting
3052514	344	497	human-infecting
3052516	561	762	non-human-infecting
3052518	496	678	human-infecting
3052519	609	775	non-human-infecting
3052522	596	751	human-infecting
3052523	497	563	human-infecting
3052524	424	520	non-human-infecting
3052529	471	631	human-infecting
3052534	549	785	non-human-infecting
3052536	536	776	human-infecting
3052555	557	1814	human-infecting
3052556	407	1047	human-infecting
3052557	445	1104	human-infecting
3052558	632	1822	human-infecting
3052559	735	1921	non-human-infecting
3052560	449	1394	human-infecting
3052561	520	1698	human-infecting
3052562	685	1898	non-human-infecting
3052588	621	1074	non-human-infecting
3052593	1085	2012	non-human-infecting
3052594	809	1652	non-human-infecting
3052595	665	1830	non-human-infecting
3052596	482	1179	non-human-infecting
3052598	565	1584	non-human-infecting
3052599	536	1344	human-infecting
3052600	452	1428	human-infecting
3052601	726	2018	non-human-infecting
3052602	447	1113	human-infecting
3052607	38	38	non-human-infecting
3052608	49	49	human-infecting
3052610	51	51	human-infecting
3052613	76	87	non-human-infecting
3052614	40	40	non-human-infecting
3052616	54	97	non-human-infecting
3052618	74	126	non-human-infecting
3052619	165	182	human-infecting
3052620	86	140	non-human-infecting
3052622	56	56	non-human-infecting
3052625	737	798	non-human-infecting
3052626	95	114	non-human-infecting
3052627	456	578	non-human-infecting
3052631	482	589	non-human-infecting
3052633	523	798	non-human-infecting
3052640	758	1237	human-infecting
3052641	571	1073	human-infecting
3052643	614	1019	human-infecting
3052647	629	1070	human-infecting
3052660	587	951	human-infecting
3052662	723	1261	human-infecting
3052664	685	992	human-infecting
3052665	749	1289	human-infecting
3052666	715	1290	human-infecting
3052676	648	1280	human-infecting
3052681	770	1170	human-infecting
3052684	385	385	human-infecting
3052686	570	1153	human-infecting
3052690	649	943	human-infecting
3052713	1508	1542	human-infecting
3052714	736	817	human-infecting
3052716	695	724	human-infecting
3052717	637	642	human-infecting
3052718	1150	1159	non-human-infecting
3052720	1035	1050	non-human-infecting
3052723	296	336	non-human-infecting
3052724	238	284	non-human-infecting
3052727	231	282	non-human-infecting
3052729	766	1478	non-human-infecting
3052731	858	1869	non-human-infecting
3052733	820	1286	non-human-infecting
3052748	246	304	non-human-infecting
3052759	561	822	human-infecting
3052762	558	1904	non-human-infecting
3052763	604	1774	non-human-infecting
3052764	526	1225	non-human-infecting
3052765	528	1335	non-human-infecting
3052767	567	1596	non-human-infecting
3052770	1056	1078	human-infecting
3052788	1700	2186	non-human-infecting
3052789	1209	1657	human-infecting
3052801	711	1073	human-infecting
3052808	350	381	human-infecting
3052811	569	893	human-infecting
3060057	290	301	human-infecting
3060422	291	421	human-infecting
3060463	367	553	human-infecting
3060504	481	639	human-infecting
3060506	537	778	human-infecting
3060740	615	1475	human-infecting
306276	458	1724	non-human-infecting
3067642	1071	1784	human-infecting
3092269	69	69	human-infecting
310907	136	136	non-human-infecting
311228	377	1097	non-human-infecting
311229	437	1717	non-human-infecting
312185	209	265	non-human-infecting
3161185	372	1002	human-infecting
318279	565	1115	human-infecting
3240447	190	556	human-infecting
3241402	670	3260	human-infecting
3241406	604	3834	human-infecting
3241411	650	3842	human-infecting
3241417	615	3129	human-infecting
3241420	641	4016	human-infecting
3241425	586	4018	human-infecting
3241426	523	2599	human-infecting
3241434	745	3935	human-infecting
3241440	597	3481	non-human-infecting
3241441	717	3332	non-human-infecting
3241444	550	3326	human-infecting
3241449	619	4030	human-infecting
329641	1199	1403	human-infecting
329862	202	421	non-human-infecting
332097	961	1407	non-human-infecting
333754	2641	9502	human-infecting
333757	2381	4757	human-infecting
333766	2407	5124	human-infecting
333767	2099	5835	human-infecting
333919	2090	4751	non-human-infecting
333924	2482	4574	human-infecting
333926	2161	4541	human-infecting
333928	2269	4241	human-infecting
333929	2184	3767	human-infecting
333930	2011	4128	human-infecting
333931	1354	3503	human-infecting
334203	2232	4391	human-infecting
334204	2247	4614	human-infecting
334205	1825	3930	human-infecting
334207	2340	4766	human-infecting
334208	2288	4723	human-infecting
334209	2390	4174	human-infecting
334212	2233	4828	non-human-infecting
335100	269	714	non-human-infecting
337039	2333	5576	human-infecting
337041	2752	6292	human-infecting
337042	2340	5368	human-infecting
337043	2208	5143	human-infecting
337044	2428	5253	human-infecting
337048	2616	6547	human-infecting
337049	2031	4573	human-infecting
337050	2406	4976	human-infecting
337051	2259	4861	human-infecting
337052	2299	4575	non-human-infecting
33706	1172	18602	non-human-infecting
33708	1511	21687	non-human-infecting
33724	170	494	non-human-infecting
33756	119	119	non-human-infecting
33758	169	169	human-infecting
338781	412	1058	non-human-infecting
3407641	83	83	human-infecting
340907	1469	21438	non-human-infecting
341721	178	510	non-human-infecting
3418604	558	1816	human-infecting
3418650	5538	23157	human-infecting
3418651	1874	4661	human-infecting
3418654	2467	5500	human-infecting
3422298	334	1086	human-infecting
3426293	680	995	human-infecting
3426294	882	1202	human-infecting
3426295	1118	1480	human-infecting
3426298	1243	1774	human-infecting
3426299	1026	1345	human-infecting
3426301	854	1304	human-infecting
3426303	976	1320	human-infecting
3426304	1132	1473	human-infecting
3426305	1026	1343	human-infecting
3426306	889	1254	human-infecting
3426307	830	1111	human-infecting
3426308	1001	1468	human-infecting
3426309	927	1375	human-infecting
3426310	799	1159	human-infecting
3426311	945	1394	human-infecting
3426312	1120	1245	human-infecting
3426313	952	1418	human-infecting
3426314	1092	1441	human-infecting
3426317	914	1013	human-infecting
3426318	959	1317	human-infecting
3426319	912	1292	human-infecting
3426321	769	1078	human-infecting
3426322	864	1370	human-infecting
3426323	937	1355	human-infecting
3426324	1017	1344	human-infecting
3426399	86	86	human-infecting
3426401	125	125	human-infecting
3426505	161	291	human-infecting
3426544	2299	3380	human-infecting
3427730	89	89	human-infecting
3427731	96	100	human-infecting
3427732	100	100	human-infecting
3427953	88	91	human-infecting
3428066	423	1529	human-infecting
3428067	295	910	human-infecting
3428069	355	1279	human-infecting
3428094	151	209	human-infecting
3428095	282	366	human-infecting
3428096	100	100	human-infecting
3428097	107	107	human-infecting
3428098	104	104	human-infecting
3428212	550	1516	human-infecting
3428213	500	1056	human-infecting
3428214	473	1174	human-infecting
3428500	258	404	human-infecting
3428501	125	125	human-infecting
3428502	169	169	human-infecting
3428503	151	151	human-infecting
3428504	128	128	human-infecting
3428505	159	159	human-infecting
3428506	145	145	human-infecting
3428507	130	140	human-infecting
3428510	131	131	human-infecting
3428564	663	1502	human-infecting
3428567	210	260	human-infecting
3428959	522	708	human-infecting
3428960	1096	2982	human-infecting
3430629	142	255	human-infecting
3430630	205	391	human-infecting
3430631	159	310	human-infecting
3430641	191	350	human-infecting
3430671	908	20967	human-infecting
3430774	1132	17412	human-infecting
3430922	879	18173	human-infecting
3431103	197	268	human-infecting
3431196	495	506	human-infecting
3431237	353	1316	human-infecting
3431241	346	1090	human-infecting
3431248	537	1522	human-infecting
3431249	470	1768	human-infecting
3431250	449	1408	human-infecting
3431251	401	1242	human-infecting
3431295	3502	4186	human-infecting
3431302	3067	4019	human-infecting
3431360	503	1293	human-infecting
3431388	1415	21097	human-infecting
3431389	1170	19597	human-infecting
3431390	909	18479	human-infecting
3431395	96	121	human-infecting
3431396	161	200	human-infecting
3431402	66	66	human-infecting
3431480	1320	23775	human-infecting
3431481	1384	27711	human-infecting
3431482	1425	24522	human-infecting
3431483	1321	22988	human-infecting
3431487	1317	21136	human-infecting
3431493	429	1519	human-infecting
3431496	460	1771	human-infecting
3431910	322	352	human-infecting
3431912	228	382	human-infecting
3432145	118	145	human-infecting
3432189	306	395	human-infecting
3432193	4326	12058	human-infecting
3432194	195	567	human-infecting
3432195	243	769	human-infecting
3432203	292	292	human-infecting
3432241	168	176	human-infecting
3432266	125	135	human-infecting
3432451	722	1726	human-infecting
3432452	697	1637	human-infecting
3432454	702	1580	human-infecting
3432456	703	1890	human-infecting
3432457	735	1778	human-infecting
3432458	780	1841	human-infecting
3432459	770	1762	human-infecting
3432460	743	1871	human-infecting
3432911	68	68	human-infecting
3433198	88	108	human-infecting
3433538	1111	11934	human-infecting
3433539	1059	11036	human-infecting
3433633	418	1078	human-infecting
3433742	308	548	human-infecting
3433756	336	767	human-infecting
3433757	295	779	human-infecting
3433758	157	306	human-infecting
3433809	297	545	human-infecting
3433814	217	428	human-infecting
348823	842	2150	non-human-infecting
35243	1374	18349	non-human-infecting
35246	1198	13081	non-human-infecting
35252	1498	18036	non-human-infecting
35258	2088	5046	non-human-infecting
35269	1770	2654	non-human-infecting
35279	43	43	non-human-infecting
356862	342	1098	non-human-infecting
36370	580	763	non-human-infecting
365327	956	10007	non-human-infecting
369960	631	1039	non-human-infecting
3703027	380	912	human-infecting
381543	713	1413	non-human-infecting
38170	433	1604	non-human-infecting
38766	894	1634	human-infecting
38767	2783	4200	human-infecting
38804	1148	12373	non-human-infecting
390157	122	218	non-human-infecting
393049	68	75	human-infecting
394239	855	1250	non-human-infecting
39637	1382	18708	non-human-infecting
39720	580	1423	non-human-infecting
40004	43	43	non-human-infecting
40012	52	52	non-human-infecting
40050	323	1106	non-human-infecting
40051	365	1169	non-human-infecting
40053	249	864	non-human-infecting
40054	445	1040	non-human-infecting
40056	349	1208	non-human-infecting
40060	354	1198	non-human-infecting
40061	352	1123	non-human-infecting
40062	383	931	non-human-infecting
40065	531	1866	non-human-infecting
40067	473	1871	non-human-infecting
40537	2026	3972	non-human-infecting
405554	232	726	non-human-infecting
42475	209	576	non-human-infecting
432261	112	128	human-infecting
44158	586	844	non-human-infecting
45455	1848	25564	non-human-infecting
45617	389	732	human-infecting
46221	47	47	human-infecting
47418	1270	11713	non-human-infecting
47929	1120	26149	non-human-infecting
48543	1007	1334	non-human-infecting
48544	879	1218	non-human-infecting
488317	747	1748	non-human-infecting
48981	81	90	non-human-infecting
50292	1260	29926	non-human-infecting
519014	538	2230	non-human-infecting
519497	269	780	non-human-infecting
55744	1315	17636	non-human-infecting
55987	208	662	non-human-infecting
56094	518	1691	non-human-infecting
56144	1923	3917	non-human-infecting
57282	575	807	human-infecting
574549	504	1250	non-human-infecting
57747	466	1696	non-human-infecting
59302	819	1203	non-human-infecting
59304	769	1085	non-human-infecting
59380	716	1225	non-human-infecting
59509	965	12274	non-human-infecting
59816	169	239	non-human-infecting
60879	969	1364	non-human-infecting
62352	302	1077	non-human-infecting
642022	2837	4047	human-infecting
64280	67	67	non-human-infecting
64283	75	75	non-human-infecting
64284	56	56	non-human-infecting
64291	130	130	non-human-infecting
64294	80	80	non-human-infecting
64296	43	43	non-human-infecting
64297	59	59	non-human-infecting
64299	50	50	non-human-infecting
64300	33	33	non-human-infecting
64307	75	75	non-human-infecting
64309	48	48	non-human-infecting
64310	69	69	non-human-infecting
64311	163	163	non-human-infecting
64312	49	49	non-human-infecting
64319	157	157	non-human-infecting
645161	1105	1277	human-infecting
64894	40	40	non-human-infecting
652810	1801	4398	human-infecting
682382	205	391	human-infecting
683172	161	300	human-infecting
683174	216	418	human-infecting
686984	129	129	non-human-infecting
686985	94	94	non-human-infecting
687347	190	266	human-infecting
688436	408	1155	human-infecting
68887	288	426	human-infecting
691956	77	77	non-human-infecting
693066	101	101	non-human-infecting
693997	265	720	non-human-infecting
693998	354	890	non-human-infecting
693999	551	981	non-human-infecting
694000	329	714	non-human-infecting
694001	389	897	non-human-infecting
694005	347	919	non-human-infecting
694006	410	1027	non-human-infecting
694007	344	897	non-human-infecting
694008	408	1152	non-human-infecting
694014	481	840	non-human-infecting
694015	414	2646	non-human-infecting
696863	766	1441	non-human-infecting
698672	1016	1738	non-human-infecting
70796	102	111	non-human-infecting
72149	146	146	human-infecting
72197	1044	1471	human-infecting
742919	60	64	human-infecting
74501	197	370	non-human-infecting
745716	675	1311	non-human-infecting
746543	1297	2415	human-infecting
749224	179	292	human-infecting
75888	236	827	non-human-infecting
77698	178	455	non-human-infecting
79891	1139	13422	non-human-infecting
80341	1283	19433	non-human-infecting
82676	1676	3930	non-human-infecting
84589	342	394	non-human-infecting
85708	43	43	non-human-infecting
90961	2874	4210	human-infecting
931244	2197	4225	human-infecting
93830	3236	3850	human-infecting
943084	281	296	human-infecting
948741	750	1200	non-human-infecting
99182	644	1058	human-infecting
