feature	shap_importance	GeneSymbol	ReactomeCategory
Q9Y2J4	0.007798823605747	AMOTL2	Signal Transduction
Q9H2K0	0.0073266233883439	MTIF3	Metabolism of proteins
Q5TEC6	0.0072202356094838	H3-7	Other
Q13151	0.0071968668435709	HNRNPA0	Metabolism of RNA
Q9BWG6	0.0069817423423464	TNFAIP8L2-SCNM1	Other
Q14204	0.0069172565825692	DYNC1H1	Disease
Q5TCX8	0.0062140910545101	MAP3K21	Other
Q96BQ5	0.0061774728474099	CCDC127	Other
Q12837	0.0060825262360504	POU4F2	Gene expression (Transcription)
Q9Y605	0.0060622279515384	MRFAP1	Other
P32242	0.0060568609545479	OTX1	Other
Q96EP5	0.0057501888976529	DAZAP1	Other
Q96S53	0.0057289212971764	TESK2	Other
Q9P2G9	0.0056416238195768	KLHL8	Other
Q9BYD3	0.005429054157806	MRPL4	Metabolism of proteins
O15127	0.0054077246096992	SCAMP2	Other
Q7Z2W4	0.005329197531037	ZC3HAV1	Disease
P33151	0.0053148910653501	CDH5	Signal Transduction
O15524	0.0052740557474234	SOCS1	Signal Transduction
Q99848	0.0049328000522266	EBNA1BP2	Metabolism of RNA
Q93074	0.004886757925708	MED12	Programmed Cell Death
P60228	0.0048638925493316	EIF3E	Metabolism of proteins
Q9UM73	0.0046788756422672	ALK	Disease
Q14254	0.0046155118094443	FLOT2	Programmed Cell Death
Q8TED0	0.0045067404045936	UTP15	Metabolism of RNA
Q15008	0.0044758033196595	PSMD6	Metabolism of RNA
Q9HBM6	0.0044073702576974	TAF9B	Disease
O15534	0.004330832608123	PER1	Other
Q15061	0.0042418047277041	WDR43	Metabolism of RNA
O43678	0.0041779221760486	NDUFA2	Disease
O60496	0.0041633977706168	DOK2	Developmental Biology
Q02878	0.0041602934252046	RPL6	Metabolism of RNA
O14519	0.0041283777454831	CDK2AP1	Other
O75521	0.0040559488223124	ECI2	Protein localization
O15151	0.0039673051250656	MDM4	Cellular responses to stimuli
P17655	0.0039525314648801	CAPN2	Disease
Q32NC0	0.003828567918962	RMP24	Other
Q9BTT4	0.0037413593386682	MED10	Gene expression (Transcription)
Q9Y3A5	0.0036951765323381	SBDS	Metabolism
Q9NYV4	0.0036366268824196	CDK12	Gene expression (Transcription)
Q9UFB7	0.0036253348040345	ZBTB47	Other
Q9BU76	0.0036018602905646	C1orf35	Other
Q9BTM1	0.0036014347998925	H2AJ	Disease
Q9Y4B6	0.0035843549969371	DCAF1	Immune System
Q15633	0.0035728666245959	TARBP2	Gene expression (Transcription)
Q02930	0.0035060436172351	CREB5	Other
Q9UHB9	0.0034582747180267	SRP68	Metabolism of proteins
P38606	0.0034560918301329	ATP6V1A	Cellular responses to stimuli
Q08043	0.0034471109985126	ACTN3	Muscle contraction
P42858	0.0034275839911373	HTT	Other
P55081	0.0034203353586665	MFAP1	Other
P07996	0.0034178511011233	THBS1	Disease
P43115	0.003346316200061	PTGER3	Signal Transduction
P18859	0.0032674082664052	ATP5PF	Other
P06756	0.0031973650758468	ITGAV	Developmental Biology
Q9BZ76	0.0031671152626695	CNTNAP3	Other
Q15165	0.0031456093931912	PON2	Metabolism
O15155	0.0030893588725573	BET1	Metabolism of proteins
Q9Y4Z0	0.0030473808915679	LSM4	Metabolism of RNA
P29972	0.0030097164914297	AQP1	Other
Q08117	0.0030068011759094	TLE5	Signal Transduction
O43482	0.0029913270687451	OIP5	Cell Cycle
P04156	0.0029752723965269	PRNP	Disease
Q9NVH1	0.0029591815753933	DNAJC11	Organelle biogenesis and maintenance
Q6ZW31	0.0029384584851581	SYDE1	Signal Transduction
Q9Y5S9	0.0029316256710123	RBM8A	Metabolism of RNA
Q9NPF5	0.0029080815258211	DMAP1	Gene expression (Transcription)
O00487	0.0028943402464943	PSMD14	Metabolism of RNA
P52435	0.0028805833723174	POLR2J	Metabolism of RNA
Q16629	0.0028542045941789	SRSF7	Metabolism of RNA
Q8NI38	0.0028083969592388	NFKBID	Other
Q96LR2	0.0027860330242057	LURAP1	Other
P35226	0.0027845754002145	BMI1	Other
P12235	0.0027405198200041	SLC25A4	Disease
P38117	0.0026785057722834	ETFB	Metabolism of proteins
P19387	0.0026459683084229	POLR2C	Metabolism of RNA
Q9BUN8	0.002623778216203	DERL1	Disease
Q13895	0.0026064693148336	BYSL	Metabolism of RNA
Q5QNW6	0.0025965337456678	H2BC18	Disease
P22735	0.0025737115781885	TGM1	Developmental Biology
O15226	0.002491968863224	NKRF	Other
Q92567	0.0024908436777373	FAM168A	Other
Q9BUF5	0.0024176936360729	TUBB6	Cell Cycle
Q9Y3Z3	0.0023581995207799	SAMHD1	Immune System
Q96MT8	0.0023071027333082	CEP63	Cell Cycle
Q96ED9	0.0022967541959204	HOOK2	Metabolism
Q8N5Z5	0.0022541431490183	KCTD17	Other
Q66GS9	0.0022347037678827	CEP135	Cell Cycle
P63252	0.0021819845725707	KCNJ2	Muscle contraction
P50613	0.0021743931476312	CDK7	Metabolism of RNA
P23246	0.0021630601302085	SFPQ	Other
P49459	0.0021570668480005	UBE2A	Metabolism of proteins
P60468	0.0021552025248395	SEC61B	Metabolism of proteins
Q05209	0.0021488293903144	PTPN12	Disease
P26038	0.0021219758061118	MSN	Disease
P37231	0.0021161467053058	PPARG	Gene expression (Transcription)
Q12929	0.0021123829667414	EPS8	Sensory Perception
Q9UN86	0.0021001546311558	G3BP2	Disease
Q9NQ55	0.0020827344300569	PPAN-P2RY11	Disease
Q92844	0.0020821471925271	TANK	Disease
P09234	0.0020747408313397	SNRPC	Metabolism of RNA
Q0VD86	0.0020245449396785	INCA1	Other
Q4G0J3	0.0020086322681362	LARP7	Other
Q8TBB1	0.0019949429006548	LNX1	Immune System
P16615	0.0019599045522624	ATP2A2	Signal Transduction
P24534	0.0019284854387973	EEF1B2	Metabolism of proteins
P27449	0.0019252528684216	ATP6V0C	Cellular responses to stimuli
Q7L5N1	0.0019207033494465	COPS6	Metabolism of proteins
P40855	0.0018762881486271	PEX19	Transport of small molecules
P49760	0.001875141970482	CLK2	Other
P29084	0.0018697338579937	GTF2E2	Disease
P29590	0.0018683365910412	PML	Disease
Q07812	0.0018600247230374	BAX	Programmed Cell Death
Q9NX58	0.0018567772594243	LYAR	Other
Q93008	0.0018474459434977	USP9X	Gene expression (Transcription)
P61604	0.0018458791526239	HSPE1	Signal Transduction
O60563	0.0018437277426212	CCNT1	Disease
Q9NW13	0.0018264762065033	RBM28	Metabolism of RNA
P46108	0.001819400288306	CRK	Disease
Q15397	0.0017897565177376	PUM3	Other
Q06609	0.0017868960425959	RAD51	Disease
Q53G59	0.0017724675197199	KLHL12	Signal Transduction
Q8TDD1	0.0017695471355215	DDX54	Other
P84103	0.0017681678112284	SRSF3	Metabolism of RNA
Q7Z7A1	0.0017478979157853	CNTRL	Disease
P29401	0.0017473594975696	TKT	Cellular responses to stimuli
Q6P158	0.0017427768127089	DHX57	Other
O60231	0.001738039148154	DHX16	Metabolism of RNA
P49327	0.001737937262525	FASN	Programmed Cell Death
Q15628	0.0017327530611592	TRADD	Disease
Q6ZW49	0.0017320767652856	PAXIP1	Developmental Biology
P05198	0.0017299773287659	EIF2S1	Cellular responses to stimuli
Q9NZB2	0.0017289388830231	FAM120A	Other
P47929	0.0017207778283269	LGALS7B	Other
Q9ULK4	0.0017186067770317	MED23	Gene expression (Transcription)
Q8N6Y0	0.0017182734091557	USHBP1	Other
Q96NL6	0.0017033508574208	SCLT1	Organelle biogenesis and maintenance
O15014	0.0017015865760631	ZNF609	Other
Q7KZF4	0.0016990157914683	SND1	Disease
Q8N5R6	0.0016857921009197	CCDC33	Other
Q14938	0.0016539009494191	NFIX	Gene expression (Transcription)
Q13555	0.0016377427587502	CAMK2G	Disease
Q9NZ43	0.0016376772375211	USE1	Other
P15531	0.0016275599862495	NME1	Other
Q96AQ6	0.0016272942029356	PBXIP1	Other
O75496	0.0016141393476634	GMNN	Cell Cycle
P25398	0.0016079954867811	RPS12	Metabolism of RNA
Q92820	0.0016036382280012	GGH	Immune System
O15514	0.0015946751439108	POLR2D	Metabolism of RNA
P68104	0.0015878640154352	EEF1A1	Cellular responses to stimuli
O43852	0.0015712945392188	CALU	Metabolism of proteins
Q13188	0.0015545225854799	STK3	Other
P30825	0.00155403792791	SLC7A1	Transport of small molecules
Q15907	0.0015302024736331	RAB11B	Other
P21912	0.0015195521569596	SDHB	Other
Q9NYL9	0.0015161269428987	TMOD3	Signal Transduction
Q9Y3E0	0.0014936095110654	GOLT1B	Other
Q9UI12	0.00148102111185	ATP6V1H	Disease
P08758	0.0014807773841039	ANXA5	Hemostasis
Q13595	0.0014768525782727	TRA2A	Other
Q15750	0.0014748909085169	TAB1	Disease
O76024	0.0014587002742763	WFS1	Cellular responses to stimuli
O14744	0.0014509430984902	PRMT5	Metabolism of RNA
P01889	0.0014476006568645	HLA-B	Disease
Q6Y7W6	0.0014453508488169	GIGYF2	Other
Q15303	0.0014368944395597	ERBB4	Disease
P83111	0.0014350491786121	LACTB	Other
Q14498	0.0014337243681142	RBM39	Other
P38159	0.0014322809798214	RBMX	Metabolism of RNA
Q9H9B4	0.0014305408438726	SFXN1	Other
P31947	0.0014268820407901	SFN	Other
O75461	0.0014229506836754	E2F6	Gene expression (Transcription)
P08173	0.0014151096486921	CHRM4	Signal Transduction
P25445	0.0014143176799784	FAS	Other
Q9Y3D6	0.0014132099458604	FIS1	Protein localization
P10242	0.0013937516003267	MYB	Gene expression (Transcription)
Q8N257	0.0013826361665667	H2BC26	Disease
O75340	0.0013810904360722	PDCD6	Other
P62487	0.0013787465268276	POLR2G	Metabolism of RNA
Q9BVG8	0.0013679207568386	KIFC3	Metabolism of proteins
Q9NQC7	0.0013666459817085	CYLD	Signal Transduction
O95271	0.0013665373259844	TNKS	Disease
Q9UQ80	0.0013541155268247	PA2G4	Immune System
Q04637	0.001353275319705	EIF4G1	Metabolism of RNA
P49756	0.0013508507403514	RBM25	Other
Q29RF7	0.0013499733022066	PDS5A	Cell Cycle
Q9Y3C5	0.0013440721046299	RNF11	Other
O95684	0.0013439393141524	CEP43	Disease
Q9NQB0	0.001342948763092	TCF7L2	Disease
Q01995	0.0013322258267186	TAGLN	Other
O60437	0.0013293557545069	PPL	Developmental Biology
Q14566	0.0013261357329294	MCM6	Cell Cycle
Q9H307	0.0013253627611324	PNN	Other
P51572	0.0013248890387679	BCAP31	Programmed Cell Death
P02751	0.0013207405339816	FN1	Disease
Q8N488	0.0013206170385816	RYBP	Gene expression (Transcription)
O75934	0.0013161797914627	BCAS2	Metabolism of RNA
P49840	0.0013070660788109	GSK3A	Disease
Q13277	0.0013031312187988	STX3	Immune System
Q08379	0.0013002691695463	GOLGA2	Disease
O75439	0.001298394037261	PMPCB	Protein localization
P25800	0.0012978274090325	LMO1	Gene expression (Transcription)
Q01844	0.0012943364649953	EWSR1	Other
O95983	0.0012907124610339	MBD3	Other
Q15427	0.0012855651963453	SF3B4	Metabolism of RNA
O15078	0.0012803142855903	CEP290	Cell Cycle
O75688	0.001268593286822	PPM1B	Disease
P10276	0.0012622405876415	RARA	Gene expression (Transcription)
Q9Y3B4	0.001260073527133	SF3B6	Metabolism of RNA
P61244	0.0012485211634229	MAX	Gene expression (Transcription)
Q15077	0.0012467492730942	P2RY6	Signal Transduction
P21281	0.0012421935192409	ATP6V1B2	Cellular responses to stimuli
P52298	0.0012248305611496	NCBP2	Metabolism of RNA
Q9Y3D9	0.0012204260063982	MRPS23	Metabolism of proteins
P22392	0.0012180857660321	NME2	Immune System
Q08AM6	0.001205063507431	VAC14	Metabolism
P04637	0.0012017604928175	TP53	Disease
P19838	0.0011931613780492	NFKB1	Disease
O00165	0.0011901171034482	HAX1	Other
Q93009	0.0011841197042544	USP7	Gene expression (Transcription)
Q9Y2M5	0.0011838582778679	KLHL20	Metabolism of proteins
P36507	0.0011717784492079	MAP2K2	Disease
Q13418	0.0011701895706775	ILK	Cell-Cell communication
Q9NR28	0.0011664544513663	DIABLO	Programmed Cell Death
Q9H3D4	0.0011657190438379	TP63	Programmed Cell Death
Q5T7N2	0.0011604443855664	L1TD1	Other
Q92633	0.0011574943845513	LPAR1	Signal Transduction
P21860	0.001153690478707	ERBB3	Disease
Q13347	0.0011481006979758	EIF3I	Metabolism of proteins
Q9Y2I6	0.0011455021947124	NINL	Cell Cycle
O15372	0.0011322975434583	EIF3H	Metabolism of proteins
P37108	0.0011312596625862	SRP14	Metabolism of proteins
Q15154	0.0011289134625023	PCM1	Cell Cycle
P49821	0.001123051227355	NDUFV1	Other
P17066	0.0011220669458529	HSPA6	Cellular responses to stimuli
Q9UPE1	0.0011146110654622	SRPK3	Other
P37802	0.0010938986007922	TAGLN2	Hemostasis
Q9H4B7	0.0010910921238712	TUBB1	Other
Q99873	0.0010750788635654	PRMT1	Disease
Q9BWF3	0.001063016363747	RBM4	Other
Q12857	0.0010612839302659	NFIA	Gene expression (Transcription)
Q8WUW1	0.001060208715813	BRK1	Disease
Q2TAC2	0.0010600029723426	CCDC57	Other
Q92614	0.0010553980429874	MYO18A	Disease
Q969T4	0.0010521986184625	UBE2E3	Metabolism of proteins
Q969G3	0.0010388182537131	SMARCE1	Gene expression (Transcription)
O75147	0.0010332985176126	OBSL1	Metabolism of proteins
Q8WXF1	0.0010307508026956	PSPC1	Other
Q14692	0.0010281481682625	BMS1	Metabolism of RNA
Q01814	0.0010245502482474	ATP2B2	Other
Q9H0A0	0.0010241612823715	NAT10	Metabolism of RNA
P19404	0.0010186713611663	NDUFV2	Other
O75607	0.001018238860428	NPM3	Other
P19438	0.0010168557059755	TNFRSF1A	Signal Transduction
P50914	0.0010023307726679	RPL14	Metabolism of RNA
P60709	0.0010004658439717	ACTB	Other
P23284	0.000999289502791	PPIB	Extracellular matrix organization
Q00765	0.0009910405941565	REEP5	Other
P13804	0.0009896672917665	ETFA	Other
O60493	0.0009826261894072	SNX3	Signal Transduction
P31942	0.000978367202848	HNRNPH3	Other
Q86TM6	0.0009724384387371	SYVN1	Disease
P02511	0.0009717144466862	CRYAB	Cellular responses to stimuli
Q16531	0.0009678574425147	DDB1	Metabolism of proteins
Q16594	0.0009665266673832	TAF9	Disease
P13693	0.0009658981223227	TPT1	Other
P62308	0.0009593689887893	SNRPG	Metabolism of RNA
P22061	0.0009557436729698	PCMT1	Metabolism of proteins
O43889	0.0009530596496137	CREB3	Other
Q14683	0.000951399855027	SMC1A	Signal Transduction
Q9Y5V3	0.0009513275716765	MAGED1	Programmed Cell Death
P37840	0.0009296443278979	SNCA	Metabolism of proteins
P21675	0.0009280284096758	TAF1	Disease
P61201	0.0009235764240954	COPS2	Signal Transduction
Q13243	0.0009223259930667	SRSF5	Metabolism of RNA
Q7RTV0	0.0009215077986685	PHF5A	Metabolism of RNA
Q96QK1	0.0009202697904504	VPS35	Signal Transduction
P00441	0.0009200079358091	SOD1	Cellular responses to stimuli
Q9UHI6	0.0009191998230149	DDX20	Metabolism of RNA
Q9H583	0.0009158446710737	HEATR1	Metabolism of RNA
O75955	0.0009118588049773	FLOT1	Programmed Cell Death
P68032	0.000908460392903	ACTC1	Signal Transduction
Q8IY31	0.0008932923405832	IFT20	Organelle biogenesis and maintenance
P27694	0.000886393222939	RPA1	Other
Q9C0B5	0.0008797904264345	ZDHHC5	Disease
Q13601	0.0008750838016151	KRR1	Metabolism of RNA
Q9NS69	0.0008644731700972	TOMM22	Protein localization
Q93050	0.0008630811273713	ATP6V0A1	Signal Transduction
P28799	0.0008622244134056	GRN	Immune System
Q96L21	0.000855691545977	RPL10L	Metabolism of RNA
P78347	0.000846127402689	GTF2I	Other
Q15942	0.0008457896632951	ZYX	Other
P35221	0.0008438312351184	CTNNA1	Developmental Biology
P84243	0.0008381572303687	H3-3B	Disease
Q01664	0.0008282230670136	TFAP4	Other
P25791	0.0008213205428665	LMO2	Gene expression (Transcription)
P61758	0.0008135843166338	VBP1	Metabolism of proteins
P61073	0.0008107802407411	CXCR4	Disease
O75306	0.0008107076778149	NDUFS2	Other
Q9GZT6	0.0008106233140403	CCDC90B	Other
Q9Y2X8	0.0008104971261814	UBE2D4	Immune System
Q93062	0.0008099032607202	RBPMS	Other
Q8WUM4	0.0008015163064497	PDCD6IP	Disease
Q9UEU0	0.0008008485155348	VTI1B	Hemostasis
Q15369	0.0008004674232149	ELOC	Disease
P27482	0.0007897276818903	CALML3	Other
Q14790	0.0007893123258073	CASP8	Disease
P62273	0.0007847408648596	RPS29	Metabolism of RNA
Q96GG9	0.0007833058624038	DCUN1D1	Metabolism of proteins
O95678	0.0007819162192285	KRT75	Developmental Biology
O94906	0.0007816073483514	PRPF6	Metabolism of RNA
Q16082	0.0007794963219492	HSPB2	Other
P24863	0.0007776074191113	CCNC	Disease
P31948	0.0007766830952462	STIP1	Cellular responses to stimuli
Q7Z3Y8	0.0007698935084166	KRT27	Developmental Biology
Q16666	0.0007662922516777	IFI16	Immune System
Q99613	0.0007572793270353	EIF3C	Metabolism of proteins
Q8TDX7	0.000755681259246	NEK7	Cell Cycle
Q15393	0.0007499997967328	SF3B3	Metabolism of RNA
Q9HBL7	0.0007482991562246	PLGRKT	Other
P63151	0.0007477888428265	PPP2R2A	Metabolism of RNA
Q04864	0.0007455683521436	REL	Immune System
P52815	0.0007448729337453	MRPL12	Metabolism of proteins
P06241	0.0007445991184946	FYN	Disease
O95817	0.0007390460354668	BAG3	Cellular responses to stimuli
Q9NRR5	0.0007373046253117	UBQLN4	Other
P53621	0.0007362770411267	COPA	Metabolism of proteins
P33993	0.0007358251064157	MCM7	Cell Cycle
P55854	0.0007350784563414	SUMO3	Other
P54707	0.0007344956311872	ATP12A	Transport of small molecules
Q93084	0.0007257129685922	ATP2A3	Signal Transduction
Q15262	0.0007250329477774	PTPRK	Signal Transduction
P24928	0.0007244395046887	POLR2A	Metabolism of RNA
P02794	0.0007230039286851	FTH1	Immune System
Q8IY81	0.000722997419181	FTSJ3	Metabolism of RNA
Q7Z434	0.0007224798440056	MAVS	Disease
O14672	0.0007213133426248	ADAM10	Disease
Q96GQ7	0.0007204560777697	DDX27	Other
O00159	0.0007201705114688	MYO1C	Other
P02647	0.0007196268665689	APOA1	Disease
P06703	0.0007178545997237	S100A6	Other
P48431	0.0007150706156385	SOX2	Gene expression (Transcription)
P19012	0.0007150283302751	KRT15	Developmental Biology
Q03135	0.0007083416664738	CAV1	Disease
Q9Y6H1	0.0007021829613851	CHCHD2	Protein localization
P27708	0.0006999665562773	CAD	Other
P67936	0.0006962582583813	TPM4	Disease
O75190	0.000695979679766	DNAJB6	Cellular responses to stimuli
Q9Y3B7	0.0006945978640671	MRPL11	Metabolism of proteins
Q15006	0.0006859212581795	EMC2	Other
Q8TAP4	0.0006708184702856	LMO3	Other
Q9BYJ9	0.0006679821393641	YTHDF1	Other
P09661	0.000667698747768	SNRPA1	Metabolism of RNA
Q7Z6Z7	0.0006657983678977	HUWE1	Immune System
O95478	0.0006650367270296	NSA2	Other
Q9UJV8	0.0006620783484889	PURG	Other
P20700	0.0006617569046794	LMNB1	Disease
Q14192	0.0006595910622266	FHL2	Metabolism
Q96A72	0.0006585857600067	MAGOHB	Metabolism of RNA
Q5SSJ5	0.0006570296078542	HP1BP3	Other
Q13131	0.0006543592169416	PRKAA1	Gene expression (Transcription)
O43242	0.0006471623135622	PSMD3	Metabolism of RNA
Q99615	0.000645995455838	DNAJC7	Cellular responses to stimuli
Q00613	0.0006454575504736	HSF1	Cellular responses to stimuli
O95071	0.0006435616020271	UBR5	Other
P30260	0.0006381090813919	CDC27	Disease
Q9Y2V7	0.0006374463229154	COG6	Metabolism of proteins
P30154	0.0006348155192632	PPP2R1B	Disease
Q15428	0.0006319815516423	SF3A2	Metabolism of RNA
P08727	0.0006318289725462	KRT19	Developmental Biology
Q92526	0.0006318149870076	CCT6B	Metabolism of proteins
P35579	0.0006275810011928	MYH9	Disease
Q92499	0.000625189893352	DDX1	Metabolism of RNA
Q9H0E2	0.0006181018185558	TOLLIP	Immune System
Q13503	0.0006175967019682	MED21	Developmental Biology
P62875	0.0006158622472989	POLR2L	Metabolism of RNA
P83105	0.000605607049777	HTRA4	Other
Q04724	0.0006036508598115	TLE1	Signal Transduction
Q15287	0.0006009100582689	RNPS1	Metabolism of RNA
P41218	0.0006003277975232	MNDA	Immune System
P43243	0.000596135764778	MATR3	Other
P41091	0.0005931896724054	EIF2S3	Cellular responses to stimuli
P55060	0.0005893126080629	CSE1L	Other
P62857	0.0005791496447871	RPS28	Metabolism of RNA
Q02539	0.000576440346387	H1-1	Programmed Cell Death
P16402	0.0005755684578595	H1-3	Programmed Cell Death
Q96A08	0.0005575293584103	H2BC1	Disease
O76021	0.0005546893116437	RSL1D1	Other
Q15029	0.0005513279744965	EFTUD2	Metabolism of RNA
Q13573	0.0005511020557619	SNW1	Metabolism of RNA
O00505	0.0005386133464417	KPNA3	Disease
P04844	0.0005381532693277	RPN2	Disease
Q12874	0.0005333242279193	SF3A3	Metabolism of RNA
P07947	0.0005278020310078	YES1	Disease
Q9UMS4	0.0005272678778161	PRPF19	Metabolism of RNA
P63173	0.0005245647483086	RPL38	Metabolism of RNA
Q4V328	0.000517492479134	GRIPAP1	Other
P54646	0.0005139094516017	PRKAA2	Gene expression (Transcription)
P53350	0.0005084797696281	PLK1	Signal Transduction
P04899	0.0005015598549384	GNAI2	Disease
P53618	0.000500304960719	COPB1	Metabolism of proteins
P61421	0.0004985555420903	ATP6V0D1	Cellular responses to stimuli
P28331	0.000498247777929	NDUFS1	Other
P22607	0.0004970154994367	FGFR3	Disease
O00410	0.0004965284349711	IPO5	Disease
P56524	0.0004768863905739	HDAC4	Disease
Q14164	0.0004734979198289	IKBKE	Disease
P52272	0.0004701531780004	HNRNPM	Metabolism of RNA
P42677	0.0004591202621744	RPS27	Metabolism of RNA
O75390	0.0004569265365016	CS	Metabolism
Q63ZY3	0.000454189095646	KANK2	Other
P48047	0.0004458892719899	ATP5PO	Other
P25054	0.0004430896249979	APC	Other
P11362	0.0004311857107398	FGFR1	Disease
O15350	0.0004272402080916	TP73	Programmed Cell Death
O43809	0.0004196206863958	NUDT21	Metabolism of RNA
P28066	0.0004129110705622	PSMA5	Metabolism of RNA
Q13526	0.0004124418447982	PIN1	Other
P05783	0.0004102029710042	KRT18	Developmental Biology
Q15836	0.0004093892866107	VAMP3	Signal Transduction
Q00325	0.0004028008813989	SLC25A3	Other
Q86VP6	0.0003912387563055	CAND1	Metabolism of proteins
P51665	0.0003785175482474	PSMD7	Metabolism of RNA
P02545	0.0003783436146332	LMNA	Disease
P37198	0.0003686944935693	NUP62	Metabolism of RNA
Q15149	0.0003574011207901	PLEC	Programmed Cell Death
Q9UHX1	0.000355497977406	PUF60	Metabolism of RNA
P83731	0.0003513463987682	RPL24	Other
Q15311	0.0003498142809132	RALBP1	Other
O15371	0.000339910869806	EIF3D	Metabolism of proteins
P51965	0.0003326800763949	UBE2E1	Disease
P31040	0.0003318138164255	SDHA	Other
P02768	0.0003267887110981	ALB	Cellular responses to stimuli
Q9C0B0	0.0003225438607996	UNK	Other
P07195	0.0003187961316323	LDHB	Metabolism
Q13363	0.0003117994255699	CTBP1	Disease
P53675	0.0003105038431434	CLTCL1	Developmental Biology
Q15323	0.0003055210657507	KRT31	Developmental Biology
P15924	0.0003054987931126	DSP	Other
O43765	0.00028898414724	SGTA	Protein localization
P78352	0.0002798365628513	DLG4	Other
Q13620	0.0002555189432428	CUL4B	Metabolism of proteins
Q07955	0.0002504869676014	SRSF1	Metabolism of RNA
Q16543	0.000240798545479	CDC37	Disease
P26447	0.0002313837894025	S100A4	Other
Q05513	0.0002076187355707	PRKCZ	Signal Transduction
O00231	0.0002049909365662	PSMD11	Metabolism of RNA
O00267	0.0001939091930806	SUPT5H	Metabolism of RNA
O00232	0.0001875139368901	PSMD12	Metabolism of RNA
P45983	0.0001590032925789	MAPK8	Disease
