Pathway	SHAP_sum	GeneCount
Signal Transduction R-HSA-162582	0.17175276568397532	114
Disease R-HSA-1643685	0.15565190616123628	108
Metabolism Of Proteins R-HSA-392499	0.1418157232481402	93
Gene Expression (Transcription) R-HSA-74160	0.1264436491137926	81
RNA Polymerase II Transcription R-HSA-73857	0.11978690311594241	77
Immune System R-HSA-168256	0.1077839673781676	79
Generic Transcription Pathway R-HSA-212436	0.1024189606404296	65
Metabolism Of RNA R-HSA-8953854	0.09821204392189932	68
Developmental Biology R-HSA-1266738	0.09437118355714033	68
Post-translational Protein Modification R-HSA-597592	0.088955302439478	61
Infectious Disease R-HSA-5663205	0.08647780632137199	64
Metabolism R-HSA-1430728	0.0795390949751798	52
Cell Cycle R-HSA-1640170	0.07350096198481097	49
Cellular Responses To Stimuli R-HSA-8953897	0.07052625060648302	55
Cellular Responses To Stress R-HSA-2262752	0.07052625060648302	55
Innate Immune System R-HSA-168249	0.07032075393477462	50
Diseases Of Signal Transduction By Growth Factor Receptors And Second Messengers R-HSA-5663202	0.0609870129566446	46
Signaling By Receptor Tyrosine Kinases R-HSA-9006934	0.06074125073476111	38
Cell Cycle, Mitotic R-HSA-69278	0.05491515864493809	40
Adaptive Immune System R-HSA-1280218	0.0511753072926535	30
Processing Of Capped Intron-Containing Pre-mRNA R-HSA-72203	0.048891692432691695	36
Transcriptional Regulation By TP53 R-HSA-3700989	0.04861540036377329	28
Cytokine Signaling In Immune System R-HSA-1280215	0.0485705598179903	38
mRNA Splicing R-HSA-72172	0.048522997939122396	35
mRNA Splicing - Major Pathway R-HSA-72163	0.048522997939122396	35
Translation R-HSA-72766	0.048106624038616715	27
M Phase R-HSA-68886	0.0451914329703826	33
Axon Guidance R-HSA-422475	0.044707378994932996	34
Nervous System Development R-HSA-9675108	0.044707378994932996	34
Neutrophil Degranulation R-HSA-6798695	0.0433025370531924	29
Programmed Cell Death R-HSA-5357801	0.04198368404863061	30
HIV Infection R-HSA-162906	0.0403976328270046	28
Signaling By Rho GTPases, Miro GTPases And RHOBTB3 R-HSA-9716542	0.0393963851076261	28
Signaling By Rho GTPases R-HSA-194315	0.0393963851076261	28
Class I MHC Mediated Antigen Processing And Presentation R-HSA-983169	0.039082748556619	23
Transport Of Small Molecules R-HSA-382551	0.03830213469571501	28
Signaling By Interleukins R-HSA-449147	0.036596356344406715	28
Apoptosis R-HSA-109581	0.03541399858228031	26
Deubiquitination R-HSA-5688426	0.034341267608109	21
Ub-specific Processing Proteases R-HSA-5689880	0.0336187877641034	20
rRNA Processing In Nucleus And Cytosol R-HSA-8868773	0.0326544127991253	18
rRNA Processing R-HSA-72312	0.0326544127991253	18
Mitotic G2-G2/M Phases R-HSA-453274	0.0325741074006512	20
G2/M Transition R-HSA-69275	0.0325741074006512	20
Major Pathway Of rRNA Processing In Nucleolus And Cytosol R-HSA-6791226	0.031630251516753805	17
Transcriptional Regulation By RUNX1 R-HSA-8878171	0.0304162316831932	21
Hemostasis R-HSA-109582	0.030276021093116293	23
Organelle Biogenesis And Maintenance R-HSA-1852241	0.028397141789524998	15
DNA Repair R-HSA-73894	0.02821504891061479	20
Signaling By WNT R-HSA-195721	0.027946325778540303	22
Cell Cycle Checkpoints R-HSA-69620	0.027862892645608803	19
Antigen Processing: Ubiquitination And Proteasome Degradation R-HSA-983168	0.027695268836408903	18
Signaling By ROBO Receptors R-HSA-376176	0.0275556011568407	22
Signaling By Nuclear Receptors R-HSA-9006931	0.027338583266953893	20
RNA Polymerase II Pre-transcription Events R-HSA-674695	0.027157343889734998	16
Metabolism Of Lipids R-HSA-556833	0.0269308916112219	15
Regulation Of Expression Of SLITs And ROBOs R-HSA-9010553	0.0267448209160996	21
HIV Life Cycle R-HSA-162587	0.026230253404673994	18
Mitotic Metaphase And Anaphase R-HSA-2555396	0.025567351312418503	20
Mitotic Anaphase R-HSA-68882	0.025567351312418503	20
Regulation Of TP53 Activity R-HSA-5633007	0.0254529600222117	14
Late Phase Of HIV Life Cycle R-HSA-162599	0.025419473163932896	17
Intracellular Signaling By Second Messengers R-HSA-9006925	0.0247811497951473	20
ESR-mediated Signaling R-HSA-8939211	0.024338405416787393	18
Transcription Of HIV Genome R-HSA-167172	0.024249262363913896	15
PIP3 Activates AKT Signaling R-HSA-1257604	0.023143407036397102	19
TCF Dependent Signaling In Response To WNT R-HSA-201681	0.0230366286227733	19
Estrogen-dependent Gene Expression R-HSA-9018519	0.022920885159804495	15
Metabolism Of Amino Acids And Derivatives R-HSA-71291	0.0228703026550803	16
RHO GTPase Cycle R-HSA-9012999	0.022817924446871096	17
Mitotic Prometaphase R-HSA-68877	0.0227651002240481	14
Signaling By NOTCH R-HSA-157118	0.022598935008775602	19
L13a-mediated Translational Silencing Of Ceruloplasmin Expression R-HSA-156827	0.0218918100592436	16
GTP Hydrolysis And Joining Of 60S Ribosomal Subunit R-HSA-72706	0.0218918100592436	16
Cap-dependent Translation Initiation R-HSA-72737	0.0218918100592436	16
RUNX1 Regulates Transcription Of Genes Involved In Differentiation Of HSCs R-HSA-8939236	0.0216955298351686	16
Influenza Infection R-HSA-168255	0.021217998129208698	17
Cilium Assembly R-HSA-5617833	0.021210753224134897	11
Separation Of Sister Chromatids R-HSA-2467813	0.0209930738206372	15
Cellular Response To Starvation R-HSA-9711097	0.0209001686236673	15
Influenza Viral RNA Transcription And Replication R-HSA-168273	0.020679384782766996	16
Protein Localization R-HSA-9609507	0.020674848454153003	12
Antigen processing-Cross Presentation R-HSA-1236975	0.020588719092192	12
Anchoring Of Basal Body To Plasma Membrane R-HSA-5620912	0.0203174608835517	10
DNA Replication R-HSA-69306	0.020227886272015404	16
Assembly Of Pre-Replicative Complex R-HSA-68867	0.020227886272015404	16
DNA Replication Pre-Initiation R-HSA-69002	0.020227886272015404	16
HIV Transcription Initiation R-HSA-167161	0.020186327443847595	11
Gene Silencing By RNA R-HSA-211000	0.020161593776869696	12
mRNA Splicing - Minor Pathway R-HSA-72165	0.019757740058244502	15
TP53 Regulates Transcription Of DNA Repair Genes R-HSA-6796648	0.019691159985251297	12
Vesicle-mediated Transport R-HSA-5653656	0.019655995811876506	15
S Phase R-HSA-69242	0.0195724161850649	16
Activation Of HOX Genes During Differentiation R-HSA-5619507	0.0192143500116316	12
Chromosome Maintenance R-HSA-73886	0.0192113597274496	11
Mitotic G1 Phase And G1/S Transition R-HSA-453279	0.019105808915809597	15
Formation Of RNA Pol II Elongation Complex R-HSA-112382	0.018985684696984896	12
Interleukin-1 Family Signaling R-HSA-446652	0.018868446171149002	15
Recruitment Of NuMA To Mitotic Centrosomes R-HSA-380320	0.0186141100261309	9
Centrosome Maturation R-HSA-380287	0.0186141100261309	9
AURKA Activation By TPX2 R-HSA-8854518	0.0186141100261309	9
Regulation Of PLK1 Activity At G2/M Transition R-HSA-2565942	0.0186141100261309	9
Loss Of Nlp From Mitotic Centrosomes R-HSA-380259	0.0186141100261309	9
Membrane Trafficking R-HSA-199991	0.018609580234209503	13
Diseases Of Programmed Cell Death R-HSA-9645723	0.0184786317812883	12
G1/S Transition R-HSA-69206	0.018358020072983098	14
RAF/MAP Kinase Cascade R-HSA-5673001	0.018229701880122604	16
MAPK Family Signaling Cascades R-HSA-5683057	0.018229701880122604	16
MAPK1/MAPK3 Signaling R-HSA-5684996	0.018229701880122604	16
Formation Of A Pool Of Free 40S Subunits R-HSA-72689	0.0182153677383673	13
RNA Polymerase II Transcribes snRNA Genes R-HSA-6807505	0.018113396273325793	12
Transcription-Coupled Nucleotide Excision Repair (TC-NER) R-HSA-6781827	0.017793711992467397	13
Formation Of TC-NER Pre-Incision Complex R-HSA-6781823	0.017793711992467397	13
Nucleotide Excision Repair R-HSA-5696398	0.017793711992467397	13
RHO GTPase Effectors R-HSA-195258	0.017638669376568	12
Citric Acid (TCA) Cycle And Respiratory Electron Transport R-HSA-1428517	0.0176371594642778	13
Nonsense Mediated Decay (NMD) Enhanced By Exon Junction Complex (EJC) R-HSA-975957	0.0174909029637293	14
Neddylation R-HSA-8951664	0.017461064368686004	16
Toll-like Receptor Cascades R-HSA-168898	0.017460566952861002	10
Toll Like Receptor 4 (TLR4) Cascade R-HSA-166016	0.017460566952861002	10
ER-Phagosome Pathway R-HSA-1236974	0.0173913540163452	11
Asparagine N-linked Glycosylation R-HSA-446203	0.0173152828737017	9
SRP-dependent Cotranslational Protein Targeting To Membrane R-HSA-1799339	0.0172567769255404	12
Host Interactions Of HIV Factors R-HSA-162909	0.017180269081736	13
Regulated Necrosis R-HSA-5218859	0.017139339568061702	11
MyD88:MAL(TIRAP) Cascade Initiated On Plasma Membrane R-HSA-166058	0.016987069033032102	9
PTEN Regulation R-HSA-6807070	0.016938140191385197	12
Respiratory Electron Transport, ATP Synthesis By Chemiosmotic Coupling, Heat Production By Uncoupling Proteins R-HSA-163200	0.016861436796143898	11
Chromatin Modifying Enzymes R-HSA-3247509	0.0167707438575595	10
ABC-family Proteins Mediated Transport R-HSA-382556	0.0167440996045522	12
Transcriptional Regulation By Small RNAs R-HSA-5578749	0.0165887271522738	11
Interleukin-1 Signaling R-HSA-9020702	0.0165606134882557	13
Interferon Signaling R-HSA-913531	0.0164477917977921	10
SARS-CoV Infections R-HSA-9679506	0.0164053238289597	17
SARS-CoV-2 Infection R-HSA-9694516	0.0164053238289597	17
Telomere Maintenance R-HSA-157579	0.0162200326587045	10
Inhibition Of DNA Recombination At Telomere R-HSA-9670095	0.0162200326587045	10
Signaling By FGFR In Disease R-HSA-1226099	0.0161405421477175	12
Formation Of HIV-1 Elongation Complex Containing HIV-1 Tat R-HSA-167200	0.016077603171163798	11
Formation Of HIV Elongation Complex In Absence Of HIV Tat R-HSA-167152	0.016077603171163798	11
Cellular Senescence R-HSA-2559583	0.0156855427104621	13
Mitochondrial Translation R-HSA-5368287	0.015415574350360502	5
Mitochondrial Translation Initiation R-HSA-5368286	0.015415574350360502	5
Ribosomal Scanning And Start Codon Recognition R-HSA-72702	0.0153489295670855	12
mRNA Activation Upon Binding Of Cap-Binding Complex And eIFs, Subsequent Binding To 43S R-HSA-72662	0.0153489295670855	12
Translation Initiation Complex Formation R-HSA-72649	0.0153489295670855	12
PPARA Activates Gene Expression R-HSA-1989781	0.015237292796588697	8
Regulation Of Lipid Metabolism By PPARalpha R-HSA-400206	0.015237292796588697	8
Degradation Of Beta-Catenin By Destruction Complex R-HSA-195253	0.015101255115627899	12
Transcriptional Regulation Of White Adipocyte Differentiation R-HSA-381340	0.0150512362458424	7
Gap-filling DNA Repair Synthesis And Ligation In TC-NER R-HSA-6782210	0.0149494322189255	11
Dual Incision In TC-NER R-HSA-6782135	0.0149494322189255	11
Platelet Activation, Signaling And Aggregation R-HSA-76002	0.0149250121855404	13
HCMV Infection R-HSA-9609646	0.014884148315873699	7
HCMV Early Events R-HSA-9609690	0.014884148315873699	7
Ion Channel Transport R-HSA-983712	0.014524051909899	10
G2/M Checkpoints R-HSA-69481	0.0144051262291215	12
p53-Dependent G1 DNA Damage Response R-HSA-69563	0.014370304989865001	9
Stabilization Of P53 R-HSA-69541	0.014370304989865001	9
G1/S DNA Damage Checkpoints R-HSA-69615	0.014370304989865001	9
Regulation Of Apoptosis R-HSA-169911	0.0140879972976899	8
Formation Of Ternary Complex, And Subsequently, 43S Complex R-HSA-72695	0.013995654247380501	11
Extracellular Matrix Organization R-HSA-1474244	0.013966492142037702	7
VEGFA-VEGFR2 Pathway R-HSA-4420097	0.013896255900973398	8
Signaling By VEGF R-HSA-194138	0.013896255900973398	8
Synthesis Of DNA R-HSA-69239	0.0138481287167772	12
Switching Of Origins To A Post-Replicative State R-HSA-69052	0.0138481287167772	12
Eukaryotic Translation Elongation R-HSA-156842	0.0134902362049928	10
mRNA Capping R-HSA-72086	0.013433408005327701	9
Formation Of Early Elongation Complex R-HSA-113418	0.013433408005327701	9
MicroRNA (miRNA) Biogenesis R-HSA-203927	0.013413141728062199	7
C-type Lectin Receptors (CLRs) R-HSA-5621481	0.0134032031028499	11
ER To Golgi Anterograde Transport R-HSA-199977	0.0131809129494339	6
Transport To Golgi And Subsequent Modification R-HSA-948021	0.0131809129494339	6
COPI-mediated Anterograde Transport R-HSA-6807878	0.0131809129494339	6
Respiratory Electron Transport R-HSA-611105	0.0131481392577488	9
Disorders Of Transmembrane Transporters R-HSA-5619115	0.012913338948323099	10
RIPK1-mediated Regulated Necrosis R-HSA-5213460	0.0129118353083689	8
Regulation Of Necroptotic Cell Death R-HSA-5675482	0.0129118353083689	8
Signaling By GPCR R-HSA-372790	0.012833302310148398	9
GPCR Downstream Signaling R-HSA-388396	0.012833302310148398	9
Transcriptional Regulation By RUNX3 R-HSA-8878159	0.012773937074227198	11
Fc Epsilon Receptor (FCERI) Signaling R-HSA-2454202	0.0127728940696215	11
Pausing And Recovery Of Tat-mediated HIV Elongation R-HSA-167238	0.012678379462383	9
HIV Elongation Arrest And Recovery R-HSA-167287	0.012678379462383	9
CLEC7A (Dectin-1) Signaling R-HSA-5607764	0.0126586039843553	10
Regulation Of TP53 Activity Thru Phosphorylation R-HSA-6804756	0.0126392596211828	7
Cyclin E Associated Events During G1/S Transition R-HSA-69202	0.012624153683035998	9
Cyclin A:Cdk2-associated Events At S Phase Entry R-HSA-69656	0.012624153683035998	9
SARS-CoV-2-host Interactions R-HSA-9705683	0.0126052351908212	13
rRNA Modification In Nucleus And Cytosol R-HSA-6790901	0.0125917830556205	6
RNA Polymerase II Transcription Termination R-HSA-73856	0.012590127091698	10
Nonsense Mediated Decay (NMD) Independent Of Exon Junction Complex (EJC) R-HSA-975956	0.012551992631614899	10
ABC Transporter Disorders R-HSA-5619084	0.0125446444547538	9
Death Receptor Signaling R-HSA-73887	0.0125040346805241	10
Signaling By FGFR R-HSA-190236	0.012463460052792799	10
Neuronal System R-HSA-112316	0.0124538209087839	8
TNFR2 Non-Canonical NF-kB Pathway R-HSA-5668541	0.012300242270484499	9
Response Of EIF2AK4 (GCN2) To Amino Acid Deficiency R-HSA-9633012	0.0122970537519316	10
RNA Pol II CTD Phosphorylation And Interaction With CE R-HSA-77075	0.012208577444178099	8
Cellular Response To Chemical Stress R-HSA-9711123	0.012195395516458702	10
MyD88-independent TLR4 Cascade R-HSA-166166	0.0121865112054376	9
Muscle Contraction R-HSA-397014	0.012164841051968099	7
Transcriptional Regulation By RUNX2 R-HSA-8878166	0.012065952516601	10
Signaling By B Cell Receptor (BCR) R-HSA-983705	0.011884568220669299	10
Cell-Cell Communication R-HSA-1500931	0.0118780231089433	6
FCERI Mediated NF-kB Activation R-HSA-2871837	0.011869291658548	9
Defective CFTR Causes Cystic Fibrosis R-HSA-5678895	0.0118250175881849	8
MyD88 Dependent Cascade Initiated On Endosome R-HSA-975155	0.0117130132856087	8
Toll Like Receptor 9 (TLR9) Cascade R-HSA-168138	0.0117130132856087	8
Toll Like Receptor 7/8 (TLR7/8) Cascade R-HSA-168181	0.0117130132856087	8
TRAF6 Mediated Induction Of NFkB And MAP Kinases Upon TLR7/8 Or 9 Activation R-HSA-975138	0.0117130132856087	8
Oxidative Stress Induced Senescence R-HSA-2559580	0.011707826465700202	7
Response To Elevated Platelet Cytosolic Ca2+ R-HSA-76005	0.011651834188230702	9
Platelet Degranulation R-HSA-114608	0.011651834188230702	9
mRNA 3-End Processing R-HSA-72187	0.0116307581029087	9
Transport Of Mature Transcript To Cytoplasm R-HSA-72202	0.0115798319100822	9
Transport Of Mature mRNA Derived From An Intron-Containing Transcript R-HSA-159236	0.0115798319100822	9
Peptide Chain Elongation R-HSA-156902	0.0115617507661955	9
Oncogenic MAPK Signaling R-HSA-6802957	0.011536818679078199	6
Signaling By BRAF And RAF1 Fusions R-HSA-6802952	0.011536818679078199	6
Signaling By FGFR2 R-HSA-5654738	0.0115352588426163	8
FGFR2 Alternative Splicing R-HSA-6803529	0.0115352588426163	8
Caspase Activation Via Extrinsic Apoptotic Signaling Pathway R-HSA-5357769	0.0114713995897437	6
Orc1 Removal From Chromatin R-HSA-68949	0.011263200211327	9
Abortive Elongation Of HIV-1 Transcript In Absence Of Tat R-HSA-167242	0.0112590148576965	8
Protein Ubiquitination R-HSA-8852135	0.0112024194220878	8
Autophagy R-HSA-9612973	0.011183319987118499	6
Downstream Signaling Events Of B Cell Receptor (BCR) R-HSA-1168372	0.011139969102174699	9
Activation Of NF-kappaB In B Cells R-HSA-1169091	0.011139969102174699	9
Signaling By FGFR2 In Disease R-HSA-5655253	0.011065105664615901	7
Signaling By FGFR2 IIIa TM R-HSA-8851708	0.011065105664615901	7
FGFR2 Mutant Receptor Activation R-HSA-1839126	0.011065105664615901	7
Mitotic Prophase R-HSA-68875	0.010987798285803702	11
Degradation Of DVL R-HSA-4641258	0.0109737068917018	8
Nuclear Events Mediated By NFE2L2 R-HSA-9759194	0.0109485988695515	8
KEAP1-NFE2L2 Pathway R-HSA-9755511	0.0109485988695515	8
Role Of GTSE1 In G2/M Progression After G2 Checkpoint R-HSA-8852276	0.0109114796344275	9
Transcriptional Regulation Of Granulopoiesis R-HSA-9616222	0.010904086334247602	7
RUNX1 Regulates Genes Involved In Megakaryocyte Differentiation And Platelet Function R-HSA-8936459	0.0108726875199269	6
Resolution Of Sister Chromatid Cohesion R-HSA-2500257	0.010821045290868497	6
Pre-NOTCH Expression And Processing R-HSA-1912422	0.0108182376246722	8
Signaling By ALK Fusions And Activated Point Mutants R-HSA-9725370	0.0107140245287567	6
Regulation Of APC/C Activators Between G1/S And Early Anaphase R-HSA-176408	0.010680508299396799	10
APC/C:Cdh1 Mediated Degradation Of Cdc20 And APC/C:Cdh1 Targets In Late Mitosis/Early G1 R-HSA-174178	0.010680508299396799	10
Activation Of APC/C And APC/C:Cdc20 Mediated Degradation Of Mitotic Proteins R-HSA-176814	0.010680508299396799	10
APC/C-mediated Degradation Of Cell Cycle Proteins R-HSA-174143	0.010680508299396799	10
Cell Surface Interactions At Vascular Wall R-HSA-202733	0.0106622461964214	6
Iron Uptake And Transport R-HSA-917937	0.010580438684097599	8
Degradation Of AXIN R-HSA-4641257	0.0105677766979663	8
Regulation Of PTEN Stability And Activity R-HSA-8948751	0.0105677766979663	8
Regulation Of mRNA Stability By Proteins That Bind AU-rich Elements R-HSA-450531	0.0105545146916869	8
AUF1 (hnRNP D0) Binds And Destabilizes mRNA R-HSA-450408	0.0105545146916869	8
Beta-catenin Independent WNT Signaling R-HSA-3858494	0.0105441881350739	8
Caspase Activation Via Death Receptors In Presence Of Ligand R-HSA-140534	0.0105200720180672	5
Signaling By NOTCH4 R-HSA-9013694	0.0104736547703686	9
Autodegradation Of E3 Ubiquitin Ligase COP1 R-HSA-349425	0.0104029998647994	8
Downstream TCR Signaling R-HSA-202424	0.0103944007500311	8
TCR Signaling R-HSA-202403	0.0103944007500311	8
Signaling By Insulin Receptor R-HSA-74752	0.010394397209283498	8
Interferon Gamma Signaling R-HSA-877300	0.0102277357540793	4
Viral Messenger RNA Synthesis R-HSA-168325	0.0102089695970356	7
Hedgehog Ligand Biogenesis R-HSA-5358346	0.010173677810719	8
Hh Mutants Abrogate Ligand Secretion R-HSA-5387390	0.010173677810719	8
Signaling By Hedgehog R-HSA-5358351	0.010173677810719	8
Hh Mutants Are Degraded By ERAD R-HSA-5362768	0.010173677810719	8
APC:Cdc20 Mediated Degradation Of Cell Cycle Proteins Before Cycle Checkpoint Satisfied R-HSA-179419	0.010172028529768699	9
APC/C:Cdc20 Mediated Degradation Of Mitotic Proteins R-HSA-176409	0.010172028529768699	9
Autodegradation Of Cdh1 By Cdh1:APC/C R-HSA-174084	0.010172028529768699	9
APC/C:Cdc20 Mediated Degradation Of Securin R-HSA-174154	0.010172028529768699	9
CDK-mediated Phosphorylation And Removal Of Cdc6 R-HSA-69017	0.010172028529768699	9
Cdc20:Phospho-APC/C Mediated Degradation Of Cyclin A R-HSA-174184	0.010172028529768699	9
Meiosis R-HSA-1500620	0.0101581539721737	8
Reproduction R-HSA-1474165	0.0101581539721737	8
GPCR Ligand Binding R-HSA-500792	0.0100591841771966	6
Class A/1 (Rhodopsin-like Receptors) R-HSA-373076	0.0100591841771966	6
Oxygen-dependent Proline Hydroxylation Of Hypoxia-inducible Factor Alpha R-HSA-1234176	0.0100017067951968	8
Vif-mediated Degradation Of APOBEC3G R-HSA-180585	0.0100017067951968	8
Cellular Response To Hypoxia R-HSA-1234174	0.0100017067951968	8
Eukaryotic Translation Termination R-HSA-72764	0.0099738867507603	8
Selenocysteine Synthesis R-HSA-2408557	0.0099738867507603	8
Viral mRNA Translation R-HSA-192823	0.0099738867507603	8
Selenoamino Acid Metabolism R-HSA-2408522	0.0099738867507603	8
PIWI-interacting RNA (piRNA) Biogenesis R-HSA-5601884	0.009840275103466299	6
Macroautophagy R-HSA-1632852	0.009595455971683299	5
G Alpha (I) Signaling Events R-HSA-418594	0.0095038186069973	7
Mitotic Spindle Checkpoint R-HSA-69618	0.009490461291421698	6
ROS And RNS Production In Phagocytes R-HSA-1222556	0.009466195999106999	6
Transferrin Endocytosis And Recycling R-HSA-917977	0.009466195999106999	6
Insulin Receptor Recycling R-HSA-77387	0.009466195999106999	6
Fatty Acid Metabolism R-HSA-8978868	0.009453404929630298	4
EML4 And NUDC In Mitotic Spindle Formation R-HSA-9648025	0.0092753533928809	5
Vpu Mediated Degradation Of CD4 R-HSA-180534	0.0092012393719819	7
Negative Regulation Of NOTCH4 Signaling R-HSA-9604323	0.0092012393719819	7
MAPK6/MAPK4 Signaling R-HSA-5687128	0.0092012393719819	7
UCH Proteinases R-HSA-5689603	0.0092012393719819	7
Ubiquitin-dependent Degradation Of Cyclin D R-HSA-75815	0.0092012393719819	7
Ubiquitin Mediated Degradation Of Phosphorylated Cdc25A R-HSA-69601	0.0092012393719819	7
GSK3B And BTRC:CUL1-mediated-degradation Of NFE2L2 R-HSA-9762114	0.0092012393719819	7
Regulation Of Ornithine Decarboxylase (ODC) R-HSA-350562	0.0092012393719819	7
Regulation Of Activated PAK-2p34 By Proteasome Mediated Degradation R-HSA-211733	0.0092012393719819	7
Cross-presentation Of Soluble Exogenous Antigens (Endosomes) R-HSA-1236978	0.0092012393719819	7
FBXL7 Down-Regulates AURKA During Mitotic Entry And In Early Mitosis R-HSA-8854050	0.0092012393719819	7
Hedgehog Off State R-HSA-5610787	0.0092012393719819	7
PCP/CE Pathway R-HSA-4086400	0.0092012393719819	7
Regulation Of RUNX2 Expression And Activity R-HSA-8939902	0.0092012393719819	7
Regulation Of RUNX3 Expression And Activity R-HSA-8941858	0.0092012393719819	7
SCF(Skp2)-mediated Degradation Of P27/P21 R-HSA-187577	0.0092012393719819	7
GLI3 Is Processed To GLI3R By Proteasome R-HSA-5610785	0.0092012393719819	7
Dectin-1 Mediated Noncanonical NF-kB Signaling R-HSA-5607761	0.0092012393719819	7
Degradation Of GLI2 By Proteasome R-HSA-5610783	0.0092012393719819	7
Degradation Of GLI1 By Proteasome R-HSA-5610780	0.0092012393719819	7
Asymmetric Localization Of PCP Proteins R-HSA-4608870	0.0092012393719819	7
NIK To Noncanonical NF-kB Signaling R-HSA-5676590	0.0092012393719819	7
Metabolism Of Polyamines R-HSA-351202	0.0092012393719819	7
Hedgehog On State R-HSA-5632684	0.0092012393719819	7
Regulation Of RAS By GAPs R-HSA-5658442	0.0092012393719819	7
SCF-beta-TrCP Mediated Degradation Of Emi1 R-HSA-174113	0.0092012393719819	7
Intra-Golgi And Retrograde Golgi-to-ER Traffic R-HSA-6811442	0.009200674193941001	5
RNA Polymerase I Promoter Escape R-HSA-73772	0.0091700129501683	6
NoRC Negatively Regulates rRNA Expression R-HSA-427413	0.0091700129501683	6
RNA Polymerase I Transcription R-HSA-73864	0.0091700129501683	6
Negative Epigenetic Regulation Of rRNA Expression R-HSA-5250941	0.0091700129501683	6
RNA Polymerase I Promoter Clearance R-HSA-73854	0.0091700129501683	6
Epigenetic Regulation Of Gene Expression R-HSA-212165	0.0091700129501683	6
Interferon Alpha/Beta Signaling R-HSA-909733	0.0090798559250678	3
SUMO E3 Ligases SUMOylate Target Proteins R-HSA-3108232	0.009030762461375	9
SUMOylation R-HSA-2990846	0.009030762461375	9
Selective Autophagy R-HSA-9663891	0.008941096754741699	4
RHOA GTPase Cycle R-HSA-8980692	0.008878450999177	6
Regulation Of TP53 Activity Thru Association With Co-factors R-HSA-6804759	0.0088772459807974	4
Leishmania Infection R-HSA-9658195	0.0087160501104376	9
Amino Acids Regulate mTORC1 R-HSA-9639288	0.0086031148717357	5
DNA Damage/Telomere Stress Induced Senescence R-HSA-2559586	0.0085571265266129	7
Senescence-Associated Secretory Phenotype (SASP) R-HSA-2559582	0.0085437080910742	7
Deposition Of New CENPA-containing Nucleosomes At Centromere R-HSA-606279	0.0085329273936146	4
Unattached Kinetochores Signal Amplification Via A MAD2 Inhibitory Signal R-HSA-141444	0.008519672133634899	4
RHO GTPases Activate Formins R-HSA-5663220	0.008519672133634899	4
Interleukin-4 And Interleukin-13 Signaling R-HSA-6785807	0.008511627389861	4
TNF Signaling R-HSA-75893	0.008462605175694499	6
Signaling By TGFB Family Members R-HSA-9006936	0.008424866972409599	6
Signaling By TGF-beta Receptor Complex R-HSA-170834	0.008424866972409599	6
Cellular Response To Heat Stress R-HSA-3371556	0.008414561381838201	9
HATs Acetylate Histones R-HSA-3214847	0.0084113074638491	5
Formation Of beta-catenin:TCF Transactivating Complex R-HSA-201722	0.0083263571781417	6
RND3 GTPase Cycle R-HSA-9696264	0.0082722613986382	4
Meiotic Recombination R-HSA-912446	0.0081666535978341	5
Golgi-to-ER Retrograde Transport R-HSA-8856688	0.008153838584414898	3
Pre-NOTCH Transcription And Translation R-HSA-1912408	0.0081326201038176	6
Mitochondrial Translation Termination R-HSA-5419276	0.008088950962016601	4
Mitochondrial Translation Elongation R-HSA-5389840	0.008088950962016601	4
Toll Like Receptor 3 (TLR3) Cascade R-HSA-168164	0.008008589029389	8
Integrin Cell Surface Interactions R-HSA-216083	0.0079359567109517	3
Signaling By Hippo R-HSA-2028269	0.007798823605747	1
Sensory Perception R-HSA-9709957	0.0077635512131856	5
HSP90 Chaperone Cycle For Steroid Hormone Receptors (SHR) In Presence Of Ligand R-HSA-3371497	0.0076939396778154	2
Cell Junction Organization R-HSA-446728	0.0076863129919361	4
TNFR1-induced NFkappaB Signaling Pathway R-HSA-5357956	0.0076732928498872	5
Complex I Biogenesis R-HSA-6799198	0.0076286002203138	5
Aggrephagy R-HSA-9646399	0.0075627141330428	2
RHOB GTPase Cycle R-HSA-9013026	0.0075535619604091	5
MyD88 Cascade Initiated On Plasma Membrane R-HSA-975871	0.0075350911095600995	7
Meiotic Synapsis R-HSA-1221632	0.0075331006992091	6
RND1 GTPase Cycle R-HSA-9696273	0.0075328175509857005	4
Keratinization R-HSA-6805567	0.0075174583999167	8
Defective Intrinsic Pathway For Apoptosis R-HSA-9734009	0.007494661646556501	5
Signaling By PDGF R-HSA-186797	0.0073860807797437	3
ALK Mutants Bind TKIs R-HSA-9700645	0.007268209463070801	3
Mitochondrial Biogenesis R-HSA-1592230	0.0071863885653900995	4
RMTs Methylate Histone Arginines R-HSA-3214858	0.0071662750156611995	4
E3 Ubiquitin Ligases Ubiquitinate Target Proteins R-HSA-8866654	0.0071186551558731995	5
RHO GTPases Activate PKNs R-HSA-5625740	0.0070073385564309995	5
Amyloid Fiber Formation R-HSA-977225	0.006996353235934999	7
B-WICH Complex Positively Regulates rRNA Expression R-HSA-5250924	0.0069956198025371	5
Positive Epigenetic Regulation Of rRNA Expression R-HSA-5250913	0.0069956198025371	5
Regulation Of TP53 Expression And Degradation R-HSA-6806003	0.0069880008414007	4
Regulation Of TP53 Degradation R-HSA-6804757	0.0069880008414007	4
Regulation Of TNFR1 Signaling R-HSA-5357905	0.006987714267177599	5
TNFR1-induced Proapoptotic Signaling R-HSA-5357786	0.006987714267177599	5
Unfolded Protein Response (UPR) R-HSA-381119	0.0069382709497191	7
Transmission Across Chemical Synapses R-HSA-112315	0.006926450294362301	6
Neurotransmitter Receptors And Postsynaptic Signal Transmission R-HSA-112314	0.006926450294362301	6
L1CAM Interactions R-HSA-373760	0.006922305041906301	4
COPI-independent Golgi-to-ER Retrograde Traffic R-HSA-6811436	0.0069172565825692	1
MHC Class II Antigen Presentation R-HSA-2132295	0.0069172565825692	1
Condensation Of Prophase Chromosomes R-HSA-2299718	0.0068882373248663	5
VEGFR2 Mediated Vascular Permeability R-HSA-5218920	0.0068670639669423	3
DNA Double-Strand Break Repair R-HSA-5693532	0.006819902118254899	6
Intrinsic Pathway For Apoptosis R-HSA-109606	0.0067695145375369	7
TAK1-dependent IKK And NF-kappa-B Activation R-HSA-445989	0.006741272297717999	5
Activation Of IRF3/IRF7 Mediated By TBK1/IKK Epsilon R-HSA-936964	0.0067335672884046	3
Cristae Formation R-HSA-8949613	0.0066724791137884	3
RHOC GTPase Cycle R-HSA-9013106	0.0066451015675061	4
DDX58/IFIH1-mediated Induction Of Interferon-Alpha/Beta R-HSA-168928	0.0066272446419266	6
Regulation Of TP53 Activity Thru Methylation R-HSA-6804760	0.0066200087163733	3
Syndecan Interactions R-HSA-3000170	0.0066152161769701	2
Non-integrin membrane-ECM Interactions R-HSA-3000171	0.0066152161769701	2
SARS-CoV-2 Activates/Modulates Innate And Adaptive Immune Responses R-HSA-9705671	0.006587318453941	6
Synthesis Of Active Ubiquitin: Roles Of E1 And E2 Enzymes R-HSA-8866652	0.006573511190610001	5
Signaling By SCF-KIT R-HSA-1433557	0.0065464568969258	3
Regulation Of KIT Signaling R-HSA-1433559	0.0065464568969258	3
Cardiac Conduction R-HSA-5576891	0.0065053448521755	4
Protein Folding R-HSA-391251	0.0064327741893704	5
Chaperonin-mediated Protein Folding R-HSA-390466	0.0064327741893704	5
Diseases Of Metabolism R-HSA-5668914	0.006393123497650199	2
TP53 Regulates Transcription Of Cell Death Genes R-HSA-5633008	0.0063926817303094005	5
Defective Pyroptosis R-HSA-9710421	0.0063797575552382	4
Assembly Of ORC Complex At Origin Of Replication R-HSA-68616	0.0063797575552382	4
PRC2 Methylates Histones And DNA R-HSA-212300	0.0063797575552382	4
DNA Methylation R-HSA-5334118	0.0063797575552382	4
SIRT1 Negatively Regulates rRNA Expression R-HSA-427359	0.0063797575552382	4
RNA Polymerase I Promoter Opening R-HSA-73728	0.0063797575552382	4
ERCC6 (CSB) And EHMT2 (G9a) Positively Regulate rRNA Expression R-HSA-427389	0.0063797575552382	4
Activated PKN1 Stimulates Transcription Of Androgen Receptor Regulated KLK2 And KLK3 R-HSA-5625886	0.0063797575552382	4
CASP8 Activity Is Inhibited R-HSA-5218900	0.006342149842018601	4
Dimerization Of Procaspase-8 R-HSA-69416	0.006342149842018601	4
Deregulated CDK5 Triggers Neurodegenerative Pathways In Alzheimers Disease Models R-HSA-8862803	0.006292901153739001	4
Signaling By ERBB2 R-HSA-1227986	0.006252614003562499	6
Global Genome Nucleotide Excision Repair (GG-NER) R-HSA-5696399	0.0062420493069306	5
Signaling By NTRKs R-HSA-166520	0.006230618098309101	5
Adherens Junctions Interactions R-HSA-418990	0.0061587223004685	2
Cell-cell Junction Organization R-HSA-421270	0.0061587223004685	2
Regulation Of IGF Transport And Uptake By IGFBPs R-HSA-381426	0.0061184642677685	6
Post-translational Protein Phosphorylation R-HSA-8957275	0.0061184642677685	6
Signaling By CSF3 (G-CSF) R-HSA-9674555	0.0060745231706383	2
Inactivation Of CSF3 (G-CSF) Signaling R-HSA-9705462	0.0060745231706383	2
Mitochondrial Protein Import R-HSA-1268020	0.006062496525249	5
Nuclear Events Stimulated By ALK Signaling In Cancer R-HSA-9725371	0.0059996161762488	2
Peroxisomal Protein Import R-HSA-9033241	0.0059033947658100995	2
Transcriptional Regulation By E2F6 R-HSA-8953750	0.0057789849282758	4
Striated Muscle Contraction R-HSA-390522	0.0056594961997926	3
TRAF6-mediated Induction Of TAK1 Complex Within TLR4 Complex R-HSA-937072	0.0056528130845655	2
IRAK2 Mediated Activation Of TAK1 Complex Upon TLR7/8 Or 9 Stimulation R-HSA-975163	0.0056528130845655	2
PI3K/AKT Signaling In Cancer R-HSA-2219528	0.0055704513257487	6
Base Excision Repair R-HSA-73884	0.0055416003248695	3
Packaging Of Telomere Ends R-HSA-171306	0.0055416003248695	3
Cleavage Of Damaged Purine R-HSA-110331	0.0055416003248695	3
Base-Excision Repair, AP Site Formation R-HSA-73929	0.0055416003248695	3
Cleavage Of Damaged Pyrimidine R-HSA-110329	0.0055416003248695	3
Protein-protein Interactions At Synapses R-HSA-6794362	0.0055273706144216	2
Synaptic Adhesion-Like Molecules R-HSA-8849932	0.0055273706144216	2
Insertion Of Tail-Anchored Proteins Into Endoplasmic Reticulum Membrane R-HSA-9609523	0.0054194590686064	3
Circadian Clock R-HSA-400253	0.005393848971869999	2
Diseases Associated With TLR Signaling Cascade R-HSA-5602358	0.005371083554097799	2
SARS-CoV-2 Modulates Host Translation Machinery R-HSA-9754678	0.0053095750704064	6
Growth Hormone Receptor Signaling R-HSA-982772	0.0052740557474234	1
Interleukin-7 Signaling R-HSA-1266695	0.0052740557474234	1
Regulation Of IFNA/IFNB Signaling R-HSA-912694	0.0052740557474234	1
Regulation Of IFNG Signaling R-HSA-877312	0.0052740557474234	1
Repression Of WNT Target Genes R-HSA-4641265	0.0052652002243828	4
Oncogene Induced Senescence R-HSA-2559585	0.0051690656178831	2
Integration Of Energy Metabolism R-HSA-163685	0.0051355815858979	5
RAC3 GTPase Cycle R-HSA-9013423	0.0051163981540556	4
RAC2 GTPase Cycle R-HSA-9013404	0.0051163981540556	4
HSF1-dependent Transactivation R-HSA-3371571	0.0050729613815289	5
Ion Transport By P-type ATPases R-HSA-936837	0.005057855910792001	4
Metabolism Of Carbohydrates R-HSA-71387	0.0050476237063225	4
Transcriptional Activity Of SMAD2/SMAD3:SMAD4 Heterotrimer R-HSA-2173793	0.0050198831609921	4
Downregulation Of ERBB2 Signaling R-HSA-8863795	0.0049802128540601	4
Signaling By ERBB2 In Cancer R-HSA-1227990	0.0049802128540601	4
TRIF-mediated Programmed Cell Death R-HSA-2562578	0.0049672345018559	2
Metabolism Of Non-Coding RNA R-HSA-194441	0.004923036965013301	5
HCMV Late Events R-HSA-9610379	0.004905393764214099	4
Negative Regulation Of PI3K/AKT Network R-HSA-199418	0.004898200766201	6
PI5P, PP2A And IER3 Regulate PI3K/AKT Signaling R-HSA-6811558	0.004898200766201	6
Sensory Processing Of Sound R-HSA-9659379	0.004861939774046	3
Sensory Processing Of Sound By Outer Hair Cells Of Cochlea R-HSA-9662361	0.004861939774046	3
Sensory Processing Of Sound By Inner Hair Cells Of Cochlea R-HSA-9662360	0.004861939774046	3
Nucleotide-binding Domain, Leucine Rich Repeat Containing NLR Signaling Pathways R-HSA-168643	0.0048240105940819	4
Signal Transduction By L1 R-HSA-445144	0.0048003292357945	3
FCGR3A-mediated Phagocytosis R-HSA-9664422	0.0047795911548142	5
Fcgamma Receptor (FCGR) Dependent Phagocytosis R-HSA-2029480	0.0047795911548142	5
SHC1 Events In ERBB2 Signaling R-HSA-1250196	0.0047394143085811	3
RHOF GTPase Cycle R-HSA-9035034	0.0047179463429220005	4
Transcriptional Regulation By VENTX R-HSA-8853884	0.0047086597917454995	5
Signaling By ALK R-HSA-201556	0.0046788756422672	1
Degradation Of Extracellular Matrix R-HSA-1474228	0.0046738448075049	2
Apoptotic Execution Phase R-HSA-75153	0.004663711808924401	7
TP53 Regulates Transcription Of Genes Involved In Cytochrome C Release R-HSA-6803204	0.0046547444677844	4
IRE1alpha Activates Chaperones R-HSA-381070	0.004615103948547801	5
XBP1(S) Activates Chaperone Genes R-HSA-381038	0.004615103948547801	5
Defective RIPK1-mediated Regulated Necrosis R-HSA-9693928	0.0046042125794936006	3
FGFR1 Mutant Receptor Activation R-HSA-1839124	0.0045784209836649	4
Signaling By FGFR1 In Disease R-HSA-5655302	0.0045784209836649	4
Nuclear Envelope (NE) Reassembly R-HSA-2995410	0.0045742774917813004	5
HDACs Deacetylate Histones R-HSA-3214815	0.0045366992706448	3
TP53 Regulates Transcription Of Death Receptors And Ligands R-HSA-6803211	0.0045326570072720005	4
G Alpha (Q) Signaling Events R-HSA-416476	0.0044869780877024	3
Anti-inflammatory Response Favoring Leishmania Infection R-HSA-9662851	0.0044842764356905	5
PECAM1 Interactions R-HSA-210990	0.004469766225349199	3
Transcriptional Regulation By MECP2 R-HSA-8986944	0.0044689600796945	3
Signaling By Non-Receptor Tyrosine Kinases R-HSA-9006927	0.0044099852065727	3
Deadenylation-dependent mRNA Decay R-HSA-429914	0.0044006562112728995	2
COPII-mediated Vesicle Transport R-HSA-204005	0.0043896280421036	2
Gene And Protein Expression By JAK-STAT Signaling After Interleukin-12 Stimulation R-HSA-8950505	0.0043714393943683	4
Interleukin-12 Signaling R-HSA-9020591	0.0043714393943683	4
Interleukin-12 Family Signaling R-HSA-447115	0.0043714393943683	4
Ion Homeostasis R-HSA-5578775	0.0043233602796048	3
SLC-mediated Transmembrane Transport R-HSA-425407	0.0042945577479141	2
Protein Methylation R-HSA-8876725	0.0042663697877185994	2
Constitutive Signaling By Aberrant PI3K In Cancer R-HSA-2219530	0.0042633852469378	5
Activation Of NMDA Receptors And Postsynaptic Events R-HSA-442755	0.0042429058668532	4
Post NMDA Receptor Activation Events R-HSA-438064	0.0042429058668532	4
Pyroptosis R-HSA-5620971	0.0042275042596928	3
Regulation Of HSF1-mediated Heat Shock Response R-HSA-3371453	0.0042172401609666	6
Nephrin Family Interactions R-HSA-373753	0.0041917101170072	2
Regulation Of TLR By Endogenous Ligand R-HSA-5686938	0.0041779221760486	1
IKK Complex Recruitment Mediated By RIP1 R-HSA-937041	0.0041779221760486	1
MyD88 Deficiency (TLR2/4) R-HSA-5602498	0.0041779221760486	1
IRAK4 Deficiency (TLR2/4) R-HSA-5603041	0.0041779221760486	1
RET Signaling R-HSA-8853659	0.0041633977706168	1
Tie2 Signaling R-HSA-210993	0.0041633977706168	1
NCAM Signaling For Neurite Out-Growth R-HSA-375165	0.0041510572257613	3
Signaling By Cytosolic FGFR1 Fusion Mutants R-HSA-1839117	0.0041472352729251	3
TP53 Regulates Transcription Of Genes Involved In G2 Cell Cycle Arrest R-HSA-6804114	0.0041368640794203	3
TP53 Regulates Transcription Of Cell Cycle Genes R-HSA-6791312	0.0041368640794203	3
Signaling By RAF1 Mutants R-HSA-9656223	0.0041302617419397	3
Paradoxical Activation Of RAF Signaling By Kinase Inactive BRAF R-HSA-6802955	0.0041302617419397	3
RHOBTB GTPase Cycle R-HSA-9706574	0.004112782892294499	4
Regulation Of NF-kappa B Signaling R-HSA-9758274	0.0040732200111518995	3
DNA Damage Recognition In GG-NER R-HSA-5696394	0.004067656159299399	4
Cyclin A/B1/B2 Associated Events During G2/M Transition R-HSA-69273	0.004065477279349	4
RHOJ GTPase Cycle R-HSA-9013409	0.0040561894382426	3
CDC42 GTPase Cycle R-HSA-9013148	0.0040561894382426	3
RHOQ GTPase Cycle R-HSA-9013406	0.0040561894382426	3
Peroxisomal Lipid Metabolism R-HSA-390918	0.0040559488223124	1
Beta-oxidation Of Very Long Chain Fatty Acids R-HSA-390247	0.0040559488223124	1
HSF1 Activation R-HSA-3371511	0.0040513681915277005	4
TRAF6 Mediated NF-kB Activation R-HSA-933542	0.0039977884145819004	3
Formation Of Cornified Envelope R-HSA-6809371	0.0039030673326954	2
Cooperation Of Prefoldin And TriC/CCT In Actin And Tubulin Folding R-HSA-389958	0.0038630929397142997	3
Prefoldin Mediated Transfer Of Substrate To CCT/TriC R-HSA-389957	0.0038630929397142997	3
Antiviral Mechanism By IFN-stimulated Genes R-HSA-1169410	0.0038618565229329	5
ISG15 Antiviral Mechanism R-HSA-1169408	0.0038618565229329	5
SUMOylation Of Intracellular Receptors R-HSA-4090294	0.0038552736835212	3
Late SARS-CoV-2 Infection Events R-HSA-9772573	0.0038000886381384996	4
HDR Thru Homologous Recombination (HRR) Or Single Strand Annealing (SSA) R-HSA-5693567	0.0037270615675728995	3
Homology Directed Repair R-HSA-5693538	0.0037270615675728995	3
Formation Of ATP By Chemiosmotic Coupling R-HSA-163210	0.0037132975383950997	2
Activation Of Pre-Replicative Complex R-HSA-68962	0.0036761001870084997	3
Nonhomologous End-Joining (NHEJ) R-HSA-5693571	0.0036722422902625996	3
Signaling By WNT In Cancer R-HSA-4791275	0.0036561010339094995	4
NOD1/2 Signaling Pathway R-HSA-168638	0.0036308492160326998	3
Signaling By NTRK1 (TRKA) R-HSA-187037	0.0036259942567771	3
N-glycan Trimming In ER And Calnexin/Calreticulin Cycle R-HSA-532668	0.0035962166549401	2
Signaling By EGFR R-HSA-177929	0.0035951756807165998	3
Metabolism Of Nucleotides R-HSA-15869	0.003576285286812	2
Small Interfering RNA (siRNA) Biogenesis R-HSA-426486	0.0035728666245959	1
Clathrin-mediated Endocytosis R-HSA-8856828	0.0035641729032959996	4
Cargo Recognition For Clathrin-Mediated Endocytosis R-HSA-8856825	0.0035641729032959996	4
Cyclin D Associated Events In G1 R-HSA-69231	0.0035569975097209	3
TP53 Regulates Metabolic Genes R-HSA-5628897	0.0035357482051987	4
Signaling By ERBB4 R-HSA-1236394	0.0035141613423621	3
Apoptotic Cleavage Of Cellular Proteins R-HSA-111465	0.0035117030046778997	5
Regulation Of Actin Dynamics For Phagocytic Cup Formation R-HSA-2029482	0.0035071900053118	3
MAP Kinase Activation R-HSA-450294	0.0034618710984081996	4
Interleukin-17 Signaling R-HSA-448424	0.0034618710984081996	4
RAF Activation R-HSA-5673000	0.0034443367272213	3
Factors Involved In Megakaryocyte Development And Platelet Production R-HSA-983231	0.0034336693235129	3
O-linked Glycosylation R-HSA-5173105	0.0034178511011233	1
Defective B3GALTL Causes PpS R-HSA-5083635	0.0034178511011233	1
Diseases Associated With O-glycosylation Of Proteins R-HSA-3906995	0.0034178511011233	1
O-glycosylation Of TSR Domain-Containing Proteins R-HSA-5173214	0.0034178511011233	1
Diseases Of Glycosylation R-HSA-3781865	0.0034178511011233	1
Formation Of Incision Complex In GG-NER R-HSA-5696395	0.0033977695333887	3
Nuclear Receptor Transcription Pathway R-HSA-383280	0.0033783872929473	2
Eicosanoid Ligand-Binding Receptors R-HSA-391903	0.003346316200061	1
Prostanoid Ligand Receptors R-HSA-391908	0.003346316200061	1
RNA Polymerase III Transcription Termination R-HSA-73980	0.0033310471269839	3
RNA Polymerase III Abortive And Retractive Initiation R-HSA-749476	0.0033310471269839	3
Nucleotide-like (Purinergic) Receptors R-HSA-418038	0.0033294837031511	2
P2Y Receptors R-HSA-417957	0.0033294837031511	2
Platelet Homeostasis R-HSA-418346	0.0033204330401178	3
Regulation Of PTEN Gene Transcription R-HSA-8943724	0.0033179071981233	2
Recruitment And ATM-mediated Phosphorylation Of Repair And Signal Proteins At DNA Double Strand Breaks R-HSA-5693565	0.0033009293103734	4
DNA Double Strand Break Response R-HSA-5693606	0.0033009293103734	4
Glucose Metabolism R-HSA-70326	0.0033002642087529	3
Glycolysis R-HSA-70171	0.0033002642087529	3
Class I Peroxisomal Membrane Protein Import R-HSA-9603798	0.0032894980944875	2
TRAF6 Mediated IRF7 Activation R-HSA-933541	0.0032781249563616	3
Association Of TriC/CCT With Target Proteins During Biosynthesis R-HSA-390471	0.0032014962366636998	3
Molecules Associated With Elastic Fibres R-HSA-2129379	0.0031973650758468	1
Laminin Interactions R-HSA-3000157	0.0031973650758468	1
TGF-beta Receptor Signaling Activates SMADs R-HSA-2173789	0.0031973650758468	1
Elastic Fibre Formation R-HSA-1566948	0.0031973650758468	1
ECM Proteoglycans R-HSA-3000178	0.0031973650758468	1
Cross-presentation Of Particulate Exogenous Antigens (Phagosomes) R-HSA-1236973	0.0031973650758468	1
RHOBTB2 GTPase Cycle R-HSA-9013418	0.0031892064681991	3
SUMOylation Of DNA Damage Response And Repair Proteins R-HSA-3108214	0.0031884309396375	3
Synthesis Of 5-Eicosatetraenoic Acids R-HSA-2142688	0.0031456093931912	1
Arachidonic Acid Metabolism R-HSA-2142753	0.0031456093931912	1
G2/M DNA Damage Checkpoint R-HSA-69473	0.0031419260177945	3
p130Cas Linkage To MAPK Signaling For Integrins R-HSA-372708	0.0031401408222876	2
Integrin Signaling R-HSA-354192	0.0031401408222876	2
Platelet Aggregation (Plug Formation) R-HSA-76009	0.0031401408222876	2
Signaling By NOTCH1 R-HSA-1980143	0.0031305600678833995	5
Interactions Of Vpr With Host Cellular Proteins R-HSA-176033	0.0031092143135734002	2
Interleukin-3, Interleukin-5 And GM-CSF Signaling R-HSA-512988	0.0030918014378083997	3
Regulation Of Signaling By CBL R-HSA-912631	0.0030918014378083997	3
Long-term Potentiation R-HSA-9620244	0.0030746371983099	2
Regulation Of TP53 Activity Thru Acetylation R-HSA-6804758	0.0030700970838587003	2
Regulation Of PTEN Localization R-HSA-8948747	0.0030524562952956	2
Formation Of Tubulin Folding Intermediates By CCT/TriC R-HSA-389960	0.0030495086230804998	2
mRNA Decay By 5 To 3 Exoribonuclease R-HSA-430039	0.0030473808915679	1
Apoptotic Factor-Mediated Response R-HSA-111471	0.0030264791744037	2
Release Of Apoptotic Factors From Mitochondria R-HSA-111457	0.0030264791744037	2
Formation Of Senescence-Associated Heterochromatin Foci (SAHF) R-HSA-2559584	0.0030155262017434	4
Signaling To ERKs R-HSA-187687	0.0029911787375139004	2
Prolonged ERK Activation Events R-HSA-169893	0.0029911787375139004	2
Phase II - Conjugation Of Compounds R-HSA-156580	0.0029752723965269	1
Biological Oxidations R-HSA-211859	0.0029752723965269	1
Metabolic Disorders Of Biological Oxidation Enzymes R-HSA-5579029	0.0029752723965269	1
Glutathione Synthesis And Recycling R-HSA-174403	0.0029752723965269	1
NCAM1 Interactions R-HSA-419037	0.0029752723965269	1
Glutathione Conjugation R-HSA-156590	0.0029752723965269	1
Deactivation Of Beta-Catenin Transactivating Complex R-HSA-3769402	0.0029734696641119	4
RHOG GTPase Cycle R-HSA-9013408	0.0029636101057084	3
Activation Of BH3-only Proteins R-HSA-114452	0.0029537230373259003	4
EPH-Ephrin Signaling R-HSA-2682334	0.0029317993364634	5
Metalloprotease DUBs R-HSA-5689901	0.0028943402464943	1
EGFR Downregulation R-HSA-182971	0.0028738623380918	2
Signaling By ERBB2 KD Mutants R-HSA-9664565	0.0028313834637457	3
Signaling By ERBB2 TMD/JMD Mutants R-HSA-9665686	0.0028313834637457	3
Mitotic Telophase/Cytokinesis R-HSA-68884	0.0028098529268617	3
TP53 Regulates Transcription Of Additional Cell Death Genes With Uncertain Roles In P53-Dependent Apoptosis R-HSA-6803205	0.0027947197447470004	3
Activation Of PUMA And Translocation To Mitochondria R-HSA-139915	0.0027947197447470004	3
TP53 Regulates Transcription Of Caspase Activators And Caspases R-HSA-6803207	0.0027947197447470004	3
RNA Polymerase I Transcription Initiation R-HSA-73762	0.0027902553949301	2
RNA Polymerase I Transcription Termination R-HSA-73863	0.0027902553949301	2
Response Of Mtb To Phagocytosis R-HSA-9637690	0.0027880871906609	2
Infection With Mycobacterium Tuberculosis R-HSA-9635486	0.0027880871906609	2
Opioid Signaling R-HSA-111885	0.0027741181329518	3
Transport Of Nucleosides And Free Purine And Pyrimidine Bases Across Plasma Membrane R-HSA-83936	0.0027405198200041	1
Transport Of Vitamins, Nucleosides, And Related Molecules R-HSA-425397	0.0027405198200041	1
Reduction Of Cytosolic Ca++ Levels R-HSA-418359	0.0026856175208546003	2
Pre-NOTCH Processing In Golgi R-HSA-1912420	0.0026856175208546003	2
Platelet Calcium Homeostasis R-HSA-418360	0.0026856175208546003	2
GABA Receptor Activation R-HSA-977443	0.0026835444275091	2
Activation Of GABAB Receptors R-HSA-991365	0.0026835444275091	2
Nuclear Envelope Breakdown R-HSA-2980766	0.002672956041756	5
Pyruvate Metabolism And Citric Acid (TCA) Cycle R-HSA-71406	0.002627088641519	4
SMAD2/SMAD3:SMAD4 Heterotrimer Regulates Transcription R-HSA-2173796	0.0026213351617325	2
Processing Of Capped Intronless Pre-mRNA R-HSA-75067	0.0026038202363347	3
ABC Transporters In Lipid Homeostasis R-HSA-1369062	0.002595915015196	2
ERBB2 Regulates Cell Motility R-HSA-6785631	0.0025905849182667	2
PI3K Events In ERBB2 Signaling R-HSA-1963642	0.0025905849182667	2
ERBB2 Activates PTK6 Signaling R-HSA-8847993	0.0025905849182667	2
G Alpha (S) Signaling Events R-HSA-418555	0.0025842942849953	2
ADORA2B Mediated Anti-Inflammatory Cytokine Production R-HSA-9660821	0.0025842942849953	2
Cytosolic Sensors Of Pathogen-Associated DNA R-HSA-1834949	0.0025753158770258	3
Negative Regulators Of DDX58/IFIH1 Signaling R-HSA-936440	0.002562623745543	3
TICAM1-dependent Activation Of IRF3/IRF7 R-HSA-9013973	0.002555645112356	2
RHOV GTPase Cycle R-HSA-9013424	0.002543704201879	2
FasL/ CD95L Signaling R-HSA-75157	0.0025272495883323	2
Constitutive Signaling By NOTCH1 HD+PEST Domain Mutants R-HSA-2894862	0.0025269092080719	4
MTOR Signaling R-HSA-165159	0.0025215439882483003	3
Extra-nuclear Estrogen Signaling R-HSA-9009391	0.0024925991205483	4
MAP2K And MAPK Activation R-HSA-5674135	0.0024925189831895003	2
Signaling By High-Kinase Activity BRAF Mutants R-HSA-6802948	0.0024925189831895003	2
Attenuation Phase R-HSA-3371568	0.0024635041760925	3
Metabolism Of Vitamins And Cofactors R-HSA-196854	0.0024575641290939	2
Carboxyterminal Post-Translational Modifications Of Tubulin R-HSA-8955332	0.0024176936360729	1
Post-chaperonin Tubulin Folding Pathway R-HSA-389977	0.0024176936360729	1
Sealing Of Nuclear Envelope (NE) By ESCRT-III R-HSA-9668328	0.0024176936360729	1
NOTCH1 Intracellular Domain Regulates Transcription R-HSA-2122947	0.0024092467252586	4
Downregulation Of SMAD2/3:SMAD4 Transcriptional Activity R-HSA-2173795	0.0023985479992596	2
Constitutive Signaling By Overexpressed ERBB2 R-HSA-9634285	0.0023896279357934	2
Nuclear Signaling By ERBB4 R-HSA-1251985	0.0023604708636551	2
RUNX1 Interacts With Co-Factors Whose Precise Effect On RUNX1 Targets Is Not Known R-HSA-8939243	0.0023594352922946997	2
Nucleotide Catabolism R-HSA-8956319	0.0023581995207799	1
RHOBTB1 GTPase Cycle R-HSA-9013422	0.0023558574039168	2
Recycling Of eIF2:GDP R-HSA-72731	0.0023231670011713	2
PERK Regulates Gene Expression R-HSA-381042	0.0023231670011713	2
Response Of EIF2AK1 (HRI) To Heme Deficiency R-HSA-9648895	0.0023231670011713	2
Citric Acid Cycle (TCA Cycle) R-HSA-71403	0.0023082925098867	3
EPH-ephrin Mediated Repulsion Of Cells R-HSA-3928665	0.0023042183352705997	4
P75 NTR Receptor-Mediated Signaling R-HSA-193704	0.0023034922423046	3
Cohesin Loading Onto Chromatin R-HSA-2470946	0.0023013731572336	2
Establishment Of Sister Chromatid Cohesion R-HSA-2468052	0.0023013731572336	2
SUMOylation Of Ubiquitinylation Proteins R-HSA-3232142	0.0022370310846105	2
Role Of Nef In HIV-1 Replication And Disease Pathogenesis R-HSA-164952	0.0022256202303446	2
DAP12 Interactions R-HSA-2172127	0.0021921997753591	2
Myogenesis R-HSA-525793	0.0021867799982104	2
SLBP Dependent Processing Of Replication-Dependent Histone Pre-mRNAs R-HSA-77588	0.0021841995499389	2
SLBP Independent Processing Of Histone Pre-mRNAs R-HSA-111367	0.0021841995499389	2
Activation Of G Protein Gated Potassium Channels R-HSA-1296041	0.0021819845725707	1
Sensory Perception Of Taste R-HSA-9717189	0.0021819845725707	1
Inwardly Rectifying K+ Channels R-HSA-1296065	0.0021819845725707	1
Potassium Channels R-HSA-1296071	0.0021819845725707	1
Phase 4 - Resting Membrane Potential R-HSA-5576886	0.0021819845725707	1
RAC1 GTPase Cycle R-HSA-9013149	0.0021779396688975	3
Interleukin-37 Signaling R-HSA-9008059	0.0021488293903144	1
RND2 GTPase Cycle R-HSA-9696270	0.0021406226462952	2
G-protein Mediated Events R-HSA-112040	0.0021393026136886	2
Recycling Pathway Of L1 R-HSA-437239	0.0021219758061118	1
MECP2 Regulates Transcription Factors R-HSA-9022707	0.0021161467053058	1
TNF Receptor Superfamily (TNFSF) Members Mediating Non-Canonical NF-kB Pathway R-HSA-5676594	0.0020821471925271	1
Metabolism Of Steroids R-HSA-8957322	0.0020647259736231	2
Unwinding Of DNA R-HSA-176974	0.0020619608393451	2
Activation Of ATR In Response To Replication Stress R-HSA-176187	0.0020619608393451	2
DNA Strand Elongation R-HSA-69190	0.0020619608393451	2
SARS-CoV-1 Infection R-HSA-9678108	0.0020154077452847	2
CLEC7A/inflammasome Pathway R-HSA-5660668	0.0019824737038564998	2
Uptake And Function Of Anthrax Toxins R-HSA-5210891	0.0019732947556576003	2
Uptake And Actions Of Bacterial Toxins R-HSA-5339562	0.0019732947556576003	2
Processing Of DNA Double-Strand Break Ends R-HSA-5693607	0.001940165524977	2
CD209 (DC-SIGN) Signaling R-HSA-5621575	0.0019377604965437997	2
Ovarian Tumor Domain Proteases R-HSA-5689896	0.0019242403368231	2
CTLA4 Inhibitory Signaling R-HSA-389513	0.0019072166687656	3
Costimulation By CD28 Family R-HSA-388841	0.0019072166687656	3
WNT Ligand Biogenesis And Trafficking R-HSA-3238698	0.0019028959798576	2
EPHA-mediated Growth Cone Collapse R-HSA-3928663	0.0018999821506952	3
Gastrulation R-HSA-9758941	0.0018807896594764	2
Regulation Of RUNX1 Expression And Activity R-HSA-8934593	0.0018683365910412	1
Signaling By NTRK3 (TRKC) R-HSA-9034015	0.0018600247230374	1
RHOU GTPase Cycle R-HSA-9013420	0.0018474459434977	1
MET Activates RAP1 And RAC1 R-HSA-8875555	0.001819400288306	1
MET Receptor Recycling R-HSA-8875656	0.001819400288306	1
Signaling By MET R-HSA-6806834	0.001819400288306	1
MET Promotes Cell Motility R-HSA-8875878	0.001819400288306	1
Downstream Signal Transduction R-HSA-186763	0.001819400288306	1
ARMS-mediated Activation R-HSA-170984	0.001819400288306	1
PTK6 Regulates RHO GTPases, RAS GTPase And MAP Kinases R-HSA-8849471	0.001819400288306	1
Golgi Cisternae Pericentriolar Stack Reorganization R-HSA-162658	0.0018087489391744	2
Negative Regulation Of MAPK Pathway R-HSA-5675221	0.0018065939684711002	2
Initiation Of Nuclear Envelope (NE) Reformation R-HSA-2995383	0.0017878893621391	3
Resolution Of D-loop Structures Thru Holliday Junction Intermediates R-HSA-5693568	0.0017868960425959	1
Diseases Of DNA Repair R-HSA-9675135	0.0017868960425959	1
HDR Thru Homologous Recombination (HRR) R-HSA-5685942	0.0017868960425959	1
Resolution Of D-loop Structures Thru Synthesis-Dependent Strand Annealing (SDSA) R-HSA-5693554	0.0017868960425959	1
Homologous DNA Pairing And Strand Exchange R-HSA-5693579	0.0017868960425959	1
Presynaptic Phase Of Homologous DNA Pairing And Strand Exchange R-HSA-5693616	0.0017868960425959	1
Resolution Of D-Loop Structures R-HSA-5693537	0.0017868960425959	1
Impaired BRCA2 Binding To RAD51 R-HSA-9709570	0.0017868960425959	1
Impaired BRCA2 Binding To PALB2 R-HSA-9709603	0.0017868960425959	1
HDR Thru Single Strand Annealing (SSA) R-HSA-5685938	0.0017868960425959	1
Defective HDR Thru Homologous Recombination (HRR) Due To BRCA1 Loss-Of-Function R-HSA-9701192	0.0017868960425959	1
Defective Homologous Recombination Repair (HRR) Due To BRCA2 Loss Of Function R-HSA-9701190	0.0017868960425959	1
RHOD GTPase Cycle R-HSA-9013405	0.0017794878577639	3
Binding And Uptake Of Ligands By Scavenger Receptors R-HSA-2173782	0.0017694195063521	3
Pentose Phosphate Pathway R-HSA-71336	0.0017473594975696	1
NR1H2 And NR1H3 Regulate Gene Expression Linked To Lipogenesis R-HSA-9029558	0.001737937262525	1
Regulation Of Cholesterol Biosynthesis By SREBP (SREBF) R-HSA-1655829	0.001737937262525	1
Fatty acyl-CoA Biosynthesis R-HSA-75105	0.001737937262525	1
Activation Of Gene Expression By SREBF (SREBP) R-HSA-2426168	0.001737937262525	1
Metabolism Of Water-Soluble Vitamins And Cofactors R-HSA-196849	0.001737937262525	1
NR1H2 And NR1H3-mediated Signaling R-HSA-9024446	0.001737937262525	1
ChREBP Activates Metabolic Gene Expression R-HSA-163765	0.001737937262525	1
Vitamin B5 (Pantothenate) Metabolism R-HSA-199220	0.001737937262525	1
Processing Of Intronless Pre-mRNAs R-HSA-77595	0.0016444512475453999	2
PLC Beta Mediated Events R-HSA-112043	0.0016377427587502	1
CREB1 Phosphorylation Thru NMDA Receptor-Mediated Activation Of RAS Signaling R-HSA-442742	0.0016377427587502	1
Glutamate Binding, Activation Of AMPA Receptors And Synaptic Plasticity R-HSA-399721	0.0016377427587502	1
Regulation Of MECP2 Expression And Activity R-HSA-9022692	0.0016377427587502	1
Negative Regulation Of NMDA Receptor-Mediated Neuronal Transmission R-HSA-9617324	0.0016377427587502	1
Phase 0 - Rapid Depolarisation R-HSA-5576892	0.0016377427587502	1
Assembly And Cell Surface Presentation Of NMDA Receptors R-HSA-9609736	0.0016377427587502	1
CREB1 Phosphorylation Thru Activation Of CaMKII/CaMKK/CaMKIV Cascasde R-HSA-442729	0.0016377427587502	1
CaM Pathway R-HSA-111997	0.0016377427587502	1
Ras Activation Upon Ca2+ Influx Thru NMDA Receptor R-HSA-442982	0.0016377427587502	1
Ca-dependent Events R-HSA-111996	0.0016377427587502	1
CaMK IV-mediated Phosphorylation Of CREB R-HSA-111932	0.0016377427587502	1
Unblocking Of NMDA Receptors, Glutamate Binding And Activation R-HSA-438066	0.0016377427587502	1
DAG And IP3 Signaling R-HSA-1489509	0.0016377427587502	1
JNK (c-Jun Kinases) Phosphorylation And Activation Mediated By Activated Human TAK1 R-HSA-450321	0.0016338942010957998	2
Transport Of SLBP Independent Mature mRNA R-HSA-159227	0.0015935250547189	2
Transport Of Mature mRNAs Derived From Intronless Transcripts R-HSA-159234	0.0015935250547189	2
Transport Of Mature mRNA Derived From An Intronless Transcript R-HSA-159231	0.0015935250547189	2
Transport Of SLBP Dependant Mature mRNA R-HSA-159230	0.0015935250547189	2
Chaperone Mediated Autophagy R-HSA-9613829	0.0015878640154352	1
Transport Of Inorganic Cations/Anions And Amino Acids/Oligopeptides R-HSA-425393	0.00155403792791	1
Amino Acid Transport Across Plasma Membrane R-HSA-352230	0.00155403792791	1
Drug ADME R-HSA-9748784	0.0015448744771302	2
NF-kB Activation Thru FADD/RIP-1 Pathway Mediated By Caspase-8 And -10 R-HSA-933543	0.0015117921698129	2
Nef Mediated CD8 Down-regulation R-HSA-182218	0.00148102111185	1
Suppression Of Phagosomal Maturation R-HSA-9637687	0.00148102111185	1
Nef Mediated CD4 Down-regulation R-HSA-167590	0.00148102111185	1
Nef-mediated Downmodulation Of Cell Surface Receptors By Recruitment To Clathrin Adapters R-HSA-164938	0.00148102111185	1
Phosphorylation Of APC/C R-HSA-176412	0.0014792689274149002	3
Activated TAK1 Mediates P38 MAPK Activation R-HSA-450302	0.0014748909085169	1
TICAM1,TRAF6-dependent Induction Of TAK1 Complex R-HSA-9014325	0.0014748909085169	1
IRAK2 Mediated Activation Of TAK1 Complex R-HSA-937042	0.0014748909085169	1
Alpha-protein Kinase 1 Signaling Pathway R-HSA-9645460	0.0014748909085169	1
Antigen Presentation: Folding, Assembly, Peptide Loading Of Class I MHC R-HSA-983170	0.0014476006568645	1
Endosomal/Vacuolar Pathway R-HSA-1236977	0.0014476006568645	1
Immunoregulatory Interactions Between A Lymphoid And A non-Lymphoid Cell R-HSA-198933	0.0014476006568645	1
Scavenging By Class A Receptors R-HSA-3000480	0.001442630795254	2
Downregulation Of ERBB4 Signaling R-HSA-1253288	0.0014368944395597	1
PI3K Events In ERBB4 Signaling R-HSA-1250342	0.0014368944395597	1
GRB2 Events In ERBB2 Signaling R-HSA-1963640	0.0014368944395597	1
SHC1 Events In ERBB4 Signaling R-HSA-1250347	0.0014368944395597	1
G1/S-Specific Transcription R-HSA-69205	0.0014229506836754	1
Amine Ligand-Binding Receptors R-HSA-375280	0.0014151096486921	1
Muscarinic Acetylcholine Receptors R-HSA-390648	0.0014151096486921	1
Semaphorin Interactions R-HSA-373755	0.0013721801196874	2
Collagen Formation R-HSA-1474290	0.0013566906235811	2
Deadenylation Of mRNA R-HSA-429947	0.001353275319705	1
mTORC1-mediated Signaling R-HSA-166208	0.001353275319705	1
Disassembly Of Destruction Complex And Recruitment Of AXIN To Membrane R-HSA-4641262	0.001343157185737	2
Incretin Synthesis, Secretion, And Inactivation R-HSA-400508	0.001342948763092	1
Ca2+ Pathway R-HSA-4086398	0.001342948763092	1
Synthesis, Secretion, And Inactivation Of Glucagon-like Peptide-1 (GLP-1) R-HSA-381771	0.001342948763092	1
Peptide Hormone Metabolism R-HSA-2980736	0.001342948763092	1
RUNX3 Regulates WNT Signaling R-HSA-8951430	0.001342948763092	1
Binding Of TCF/LEF:CTNNB1 To Target Gene Promoters R-HSA-4411364	0.001342948763092	1
Butyrophilin (BTN) Family Interactions R-HSA-8851680	0.0013293557545069	1
GRB2:SOS Provides Linkage To MAPK Signaling For Integrins R-HSA-354194	0.0013207405339816	1
Fibronectin Matrix Formation R-HSA-1566977	0.0013207405339816	1
AKT Phosphorylates Targets In Cytosol R-HSA-198323	0.0013070660788109	1
Translation Of Structural Proteins R-HSA-9683701	0.0013070660788109	1
Constitutive Signaling By AKT1 E17K In Cancer R-HSA-5674400	0.0013070660788109	1
Maturation Of Nucleoprotein R-HSA-9683610	0.0013070660788109	1
Suppression Of Apoptosis R-HSA-9635465	0.0013070660788109	1
Other Interleukin Signaling R-HSA-449836	0.0013031312187988	1
Mitochondrial Calcium Ion Transport R-HSA-8949215	0.001298394037261	1
Processing Of SMDT1 R-HSA-8949664	0.001298394037261	1
Signaling By NOTCH3 R-HSA-9012852	0.0012724153983867	2
FCGR3A-mediated IL10 Synthesis R-HSA-9664323	0.0012724011495023999	2
EPHB-mediated Forward Signaling R-HSA-3928662	0.0012724011495023999	2
FCGR Activation R-HSA-2029481	0.0012724011495023999	2
CD28 Co-Stimulation R-HSA-389356	0.0012724011495023999	2
Signaling By KIT In Disease R-HSA-9669938	0.0012724011495023999	2
Activation Of NIMA Kinases NEK9, NEK6, NEK7 R-HSA-2980767	0.0012641610288741	2
Signaling By Retinoic Acid R-HSA-5362517	0.0012622405876415	1
Transcription Of E2F Targets Under Negative Control By DREAM Complex R-HSA-1362277	0.0012485211634229	1
G0 And Early G1 R-HSA-1538133	0.0012485211634229	1
COPI-dependent Golgi-to-ER Retrograde Traffic R-HSA-6811434	0.0012365820018457002	2
Dual Incision In GG-NER R-HSA-5696400	0.0012233763857575001	2
DNA Damage Bypass R-HSA-73893	0.0012233763857575001	2
Recognition Of DNA Damage By PCNA-containing Replication Complex R-HSA-110314	0.0012233763857575001	2
Azathioprine ADME R-HSA-9748787	0.0012180857660321	1
Interconversion Of Nucleotide Di- And Triphosphates R-HSA-499943	0.0012180857660321	1
Synthesis Of PIPs At Golgi Membrane R-HSA-1660514	0.001205063507431	1
PI Metabolism R-HSA-1483255	0.001205063507431	1
Synthesis Of PIPs At Early Endosome Membrane R-HSA-1660516	0.001205063507431	1
Synthesis Of PIPs At Late Endosome Membrane R-HSA-1660517	0.001205063507431	1
Phospholipid Metabolism R-HSA-1483257	0.001205063507431	1
Activation Of NOXA And Translocation To Mitochondria R-HSA-111448	0.0012017604928175	1
PI5P Regulates TP53 Acetylation R-HSA-6811555	0.0012017604928175	1
RUNX3 Regulates CDKN1A Transcription R-HSA-8941855	0.0012017604928175	1
SUMOylation Of Transcription Factors R-HSA-3232118	0.0012017604928175	1
TP53 Regulates Transcription Of Additional Cell Cycle Genes With Uncertain Roles In P53 Pathway R-HSA-6804115	0.0012017604928175	1
TP53 Regulates Transcription Of Genes Involved In G1 Cell Cycle Arrest R-HSA-6804116	0.0012017604928175	1
TRAF3-dependent IRF Activation Pathway R-HSA-918233	0.0011959777638345	2
NF-kB Is Activated And Signals Survival R-HSA-209560	0.0011931613780492	1
NLRP3 Inflammasome R-HSA-844456	0.0011931613780492	1
Cell Recruitment (Pro-Inflammatory Response) R-HSA-9664424	0.0011931613780492	1
Regulated Proteolysis Of p75NTR R-HSA-193692	0.0011931613780492	1
Interleukin-1 Processing R-HSA-448706	0.0011931613780492	1
IkBA Variant Leads To EDA-ID R-HSA-5603029	0.0011931613780492	1
DEx/H-box Helicases Activate Type I IFN And Inflammatory Cytokines Production R-HSA-3134963	0.0011931613780492	1
MAP3K8 (TPL2)-dependent MAPK1/3 Activation R-HSA-5684264	0.0011931613780492	1
RIP-mediated NFkB Activation Via ZBP1 R-HSA-1810476	0.0011931613780492	1
p75NTR Signals Via NF-kB R-HSA-193639	0.0011931613780492	1
Inflammasomes R-HSA-622312	0.0011931613780492	1
PKMTs Methylate Histone Lysines R-HSA-3214841	0.0011931613780492	1
ZBP1(DAI) Mediated Induction Of Type I IFNs R-HSA-1606322	0.0011931613780492	1
MAPK1 (ERK2) Activation R-HSA-112411	0.0011717784492079	1
RAF-independent MAPK1/3 Activation R-HSA-112409	0.0011717784492079	1
Frs2-mediated Activation R-HSA-170968	0.0011717784492079	1
Negative Feedback Regulation Of MAPK Pathway R-HSA-5674499	0.0011717784492079	1
Cell-extracellular Matrix Interactions R-HSA-446353	0.0011701895706775	1
Activation Of AMPK Downstream Of NMDARs R-HSA-9619483	0.0011682686685433	2
Energy Dependent Regulation Of mTOR By LKB1-AMPK R-HSA-380972	0.0011682686685433	2
SMAC, XIAP-regulated Apoptotic Response R-HSA-111469	0.0011664544513663	1
Cytochrome C-Mediated Apoptotic Response R-HSA-111461	0.0011664544513663	1
Formation Of Apoptosome R-HSA-111458	0.0011664544513663	1
SMAC (DIABLO) Binds To IAPs R-HSA-111463	0.0011664544513663	1
Lysosphingolipid And LPA Receptors R-HSA-419408	0.0011574943845513	1
Downregulation Of ERBB2:ERBB3 Signaling R-HSA-1358803	0.001153690478707	1
GRB7 Events In ERBB2 Signaling R-HSA-1306955	0.001153690478707	1
Apoptosis Induced DNA Fragmentation R-HSA-140342	0.0011520088042465	2
Caspase-mediated Cleavage Of Cytoskeletal Proteins R-HSA-264870	0.0011467134465974	2
Translocation Of SLC2A4 (GLUT4) To Plasma Membrane R-HSA-1445148	0.0011414904527945	2
Nuclear Pore Complex (NPC) Disassembly R-HSA-3301854	0.0011243757528153	2
RHOH GTPase Cycle R-HSA-9013407	0.0011177309530845	2
NRAGE Signals Death Thru JNK R-HSA-193648	0.0011103308642554	2
Cell Death Signaling Via NRAGE, NRIF And NADE R-HSA-204998	0.0011103308642554	2
RHO GTPases Activate WASPs And WAVEs R-HSA-5663213	0.001060208715813	1
FLT3 Signaling In Disease R-HSA-9682385	0.0010553980429874	1
Signaling By FLT3 Fusion Proteins R-HSA-9703465	0.0010553980429874	1
Retrograde Transport At Trans-Golgi-Network R-HSA-6811440	0.0010468356095261	2
Scavenging Of Heme From Plasma R-HSA-2168880	0.001046415577667	2
Plasma Lipoprotein Remodeling R-HSA-8963899	0.001046415577667	2
HDL Remodeling R-HSA-8964058	0.001046415577667	2
Plasma Lipoprotein Assembly, Remodeling, And Clearance R-HSA-174824	0.001046415577667	2
Depolymerisation Of Nuclear Lamina R-HSA-4419969	0.0010401005193125998	2
Notch-HLH Transcription Pathway R-HSA-350054	0.0010279884463358	2
Interleukin-10 Signaling R-HSA-6783783	0.0010168557059755	1
TNFR1-mediated Ceramide Production R-HSA-5626978	0.0010168557059755	1
TNFs Bind Their Physiological Receptors R-HSA-5669034	0.0010168557059755	1
RUNX2 Regulates Bone Development R-HSA-8941326	0.0010046884215817	2
Collagen Biosynthesis And Modifying Enzymes R-HSA-1650814	0.000999289502791	1
tRNA Processing R-HSA-72306	0.0009938843869213	2
tRNA Processing In Nucleus R-HSA-6784531	0.0009938843869213	2
ER Quality Control Compartment (ERQC) R-HSA-901032	0.0009724384387371	1
Calnexin/calreticulin Cycle R-HSA-901042	0.0009724384387371	1
Inactivation Of APC/C Via Direct Inhibition Of APC/C Complex R-HSA-141430	0.0009707891577868	2
APC/C:Cdc20 Mediated Degradation Of Cyclin B R-HSA-174048	0.0009707891577868	2
Aberrant Regulation Of Mitotic Exit In Cancer Due To RB1 Defects R-HSA-9687136	0.0009707891577868	2
Diseases Of Mitotic Cell Cycle R-HSA-9675126	0.0009707891577868	2
Aberrant Regulation Of Mitotic Cell Cycle Due To RB1 Defects R-HSA-9687139	0.0009707891577868	2
APC-Cdc20 Mediated Degradation Of Nek2A R-HSA-179409	0.0009707891577868	2
Conversion From APC/C:Cdc20 To APC/C:Cdh1 In Late Anaphase R-HSA-176407	0.0009707891577868	2
Protein Repair R-HSA-5676934	0.0009557436729698	1
GPVI-mediated Activation Cascade R-HSA-114604	0.0009522178540652999	2
Caspase Activation Via Dependence Receptors In Absence Of Ligand R-HSA-418889	0.0009513275716765	1
IRS-mediated Signaling R-HSA-112399	0.0009282012101764999	2
Signaling By Type 1 Insulin-like Growth Factor 1 Receptor (IGF1R) R-HSA-2404192	0.0009282012101764999	2
IRS-related Events Triggered By IGF1R R-HSA-2428928	0.0009282012101764999	2
Insulin Receptor Signaling Cascade R-HSA-74751	0.0009282012101764999	2
IGF1R Signaling Cascade R-HSA-2428924	0.0009282012101764999	2
PI3K Cascade R-HSA-109704	0.0009282012101764999	2
Detoxification Of Reactive Oxygen Species R-HSA-3299685	0.0009200079358091	1
NS1 Mediated Effects On Host Pathways R-HSA-168276	0.000907307840011	2
Netrin-1 Signaling R-HSA-373752	0.0009036024110735	2
Intraflagellar Transport R-HSA-5620924	0.0008932923405832	1
Mitophagy R-HSA-5205647	0.0008644731700972	1
PINK1-PRKN Mediated Mitophagy R-HSA-5205685	0.0008644731700972	1
SUMOylation Of Chromatin Organization Proteins R-HSA-4551638	0.0008455808841431999	2
RHO GTPases Activate IQGAPs R-HSA-5626467	0.0008438312351184	1
Peptide Ligand-Binding Receptors R-HSA-375276	0.0008107802407411	1
Early Phase Of HIV Life Cycle R-HSA-162594	0.0008107802407411	1
Chemokine Receptors Bind Chemokines R-HSA-380108	0.0008107802407411	1
Binding And Entry Of HIV Virion R-HSA-173107	0.0008107802407411	1
Budding And Maturation Of HIV Virion R-HSA-162588	0.0008015163064497	1
MAPK Targets/ Nuclear Events Mediated By MAP Kinases R-HSA-450282	0.0007938188118421	2
TLR3-mediated TICAM1-dependent Programmed Cell Death R-HSA-9013957	0.0007893123258073	1
Microbial Modulation Of RIPK1-mediated Regulated Necrosis R-HSA-9686347	0.0007893123258073	1
TRAIL Signaling R-HSA-75158	0.0007893123258073	1
IRF3-mediated Induction Of Type I IFN R-HSA-3270619	0.0007662922516777	1
STING Mediated Induction Of Host Immune Responses R-HSA-1834941	0.0007662922516777	1
Role Of LAT2/NTAL/LAB On Calcium Mobilization R-HSA-2730905	0.0007445991184946	1
Dectin-2 Family R-HSA-5621480	0.0007445991184946	1
CD28 Dependent Vav1 Pathway R-HSA-389359	0.0007445991184946	1
SEMA3A-Plexin Repulsion Signaling By Inhibiting Integrin Adhesion R-HSA-399955	0.0007445991184946	1
DCC Mediated Attractive Signaling R-HSA-418885	0.0007445991184946	1
Antigen Activates B Cell Receptor Leading To Second Messenger Generation R-HSA-983695	0.0007445991184946	1
Platelet Adhesion To Exposed Collagen R-HSA-75892	0.0007445991184946	1
Activated NTRK2 Signals Thru FYN R-HSA-9032500	0.0007445991184946	1
FLT3 Signaling R-HSA-9607240	0.0007445991184946	1
Nef And Signal Transduction R-HSA-164944	0.0007445991184946	1
FLT3 Signaling Thru SRC Family Kinases R-HSA-9706374	0.0007445991184946	1
Signaling By NTRK2 (TRKB) R-HSA-9006115	0.0007445991184946	1
CD28 Dependent PI3K/Akt Signaling R-HSA-389357	0.0007445991184946	1
DAP12 Signaling R-HSA-2424491	0.0007445991184946	1
Reelin Signaling Pathway R-HSA-8866376	0.0007445991184946	1
CRMPs In Sema3A Signaling R-HSA-399956	0.0007445991184946	1
Ephrin Signaling R-HSA-3928664	0.0007445991184946	1
Sema3A PAK Dependent Axon Repulsion R-HSA-399954	0.0007445991184946	1
Golgi Associated Vesicle Biogenesis R-HSA-432722	0.0007230039286851	1
trans-Golgi Network Vesicle Budding R-HSA-199992	0.0007230039286851	1
NOTCH2 Activation And Transmission Of Signal To Nucleus R-HSA-2979096	0.0007213133426248	1
NOTCH3 Activation And Transmission Of Signal To Nucleus R-HSA-9013507	0.0007213133426248	1
Signaling By NOTCH2 R-HSA-1980145	0.0007213133426248	1
Activated NOTCH1 Transmits Signal To Nucleus R-HSA-2122948	0.0007213133426248	1
NOTCH4 Activation And Transmission Of Signal To Nucleus R-HSA-9013700	0.0007213133426248	1
Collagen Degradation R-HSA-1442490	0.0007213133426248	1
Constitutive Signaling By NOTCH1 t(7;9)(NOTCH1:M1580 K2555) Translocation Mutant R-HSA-2660826	0.0007213133426248	1
Constitutive Signaling By NOTCH1 HD Domain Mutants R-HSA-2691232	0.0007213133426248	1
Scavenging By Class B Receptors R-HSA-3000471	0.0007196268665689	1
Chylomicron Assembly R-HSA-8963888	0.0007196268665689	1
Retinoid Metabolism And Transport R-HSA-975634	0.0007196268665689	1
HDL Clearance R-HSA-8964011	0.0007196268665689	1
Plasma Lipoprotein Assembly R-HSA-8963898	0.0007196268665689	1
Visual Phototransduction R-HSA-2187338	0.0007196268665689	1
HDL Assembly R-HSA-8963896	0.0007196268665689	1
Metabolism Of Fat-Soluble Vitamins R-HSA-6806667	0.0007196268665689	1
Plasma Lipoprotein Clearance R-HSA-8964043	0.0007196268665689	1
Heme Signaling R-HSA-9707616	0.0007196268665689	1
Chylomicron Remodeling R-HSA-8963901	0.0007196268665689	1
POU5F1 (OCT4), SOX2, NANOG Activate Genes Related To Proliferation R-HSA-2892247	0.0007150706156385	1
Transcriptional Regulation Of Pluripotent Stem Cells R-HSA-452723	0.0007150706156385	1
POU5F1 (OCT4), SOX2, NANOG Repress Genes Related To Differentiation R-HSA-2892245	0.0007150706156385	1
FOXO-mediated Transcription Of Cell Cycle Genes R-HSA-9617828	0.0007083416664738	1
Triglyceride Catabolism R-HSA-163560	0.0007083416664738	1
Basigin Interactions R-HSA-210991	0.0007083416664738	1
Triglyceride Metabolism R-HSA-8979227	0.0007083416664738	1
NOSTRIN Mediated eNOS Trafficking R-HSA-203641	0.0007083416664738	1
SARS-CoV-2 Targets Host Intracellular Signaling And Regulatory Pathways R-HSA-9755779	0.0007083416664738	1
eNOS Activation R-HSA-203615	0.0007083416664738	1
FOXO-mediated Transcription R-HSA-9614085	0.0007083416664738	1
Metabolism Of Nitric Oxide: NOS3 Activation And Regulation R-HSA-202131	0.0007083416664738	1
Smooth Muscle Contraction R-HSA-445355	0.0006962582583813	1
Intra-Golgi Traffic R-HSA-6811438	0.0006374463229154	1
Regulation Of Glycolysis By Fructose 2,6-Bisphosphate Metabolism R-HSA-9634600	0.0006348155192632	1
E2F Mediated Regulation Of DNA Replication R-HSA-113510	0.0006348155192632	1
ERK/MAPK Targets R-HSA-198753	0.0006348155192632	1
Platelet Sensitization By LDL R-HSA-432142	0.0006348155192632	1
Nuclear Events (Kinase And Transcription Factor Activation) R-HSA-198725	0.0006348155192632	1
PP2A-mediated Dephosphorylation Of Key Metabolic Factors R-HSA-163767	0.0006348155192632	1
Beta-catenin Phosphorylation Cascade R-HSA-196299	0.0006348155192632	1
Inhibition Of Replication Initiation Of Damaged DNA By RB1/E2F1 R-HSA-113501	0.0006348155192632	1
DARPP-32 Events R-HSA-180024	0.0006348155192632	1
ERKs Are Inactivated R-HSA-202670	0.0006348155192632	1
APC Truncation Mutants Have Impaired AXIN Binding R-HSA-5467337	0.0006348155192632	1
CTNNB1 S33 Mutants Not Phosphorylated R-HSA-5358747	0.0006348155192632	1
MASTL Facilitates Mitotic Progression R-HSA-2465910	0.0006348155192632	1
Cooperation Of PDCL (PhLP1) And TRiC/CCT In G-protein Beta Folding R-HSA-6814122	0.0006318149870076	1
Folding Of Actin By CCT/TriC R-HSA-390450	0.0006318149870076	1
RHO GTPases Activate CIT R-HSA-5625900	0.0006275810011928	1
Sema4D Induced Cell Migration And Growth-Cone Collapse R-HSA-416572	0.0006275810011928	1
Sema4D In Semaphorin Signaling R-HSA-400685	0.0006275810011928	1
RHO GTPases Activate ROCKs R-HSA-5627117	0.0006275810011928	1
RHO GTPases Activate PAKs R-HSA-5627123	0.0006275810011928	1
CD163 Mediating An Anti-Inflammatory Response R-HSA-9662834	0.0006275810011928	1
RNA Polymerase III Transcription Initiation R-HSA-76046	0.0006158622472989	1
RNA Polymerase III Transcription Initiation From Type 2 Promoter R-HSA-76066	0.0006158622472989	1
RNA Polymerase III Transcription Initiation From Type 1 Promoter R-HSA-76061	0.0006158622472989	1
RNA Polymerase III Transcription Initiation From Type 3 Promoter R-HSA-76071	0.0006158622472989	1
RNA Polymerase III Chain Elongation R-HSA-73780	0.0006158622472989	1
Regulation Of Beta-Cell Development R-HSA-186712	0.0005511020557619	1
NOTCH3 Intracellular Domain Regulates Transcription R-HSA-9013508	0.0005511020557619	1
RUNX3 Regulates NOTCH Signaling R-HSA-8941856	0.0005511020557619	1
Regulation Of Gene Expression In Late Stage (Branching Morphogenesis) Pancreatic Bud Precursor Cells R-HSA-210744	0.0005511020557619	1
NOTCH4 Intracellular Domain Regulates Transcription R-HSA-9013695	0.0005511020557619	1
RUNX2 Regulates Osteoblast Differentiation R-HSA-8940973	0.0005278020310078	1
AMPK Inhibits chREBP Transcriptional Activity R-HSA-163680	0.0005139094516017	1
Lipophagy R-HSA-9613354	0.0005139094516017	1
Carnitine Metabolism R-HSA-200425	0.0005139094516017	1
Activation Of PPARGC1A (PGC-1alpha) By Phosphorylation R-HSA-2151209	0.0005139094516017	1
Phosphorylation Of Emi1 R-HSA-176417	0.0005084797696281	1
Polo-like Kinase Mediated Events R-HSA-156711	0.0005084797696281	1
ADP Signaling Thru P2Y Purinoceptor 12 R-HSA-392170	0.0005015598549384	1
Regulation Of Insulin Secretion R-HSA-422356	0.0005015598549384	1
Signal Amplification R-HSA-392518	0.0005015598549384	1
Adrenaline,noradrenaline Inhibits Insulin Secretion R-HSA-400042	0.0005015598549384	1
GPER1 Signaling R-HSA-9634597	0.0005015598549384	1
Adenylate Cyclase Inhibitory Pathway R-HSA-170670	0.0005015598549384	1
G Alpha (Z) Signaling Events R-HSA-418597	0.0005015598549384	1
PI-3K cascade:FGFR3 R-HSA-5654710	0.0004970154994367	1
FRS-mediated FGFR3 Signaling R-HSA-5654706	0.0004970154994367	1
SHC-mediated cascade:FGFR3 R-HSA-5654704	0.0004970154994367	1
Signaling By FGFR3 In Disease R-HSA-5655332	0.0004970154994367	1
Phospholipase C-mediated Cascade; FGFR3 R-HSA-5654227	0.0004970154994367	1
FGFR3 Ligand Binding And Activation R-HSA-190239	0.0004970154994367	1
Downstream Signaling Of Activated FGFR3 R-HSA-5654708	0.0004970154994367	1
FGFR3 Mutant Receptor Activation R-HSA-2033514	0.0004970154994367	1
Signaling By FGFR3 R-HSA-5654741	0.0004970154994367	1
FGFR3b Ligand Binding And Activation R-HSA-190371	0.0004970154994367	1
Negative Regulation Of FGFR3 Signaling R-HSA-5654732	0.0004970154994367	1
vRNP Assembly R-HSA-192905	0.0004965284349711	1
RUNX3 Regulates p14-ARF R-HSA-8951936	0.0004768863905739	1
RUNX2 Regulates Chondrocyte Maturation R-HSA-8941284	0.0004768863905739	1
SUMOylation Of Immune Response Proteins R-HSA-4755510	0.0004734979198289	1
FGFR1 Ligand Binding And Activation R-HSA-190242	0.0004311857107398	1
SHC-mediated cascade:FGFR1 R-HSA-5654688	0.0004311857107398	1
Negative Regulation Of FGFR1 Signaling R-HSA-5654726	0.0004311857107398	1
Downstream Signaling Of Activated FGFR1 R-HSA-5654687	0.0004311857107398	1
FRS-mediated FGFR1 Signaling R-HSA-5654693	0.0004311857107398	1
PI-3K cascade:FGFR1 R-HSA-5654689	0.0004311857107398	1
Signaling By Activated Point Mutants Of FGFR1 R-HSA-1839122	0.0004311857107398	1
Signaling By FGFR1 R-HSA-5654736	0.0004311857107398	1
FGFR1b Ligand Binding And Activation R-HSA-190370	0.0004311857107398	1
FGFR1c Ligand Binding And Activation R-HSA-190373	0.0004311857107398	1
Phospholipase C-mediated Cascade: FGFR1 R-HSA-5654219	0.0004311857107398	1
Vpr-mediated Nuclear Import Of PICs R-HSA-180910	0.0003686944935693	1
SUMOylation Of SUMOylation Proteins R-HSA-4085377	0.0003686944935693	1
NEP/NS2 Interacts With Cellular Export Machinery R-HSA-168333	0.0003686944935693	1
Nuclear Import Of Rev Protein R-HSA-180746	0.0003686944935693	1
Transport Of Ribonucleoproteins Into Host Nucleus R-HSA-168271	0.0003686944935693	1
Rev-mediated Nuclear Export Of HIV RNA R-HSA-165054	0.0003686944935693	1
Defective TPR May Confer Susceptibility Towards Thyroid Papillary Carcinoma (TPC) R-HSA-5619107	0.0003686944935693	1
SLC Transporter Disorders R-HSA-5619102	0.0003686944935693	1
Export Of Viral Ribonucleoproteins From Nucleus R-HSA-168274	0.0003686944935693	1
Interactions Of Rev With Host Cellular Proteins R-HSA-177243	0.0003686944935693	1
SUMOylation Of RNA Binding Proteins R-HSA-4570464	0.0003686944935693	1
Postmitotic Nuclear Pore Complex (NPC) Reformation R-HSA-9615933	0.0003686944935693	1
SUMOylation Of DNA Replication Proteins R-HSA-4615885	0.0003686944935693	1
Type I Hemidesmosome Assembly R-HSA-446107	0.0003574011207901	1
Assembly Of Collagen Fibrils And Other Multimeric Structures R-HSA-2022090	0.0003574011207901	1
Recycling Of Bile Acids And Salts R-HSA-159418	0.0003267887110981	1
Heme Biosynthesis R-HSA-189451	0.0003267887110981	1
Aspirin ADME R-HSA-9749641	0.0003267887110981	1
Heme Degradation R-HSA-189483	0.0003267887110981	1
Cytoprotection By HMOX1 R-HSA-9707564	0.0003267887110981	1
Bile Acid And Bile Salt Metabolism R-HSA-194068	0.0003267887110981	1
Metabolism Of Porphyrins R-HSA-189445	0.0003267887110981	1
Pyruvate Metabolism R-HSA-70268	0.0003187961316323	1
SUMOylation Of Transcription Cofactors R-HSA-3899300	0.0003117994255699	1
Formation Of Annular Gap Junctions R-HSA-196025	0.0003105038431434	1
Gap Junction Degradation R-HSA-190873	0.0003105038431434	1
Gap Junction Trafficking And Regulation R-HSA-157858	0.0003105038431434	1
Gap Junction Trafficking R-HSA-190828	0.0003105038431434	1
Signaling By ERBB2 ECD Mutants R-HSA-9665348	0.000240798545479	1
Constitutive Signaling By Ligand-Responsive EGFR Cancer Variants R-HSA-1236382	0.000240798545479	1
Constitutive Signaling By EGFRvIII R-HSA-5637810	0.000240798545479	1
Signaling By EGFR In Cancer R-HSA-1643713	0.000240798545479	1
VEGFR2 Mediated Cell Proliferation R-HSA-5218921	0.0002076187355707	1
RHO GTPases Activate NADPH Oxidases R-HSA-5668599	0.0002076187355707	1
Estrogen-stimulated Signaling Thru PRKCZ R-HSA-9634635	0.0002076187355707	1
TGF-beta Receptor Signaling In EMT (Epithelial To Mesenchymal Transition) R-HSA-2173791	0.0002076187355707	1
Killing Mechanisms R-HSA-9664420	0.0001590032925789	1
FCERI Mediated MAPK Activation R-HSA-2871796	0.0001590032925789	1
Activation Of AP-1 Family Of Transcription Factors R-HSA-450341	0.0001590032925789	1
DSCAM Interactions R-HSA-376172	0.0001590032925789	1
NRIF Signals Cell Death From Nucleus R-HSA-205043	0.0001590032925789	1
