Gene_set	Term	Overlap	P-value	Adjusted P-value	Old P-value	Old Adjusted P-value	Odds Ratio	Combined Score	Genes	Module
Reactome_2022	Respiratory Electron Transport, ATP Synthesis By Chemiosmotic Coupling, Heat Production By Uncoupling Proteins R-HSA-163200	11/112	2.1949463493759566e-10	1.1347872626273701e-07	0	0	17.645349780879727	392.4271677551745	ATP5PF;NDUFA2;ATP5PO;NDUFS2;ETFA;NDUFS1;ETFB;SDHA;NDUFV2;SDHB;NDUFV1	2.0
Reactome_2022	Respiratory Electron Transport R-HSA-611105	9/90	8.671477690505582e-09	1.919292502372652e-06	0	0	17.729390681003583	329.11469710766363	NDUFA2;NDUFS2;ETFA;NDUFS1;ETFB;SDHA;NDUFV2;SDHB;NDUFV1	2.0
Reactome_2022	Citric Acid (TCA) Cycle And Respiratory Electron Transport R-HSA-1428517	11/163	1.2029777568478638e-08	1.919292502372652e-06	0	0	11.69461820534944	213.2616635576176	ATP5PF;NDUFA2;ATP5PO;NDUFS2;NDUFS1;ETFA;ETFB;SDHA;NDUFV2;SDHB;NDUFV1	2.0
Reactome_2022	Programmed Cell Death R-HSA-5357801	12/208	1.4849458432283574e-08	1.919292502372652e-06	0	0	9.95328048574802	179.41089104137697	MED12;BCAP31;PSMA5;PSMD6;PSMD11;PSMD14;MAGED1;FASN;PSMD3;NDUFA2;FLOT1;FLOT2	2.0
GO_Biological_Process_2021	regulation of G2/M transition of mitotic cell cycle (GO:0010389)	11/149	4.687566852645596e-09	2.9085480647466397e-06	0	0	12.890175813732478	247.2123314675564	PSMA5;DYNC1H1;PSMD6;PCM1;PSMD11;CEP135;PSMD14;PSMD3;CEP63;CEP43;NINL	2.0
GO_Biological_Process_2021	regulation of mitotic cell cycle phase transition (GO:1901990)	12/188	4.768111581551867e-09	2.9085480647466397e-06	0	0	11.095604808414723	212.6063844560038	PSMA5;DYNC1H1;PSMD6;PCM1;TFAP4;PSMD11;CEP135;PSMD14;PSMD3;CEP63;CEP43;NINL	2.0
Reactome_2022	G2/M Transition R-HSA-69275	11/182	3.772370758336508e-08	3.1176386949599462e-06	0	0	10.385197967596588	177.51395095362074	PSMA5;DYNC1H1;PSMD6;PCM1;PSMD11;CEP135;PSMD14;PSMD3;CEP63;CEP43;NINL	2.0
Reactome_2022	Mitotic G2-G2/M Phases R-HSA-453274	11/184	4.221174248495091e-08	3.1176386949599462e-06	0	0	10.26409551786222	174.29016570695669	PSMA5;DYNC1H1;PSMD6;PCM1;PSMD11;CEP135;PSMD14;PSMD3;CEP63;CEP43;NINL	2.0
Reactome_2022	M Phase R-HSA-68886	15/380	3.660498274004548e-08	3.1176386949599462e-06	0	0	6.791966566055259	116.29939682061288	DYNC1H1;PSMD11;CEP135;PSMD14;NEK7;PDS5A;SMC1A;PSMA5;PSMD6;PCM1;RPS27;PSMD3;CEP63;CEP43;NINL	2.0
Reactome_2022	ER-Phagosome Pathway R-HSA-1236974	8/89	1.3900952850279445e-07	8.983490779493092e-06	0	0	15.633382716049384	246.83115481882027	PSMA5;PSMD6;PSMD11;PSMD14;PSMD3;NDUFA2;SEC61B;VAMP3	2.0
Reactome_2022	Metabolism Of RNA R-HSA-8953854	39/666	5.2805418724641394e-30	2.444890886950896e-27	0	0	17.117703349282298	1153.9647067601054	SF3B4;RBM28;PSMD12;SF3B3;RBM8A;SF3B6;SRSF1;RPL10L;NAT10;PPP2R2A;PRPF19;RPL6;EFTUD2;PSMD7;PUF60;BMS1;POLR2D;RPL14;RPL38;BCAS2;RPS12;HNRNPA0;PRMT5;SF3A2;KRR1;BYSL;FTSJ3;HNRNPM;NUDT21;RPS28;SNW1;RPS29;SNRPG;SRSF3;RNPS1;SRSF5;SNRPC;SRSF7;RBMX	5.0
GO_Biological_Process_2021	mRNA splicing, via spliceosome (GO:0000398)	28/274	5.082223823062589e-28	4.060696834627009e-25	0	0	27.605139014353107	1734.890059253905	SF3B4;SF3B3;RBM8A;SF3B6;SRSF1;PRPF19;EFTUD2;PNN;PUF60;TRA2A;POLR2D;BCAS2;HNRNPA0;PRMT5;SF3A2;HNRNPM;NUDT21;SFPQ;SNW1;PSPC1;SNRPG;SRSF3;RNPS1;SRSF5;HNRNPH3;SNRPC;SRSF7;RBMX	5.0
GO_Biological_Process_2021	RNA splicing, via transesterification reactions with bulged adenosine as nucleophile (GO:0000377)	27/251	1.2533090123379882e-27	5.006969504290263e-25	0	0	28.909462108013937	1790.768017063998	SF3B4;SF3B3;RBM8A;SF3B6;SRSF1;PRPF19;EFTUD2;PNN;PUF60;TRA2A;POLR2D;BCAS2;HNRNPA0;SF3A2;HNRNPM;NUDT21;SFPQ;SNW1;PSPC1;SNRPG;SRSF3;RNPS1;SRSF5;HNRNPH3;SNRPC;SRSF7;RBMX	5.0
GO_Biological_Process_2021	mRNA processing (GO:0006397)	27/300	1.6219908844516127e-25	4.3199023889227946e-23	0	0	23.66148485660681	1350.6205779823797	SF3B4;SF3B3;RBM8A;SF3B6;SRSF1;PRPF19;EFTUD2;PNN;PUF60;TRA2A;POLR2D;BCAS2;HNRNPA0;SF3A2;HNRNPM;NUDT21;SFPQ;SNW1;PSPC1;SNRPG;SRSF3;RNPS1;SRSF5;HNRNPH3;SNRPC;SRSF7;RBMX	5.0
Reactome_2022	mRNA Splicing - Major Pathway R-HSA-72163	22/181	9.308369539152705e-24	2.1548875483138512e-21	0	0	31.38176823537917	1664.2105771307815	SF3B4;SF3B3;SF3A2;RBM8A;SF3B6;SRSF1;PRPF19;EFTUD2;HNRNPM;NUDT21;SNW1;PUF60;POLR2D;SNRPG;SRSF3;RNPS1;SRSF5;SNRPC;SRSF7;RBMX;BCAS2;HNRNPA0	5.0
Reactome_2022	mRNA Splicing R-HSA-72172	22/189	2.4716285560507008e-23	3.814546738171582e-21	0	0	29.86633629293138	1554.6795880161892	SF3B4;SF3B3;SF3A2;RBM8A;SF3B6;SRSF1;PRPF19;EFTUD2;HNRNPM;NUDT21;SNW1;PUF60;POLR2D;SNRPG;SRSF3;RNPS1;SRSF5;SNRPC;SRSF7;RBMX;BCAS2;HNRNPA0	5.0
Reactome_2022	Processing Of Capped Intron-Containing Pre-mRNA R-HSA-72203	22/242	6.064640937566239e-21	7.019821885232923e-19	0	0	22.610344827586207	1052.5525129551947	SF3B4;SF3B3;SF3A2;RBM8A;SF3B6;SRSF1;PRPF19;EFTUD2;HNRNPM;NUDT21;SNW1;PUF60;POLR2D;SNRPG;SRSF3;RNPS1;SRSF5;SNRPC;SRSF7;RBMX;BCAS2;HNRNPA0	5.0
Reactome_2022	Translation R-HSA-72766	20/281	5.3468709326673057e-17	4.951202483649925e-15	0	0	16.901287184123294	633.2478800606042	MRPS23;RPL10L;SRP68;SRP14;RPL6;MRPL11;EEF1A1;EEF1B2;MRPL4;RPS28;EIF2S3;RPS29;EIF3I;RPL14;EIF3H;RPL38;EIF3E;EIF3C;EIF3D;RPS12	5.0
GO_Biological_Process_2021	ribonucleoprotein complex assembly (GO:0022618)	16/136	2.952957619406292e-17	5.898532844764067e-15	0	0	28.34551971326165	1078.8627751862384	PRMT5;SF3A2;SRSF1;RPL10L;PRPF19;RPL6;NUDT21;RPS28;EIF2S3;PUF60;POLR2D;SNRPG;RPL24;RPL38;SRSF5;SNRPC	5.0
Reactome_2022	GTP Hydrolysis And Joining Of 60S Ribosomal Subunit R-HSA-72706	13/109	2.713667834604904e-14	1.7948974391743861e-12	0	0	27.92263454861111	872.2441903819184	RPL10L;RPL6;RPS28;EIF2S3;RPS29;EIF3I;RPL14;EIF3H;RPL38;EIF3E;EIF3C;EIF3D;RPS12	5.0
Reactome_2022	Generic Transcription Pathway R-HSA-212436	23/1190	7.383576000602987e-13	4.1348025603376727e-10	0	0	9.022237548853637	252.0303246440084	LMO1;USP7;CCNT1;CAV1;LMO2;H2BC1;UBE2E1;THBS1;PML;NFKB1;SOX2;CDK7;RAD51;MYB;RARA;BAX;PPARG;CDK12;TP53;E2F6;CAMK2G;TP63;TAF1	3.0
Reactome_2022	RNA Polymerase II Transcription R-HSA-73857	23/1312	5.515624799814562e-12	1.5443749439480772e-09	0	0	8.115215046642321	210.37425933764564	LMO1;USP7;CCNT1;CAV1;LMO2;H2BC1;UBE2E1;THBS1;PML;NFKB1;SOX2;CDK7;RAD51;MYB;RARA;BAX;PPARG;CDK12;TP53;E2F6;CAMK2G;TP63;TAF1	3.0
Reactome_2022	Gene Expression (Transcription) R-HSA-74160	23/1449	4.1412736912353505e-11	7.730377556972655e-09	0	0	7.281667977970102	174.08598659933057	LMO1;USP7;CCNT1;CAV1;LMO2;H2BC1;UBE2E1;THBS1;PML;NFKB1;SOX2;CDK7;RAD51;MYB;RARA;BAX;PPARG;CDK12;TP53;E2F6;CAMK2G;TP63;TAF1	3.0
Reactome_2022	Disease R-HSA-1643685	23/1736	1.4836975823087396e-09	2.0771766152322363e-07	0	0	5.967693249612005	121.31561583354176	ALK;CCNT1;CAV1;H2BC1;UBE2E1;CXCR4;TANK;THBS1;H2BC18;PML;NFKB1;LMNB1;CDK7;MAPK8;CASP8;RAD51;ERBB3;ERBB4;LMNA;TP53;CAMK2G;TAF1;FGFR1	3.0
GO_Biological_Process_2021	regulation of extrinsic apoptotic signaling pathway (GO:2001236)	7/64	1.3189736980900195e-09	1.201702478796629e-06	0	0	42.82948599569098	875.7093123133244	CYLD;CASP8;CAV1;FAS;THBS1;PML;FGFR1	3.0
GO_Biological_Process_2021	positive regulation of transcription by RNA polymerase II (GO:0045944)	17/908	2.349093153616922e-09	1.201702478796629e-06	0	0	7.731332234878334	153.61566844424556	LMO1;CCNT1;LMO2;NFKB1;TNFRSF1A;SOX2;PER1;CDK7;MED21;MYB;REL;RARA;PPARG;CDK12;OTX1;TP53;TP63	3.0
GO_Biological_Process_2021	positive regulation of transcription, DNA-templated (GO:0045893)	19/1183	2.743612965289107e-09	1.201702478796629e-06	0	0	6.809240168003055	134.2372938370463	LMO1;CCNT1;LMO2;PML;NFKB1;TNFRSF1A;SOX2;PER1;CDK7;PHF5A;ERBB4;MED21;MYB;REL;RARA;PPARG;OTX1;TP53;TP63	3.0
Reactome_2022	Signal Transduction R-HSA-162582	26/2465	1.0745096204012066e-08	1.2034507748493514e-06	0	0	4.908418031548736	90.06366104718032	ALK;CCNT1;CXCR4;TANK;THBS1;LMNB1;SOX2;MAPK8;CASP8;SOCS1;ERBB3;ERBB4;MYB;CAMK2G;USP7;CAV1;H2BC1;PML;NFKB1;TNFRSF1A;CYLD;RARA;BAX;PPARG;TP53;FGFR1	3.0
Reactome_2022	Cytokine Signaling In Immune System R-HSA-1280215	14/702	3.56710709118346e-08	3.329299951771229e-06	0	0	7.833488372093023	134.33591096777752	UBE2E1;SAMHD1;TANK;PML;NFKB1;TNFRSF1A;LMNB1;SOD1;SOX2;MAPK8;CASP8;SOCS1;TP53;CAMK2G	3.0
Reactome_2022	TNFR1-induced Proapoptotic Signaling R-HSA-5357786	4/13	6.669755254755428e-08	5.3358042038043415e-06	0	0	147.6074074074074	2438.9315958485654	CYLD;CASP8;TANK;TNFRSF1A	3.0
Reactome_2022	Signaling By FGFR2 IIIa TM R-HSA-8851708	4/19	1.373113325231824e-09	1.602380186706643e-07	0	0	409.6	8358.373447745702	POLR2C;POLR2G;POLR2J;POLR2L	8.0
Reactome_2022	mRNA Capping R-HSA-72086	4/29	8.370642766377985e-09	1.602380186706643e-07	0	0	245.63692307692307	4568.486950765125	POLR2C;POLR2G;POLR2J;POLR2L	8.0
Reactome_2022	PIWI-interacting RNA (piRNA) Biogenesis R-HSA-5601884	4/29	8.370642766377985e-09	1.602380186706643e-07	0	0	245.63692307692307	4568.486950765125	POLR2C;POLR2G;POLR2J;POLR2L	8.0
Reactome_2022	RNA Pol II CTD Phosphorylation And Interaction With CE R-HSA-77075	4/27	6.191612720833568e-09	1.602380186706643e-07	0	0	267.02341137123744	5046.76123269689	POLR2C;POLR2G;POLR2J;POLR2L	8.0
Reactome_2022	FGFR2 Alternative Splicing R-HSA-6803529	4/26	5.277067396820121e-09	1.602380186706643e-07	0	0	279.1748251748252	5321.042941242632	POLR2C;POLR2G;POLR2J;POLR2L	8.0
Reactome_2022	MicroRNA (miRNA) Biogenesis R-HSA-203927	4/24	3.754660024555181e-09	1.602380186706643e-07	0	0	307.1230769230769	5958.270030539231	POLR2C;POLR2G;POLR2J;POLR2L	8.0
Reactome_2022	Abortive Elongation Of HIV-1 Transcript In Absence Of Tat R-HSA-167242	4/23	3.1305016244854304e-09	1.602380186706643e-07	0	0	323.3036437246964	6330.9554173842935	POLR2C;POLR2G;POLR2J;POLR2L	8.0
Reactome_2022	Formation Of Early Elongation Complex R-HSA-113418	4/33	1.4391710072864708e-08	1.7531719543307918e-07	0	0	211.71352785145888	3822.829342070007	POLR2C;POLR2G;POLR2J;POLR2L	8.0
Reactome_2022	HIV Elongation Arrest And Recovery R-HSA-167287	4/33	1.4391710072864708e-08	1.7531719543307918e-07	0	0	211.71352785145888	3822.829342070007	POLR2C;POLR2G;POLR2J;POLR2L	8.0
Reactome_2022	FGFR2 Mutant Receptor Activation R-HSA-1839126	4/33	1.4391710072864708e-08	1.7531719543307918e-07	0	0	211.71352785145888	3822.829342070007	POLR2C;POLR2G;POLR2J;POLR2L	8.0
GO_Biological_Process_2021	ERK1 and ERK2 cascade (GO:0070371)	3/23	1.2717933141285084e-06	0.0008610040736650002	0	0	187.134375	2540.3645970152343	MAP2K2;APOA1;ITGAV	0.0
GO_Biological_Process_2021	protein destabilization (GO:0031648)	3/34	4.269021949350451e-06	0.0014450639298551	0	0	120.66532258064515	1491.9212291265562	PRNP;PLK1;DERL1	0.0
Reactome_2022	Signaling By VEGF R-HSA-194138	3/102	0.00011759661871827768	0.0114068720156729	0	0	37.65530303030303	340.71460601077206	CDH5;ITGAV;CRK	0.0
Reactome_2022	VEGFA-VEGFR2 Pathway R-HSA-4420097	3/93	8.935740925632077e-05	0.0114068720156729	0	0	41.43958333333333	386.3356989155842	CDH5;ITGAV;CRK	0.0
Reactome_2022	Prolonged ERK Activation Events R-HSA-169893	2/14	7.727815668657218e-05	0.0114068720156729	0	0	195.7745098039216	1853.6124837160316	MAP2K2;CRK	0.0
Reactome_2022	Signal Transduction By L1 R-HSA-445144	2/20	0.0001608034054265043	0.0116984477447781	0	0	130.47712418300654	1139.760479290825	MAP2K2;ITGAV	0.0
GO_Biological_Process_2021	negative regulation of response to external stimulus (GO:0032102)	3/118	0.0001810630532447425	0.0175113838638129	0	0	32.39021739130435	279.095659887179	CDH5;APOA1;CRK	0.0
GO_Biological_Process_2021	MAPK cascade (GO:0000165)	4/303	0.00016725381760552497	0.0175113838638129	0	0	17.553623188405798	152.64627272670973	MAP2K2;DLG4;APOA1;ITGAV	0.0
GO_Biological_Process_2021	cellular metal ion homeostasis (GO:0006875)	3/104	0.0001245726992935705	0.0175113838638129	0	0	36.90594059405941	331.8073275711768	CDH5;KCNJ2;TPT1	0.0
GO_Biological_Process_2021	cellular response to copper ion (GO:0071280)	2/19	0.00014480495711163393	0.0175113838638129	0	0	138.159169550173	1221.3440309041307	PRNP;AQP1	0.0
