"Taxid","Virulence","Genome.Type","Transmissibility","Tissue.Tropism","Transmission.Route"
1076281,"nonsevere","ssRNA(-)","no human-to-human","viraemic","respiratory"
1076282,"nonsevere","ssRNA(-)","no human-to-human","viraemic","respiratory"
1076283,"nonsevere","ssRNA(-)","no human-to-human","viraemic","respiratory"
1076284,"nonsevere","ssRNA(-)","no human-to-human","viraemic","respiratory"
1076285,"nonsevere","ssRNA(-)","no human-to-human","viraemic","respiratory"
1095764,"nonsevere","ssRNA(+)","sustained human-to-human","gastrointestinal","faecal-oral"
1112700,"nonsevere","ssRNA(+)","sustained human-to-human","gastrointestinal","faecal-oral"
1156749,"nonsevere","ssRNA(+)","sustained human-to-human","gastrointestinal","faecal-oral"
1176484,"nonsevere","ssRNA(+)","sustained human-to-human","gastrointestinal","faecal-oral"
1181292,"nonsevere","ssRNA(+)","sustained human-to-human","gastrointestinal","faecal-oral"
1186059,"nonsevere","ssRNA(+)","sustained human-to-human","gastrointestinal","faecal-oral"
1194164,"nonsevere","ssRNA(+)","sustained human-to-human","gastrointestinal","faecal-oral"
1221646,"nonsevere","ssRNA(+)","sustained human-to-human","gastrointestinal","faecal-oral"
1222038,"nonsevere","ssRNA(+)","sustained human-to-human","gastrointestinal","faecal-oral"
1222039,"nonsevere","ssRNA(+)","sustained human-to-human","gastrointestinal","faecal-oral"
1222040,"nonsevere","ssRNA(+)","sustained human-to-human","gastrointestinal","faecal-oral"
1222041,"nonsevere","ssRNA(+)","sustained human-to-human","gastrointestinal","faecal-oral"
1222042,"nonsevere","ssRNA(+)","sustained human-to-human","gastrointestinal","faecal-oral"
1222043,"nonsevere","ssRNA(+)","sustained human-to-human","gastrointestinal","faecal-oral"
1222044,"nonsevere","ssRNA(+)","sustained human-to-human","gastrointestinal","faecal-oral"
1222045,"nonsevere","ssRNA(+)","sustained human-to-human","gastrointestinal","faecal-oral"
1222046,"nonsevere","ssRNA(+)","sustained human-to-human","gastrointestinal","faecal-oral"
1222047,"nonsevere","ssRNA(+)","sustained human-to-human","gastrointestinal","faecal-oral"
1222048,"nonsevere","ssRNA(+)","sustained human-to-human","gastrointestinal","faecal-oral"
1222049,"nonsevere","ssRNA(+)","sustained human-to-human","gastrointestinal","faecal-oral"
1222050,"nonsevere","ssRNA(+)","sustained human-to-human","gastrointestinal","faecal-oral"
1222051,"nonsevere","ssRNA(+)","sustained human-to-human","gastrointestinal","faecal-oral"
1293419,"nonsevere","ssRNA(+)","sustained human-to-human","gastrointestinal","faecal-oral"
1293420,"nonsevere","ssRNA(+)","sustained human-to-human","gastrointestinal","faecal-oral"
1330993,"nonsevere","ssRNA(+)","sustained human-to-human","gastrointestinal","faecal-oral"
1402035,"nonsevere","ssRNA(-)","sustained human-to-human","gastrointestinal","faecal-oral"
1417603,"nonsevere","ssRNA(-)","sustained human-to-human","gastrointestinal","faecal-oral"
1417604,"nonsevere","ssRNA(-)","sustained human-to-human","gastrointestinal","faecal-oral"
1417605,"nonsevere","ssRNA(-)","sustained human-to-human","gastrointestinal","faecal-oral"
1417606,"nonsevere","ssRNA(-)","sustained human-to-human","gastrointestinal","faecal-oral"
1417607,"nonsevere","ssRNA(-)","sustained human-to-human","gastrointestinal","faecal-oral"
1417608,"nonsevere","ssRNA(-)","sustained human-to-human","gastrointestinal","faecal-oral"
1417609,"nonsevere","ssRNA(-)","sustained human-to-human","gastrointestinal","faecal-oral"
1417610,"nonsevere","ssRNA(-)","sustained human-to-human","gastrointestinal","faecal-oral"
1417611,"nonsevere","ssRNA(-)","sustained human-to-human","gastrointestinal","faecal-oral"
1417612,"nonsevere","ssRNA(-)","sustained human-to-human","gastrointestinal","faecal-oral"
1417613,"nonsevere","ssRNA(-)","sustained human-to-human","gastrointestinal","faecal-oral"
1417614,"nonsevere","ssRNA(-)","sustained human-to-human","gastrointestinal","faecal-oral"
1417615,"nonsevere","ssRNA(-)","sustained human-to-human","gastrointestinal","faecal-oral"
1417616,"nonsevere","ssRNA(-)","sustained human-to-human","gastrointestinal","faecal-oral"
1417617,"nonsevere","ssRNA(-)","sustained human-to-human","gastrointestinal","faecal-oral"
1417618,"nonsevere","ssRNA(-)","sustained human-to-human","gastrointestinal","faecal-oral"
1417619,"nonsevere","ssRNA(-)","sustained human-to-human","gastrointestinal","faecal-oral"
1437125,"nonsevere","ssRNA(-/+)","sustained human-to-human","gastrointestinal","faecal-oral"
1521109,"nonsevere","ssRNA(+)","sustained human-to-human","gastrointestinal","faecal-oral"
1523264,"nonsevere","ssRNA(+)","sustained human-to-human","gastrointestinal","faecal-oral"
1523265,"nonsevere","ssRNA(+)","sustained human-to-human","gastrointestinal","faecal-oral"
1523266,"nonsevere","ssRNA(+)","sustained human-to-human","gastrointestinal","faecal-oral"
1523268,"nonsevere","ssRNA(+)","sustained human-to-human","gastrointestinal","faecal-oral"
1523271,"nonsevere","ssRNA(+)","sustained human-to-human","gastrointestinal","faecal-oral"
1523272,"nonsevere","ssRNA(+)","sustained human-to-human","gastrointestinal","faecal-oral"
1523273,"nonsevere","ssRNA(+)","sustained human-to-human","gastrointestinal","faecal-oral"
1523276,"nonsevere","ssRNA(+)","sustained human-to-human","gastrointestinal","faecal-oral"
1523277,"nonsevere","ssRNA(+)","sustained human-to-human","gastrointestinal","faecal-oral"
1523278,"nonsevere","ssRNA(+)","sustained human-to-human","gastrointestinal","faecal-oral"
1523281,"nonsevere","ssRNA(+)","sustained human-to-human","gastrointestinal","faecal-oral"
1523282,"nonsevere","ssRNA(+)","sustained human-to-human","gastrointestinal","faecal-oral"
1523285,"nonsevere","ssRNA(+)","sustained human-to-human","gastrointestinal","faecal-oral"
1523287,"nonsevere","ssRNA(+)","sustained human-to-human","gastrointestinal","faecal-oral"
1523288,"nonsevere","ssRNA(+)","sustained human-to-human","gastrointestinal","faecal-oral"
1523289,"nonsevere","ssRNA(+)","sustained human-to-human","gastrointestinal","faecal-oral"
1525176,"nonsevere","dsRNA","sustained human-to-human","gastrointestinal","faecal-oral"
1525177,"nonsevere","dsRNA","sustained human-to-human","gastrointestinal","faecal-oral"
1525178,"nonsevere","dsRNA","sustained human-to-human","gastrointestinal","faecal-oral"
1525179,"nonsevere","dsRNA","sustained human-to-human","gastrointestinal","faecal-oral"
1548189,"nonsevere","ssRNA(+)","sustained human-to-human","gastrointestinal","faecal-oral"
1569923,"nonsevere","ssRNA(+)","sustained human-to-human","gastrointestinal","faecal-oral"
1602211,"nonsevere","ssRNA(+)","sustained human-to-human","gastrointestinal","faecal-oral"
1609130,"nonsevere","ssRNA(+)","sustained human-to-human","gastrointestinal","faecal-oral"
1609131,"nonsevere","ssRNA(+)","sustained human-to-human","gastrointestinal","faecal-oral"
1615798,"nonsevere","ssRNA(-)","sustained human-to-human","gastrointestinal","faecal-oral"
1714296,"nonsevere","ssRNA(+)","sustained human-to-human","gastrointestinal","faecal-oral"
1714297,"nonsevere","ssRNA(+)","sustained human-to-human","gastrointestinal","faecal-oral"
1714298,"nonsevere","ssRNA(+)","sustained human-to-human","gastrointestinal","faecal-oral"
1714360,"nonsevere","ssRNA(+)","sustained human-to-human","gastrointestinal","faecal-oral"
1714361,"nonsevere","ssRNA(+)","sustained human-to-human","gastrointestinal","faecal-oral"
178530,"nonsevere","ssRNA(+)","sustained human-to-human","gastrointestinal","faecal-oral"
1899067,"nonsevere","ssRNA(+)","sustained human-to-human","gastrointestinal","faecal-oral"
1899068,"nonsevere","ssRNA(+)","sustained human-to-human","gastrointestinal","faecal-oral"
1899069,"nonsevere","ssRNA(+)","sustained human-to-human","gastrointestinal","faecal-oral"
1899070,"nonsevere","ssRNA(+)","sustained human-to-human","gastrointestinal","faecal-oral"
1899071,"nonsevere","ssRNA(+)","sustained human-to-human","gastrointestinal","faecal-oral"
1899072,"nonsevere","ssRNA(+)","sustained human-to-human","gastrointestinal","faecal-oral"
1899073,"nonsevere","ssRNA(+)","sustained human-to-human","gastrointestinal","faecal-oral"
1899074,"nonsevere","ssRNA(+)","sustained human-to-human","gastrointestinal","faecal-oral"
1899075,"nonsevere","ssRNA(+)","sustained human-to-human","gastrointestinal","faecal-oral"
1899076,"nonsevere","ssRNA(+)","sustained human-to-human","gastrointestinal","faecal-oral"
1899077,"nonsevere","ssRNA(+)","sustained human-to-human","gastrointestinal","faecal-oral"
1899078,"nonsevere","ssRNA(+)","sustained human-to-human","gastrointestinal","faecal-oral"
1899080,"nonsevere","ssRNA(+)","sustained human-to-human","gastrointestinal","faecal-oral"
1899081,"nonsevere","ssRNA(+)","sustained human-to-human","gastrointestinal","faecal-oral"
1899082,"nonsevere","ssRNA(+)","sustained human-to-human","gastrointestinal","faecal-oral"
1899083,"nonsevere","ssRNA(+)","sustained human-to-human","gastrointestinal","faecal-oral"
1899084,"nonsevere","ssRNA(+)","sustained human-to-human","gastrointestinal","faecal-oral"
1899085,"nonsevere","ssRNA(+)","sustained human-to-human","gastrointestinal","faecal-oral"
1899086,"nonsevere","ssRNA(+)","sustained human-to-human","gastrointestinal","faecal-oral"
1906931,"nonsevere","dsRNA","sustained human-to-human","gastrointestinal","vector"
1907787,"nonsevere","dsRNA","sustained human-to-human","gastrointestinal","faecal-oral"
1912147,"nonsevere","ssRNA(+)","sustained human-to-human","gastrointestinal","faecal-oral"
1933176,"nonsevere","ssRNA(-)","sustained human-to-human","gastrointestinal","faecal-oral"
2022413,"nonsevere","ssRNA(-)","no human-to-human","viraemic","direct contact"
2039694,"nonsevere","ssRNA(+)","sustained human-to-human","gastrointestinal","faecal-oral"
2044876,"nonsevere","ssRNA(+)","sustained human-to-human","gastrointestinal","faecal-oral"
2053898,"nonsevere","ssRNA(+)","sustained human-to-human","gastrointestinal","faecal-oral"
2094719,"nonsevere","ssRNA(+)","sustained human-to-human","gastrointestinal","faecal-oral"
2169479,"nonsevere","dsRNA","sustained human-to-human","gastrointestinal","faecal-oral"
2170060,"nonsevere","ssRNA(-)","sustained human-to-human","gastrointestinal","faecal-oral"
2184749,"nonsevere","dsRNA","sustained human-to-human","gastrointestinal","faecal-oral"
2219046,"nonsevere","ssRNA(+)","sustained human-to-human","gastrointestinal","faecal-oral"
2219048,"nonsevere","ssRNA(+)","sustained human-to-human","gastrointestinal","faecal-oral"
2219052,"nonsevere","ssRNA(+)","sustained human-to-human","gastrointestinal","faecal-oral"
2219053,"nonsevere","ssRNA(+)","sustained human-to-human","gastrointestinal","faecal-oral"
2219997,"nonsevere","ssRNA(-)","sustained human-to-human","gastrointestinal","faecal-oral"
230161,"nonsevere","ssRNA(+)","sustained human-to-human","gastrointestinal","faecal-oral"
235406,"nonsevere","ssRNA(+)","sustained human-to-human","gastrointestinal","faecal-oral"
2364099,"nonsevere","ssRNA(-)","sustained human-to-human","gastrointestinal","faecal-oral"
2498143,"nonsevere","ssRNA(+)","sustained human-to-human","gastrointestinal","faecal-oral"
2602438,"nonsevere","ssRNA(+)","sustained human-to-human","gastrointestinal","faecal-oral"
261202,"nonsevere","ssRNA(-)","no human-to-human","viraemic","direct contact"
2716315,"nonsevere","ssRNA(+)","sustained human-to-human","gastrointestinal","faecal-oral"
2778245,"nonsevere","ssRNA(+)","sustained human-to-human","gastrointestinal","faecal-oral"
2778246,"nonsevere","ssRNA(+)","sustained human-to-human","gastrointestinal","faecal-oral"
2778247,"nonsevere","ssRNA(+)","sustained human-to-human","gastrointestinal","faecal-oral"
2778248,"nonsevere","ssRNA(+)","sustained human-to-human","gastrointestinal","faecal-oral"
2778249,"nonsevere","ssRNA(+)","sustained human-to-human","gastrointestinal","faecal-oral"
2778250,"nonsevere","ssRNA(+)","sustained human-to-human","gastrointestinal","faecal-oral"
2778251,"nonsevere","ssRNA(+)","sustained human-to-human","gastrointestinal","faecal-oral"
2778252,"nonsevere","ssRNA(+)","sustained human-to-human","gastrointestinal","faecal-oral"
2778253,"nonsevere","ssRNA(+)","sustained human-to-human","gastrointestinal","faecal-oral"
29256,"nonsevere","dsRNA","sustained human-to-human","gastrointestinal","faecal-oral"
2936928,"nonsevere","dsRNA","sustained human-to-human","gastrointestinal","faecal-oral"
295016,"nonsevere","dsRNA","sustained human-to-human","gastrointestinal","faecal-oral"
2956251,"nonsevere","dsRNA","sustained human-to-human","gastrointestinal","faecal-oral"
2994337,"nonsevere","ssRNA(+)","sustained human-to-human","gastrointestinal","faecal-oral"
3047370,"nonsevere","ssRNA(+)","sustained human-to-human","gastrointestinal","faecal-oral"
3048206,"nonsevere","ssRNA(+)","sustained human-to-human","gastrointestinal","faecal-oral"
3050329,"nonsevere","ssRNA(-)","sustained human-to-human","gastrointestinal","faecal-oral"
3052343,"nonsevere","ssRNA(-)","sustained human-to-human","gastrointestinal","faecal-oral"
3052370,"nonsevere","ssRNA(-)","sustained human-to-human","gastrointestinal","faecal-oral"
3052393,"nonsevere","ssRNA(-)","sustained human-to-human","gastrointestinal","faecal-oral"
3052394,"nonsevere","ssRNA(-)","sustained human-to-human","gastrointestinal","faecal-oral"
3052400,"nonsevere","ssRNA(-)","sustained human-to-human","gastrointestinal","faecal-oral"
3052416,"nonsevere","ssRNA(-)","sustained human-to-human","gastrointestinal","faecal-oral"
3052421,"nonsevere","ssRNA(-)","sustained human-to-human","gastrointestinal","faecal-oral"
3052424,"nonsevere","ssRNA(-)","sustained human-to-human","gastrointestinal","faecal-oral"
3052445,"nonsevere","ssRNA(-)","no human-to-human","gastrointestinal","faecal-oral"
3052457,"nonsevere","ssRNA(-)","no human-to-human","gastrointestinal","faecal-oral"
3052467,"nonsevere","ssRNA(+)","sustained human-to-human","gastrointestinal","faecal-oral"
3052510,"nonsevere","ssRNA(-)","no human-to-human","gastrointestinal","faecal-oral"
3052521,"nonsevere","ssRNA(-)","sustained human-to-human","gastrointestinal","faecal-oral"
3052525,"nonsevere","ssRNA(-)","sustained human-to-human","gastrointestinal","faecal-oral"
3052538,"nonsevere","ssRNA(-)","sustained human-to-human","gastrointestinal","faecal-oral"
3052637,"nonsevere","ssRNA(-/+)","no human-to-human","gastrointestinal","direct contact"
3052679,"nonsevere","ssRNA(-/+)","no human-to-human","gastrointestinal","faecal-oral"
3052809,"nonsevere","ssRNA(-/+)","sustained human-to-human","gastrointestinal","faecal-oral"
3060496,"nonsevere","ssRNA(-)","sustained human-to-human","gastrointestinal","faecal-oral"
3060500,"nonsevere","ssRNA(-)","sustained human-to-human","gastrointestinal","faecal-oral"
308159,"nonsevere","ssRNA(-)","no human-to-human","viraemic","faecal-oral"
3428509,"nonsevere","ssRNA(+)","sustained human-to-human","gastrointestinal","faecal-oral"
3428512,"nonsevere","ssRNA(+)","sustained human-to-human","gastrointestinal","faecal-oral"
3430625,"nonsevere","ssRNA(+)","sustained human-to-human","gastrointestinal","faecal-oral"
3430637,"nonsevere","ssRNA(+)","sustained human-to-human","gastrointestinal","faecal-oral"
3430642,"nonsevere","ssRNA(+)","sustained human-to-human","gastrointestinal","faecal-oral"
348136,"nonsevere","dsRNA","sustained human-to-human","gastrointestinal","faecal-oral"
3703354,"nonsevere","ssRNA(+)","sustained human-to-human","gastrointestinal","faecal-oral"
3703637,"nonsevere","ssRNA(-/+)","sustained human-to-human","gastrointestinal","faecal-oral"
38016,"nonsevere","ssRNA(-)","sustained human-to-human","gastrointestinal","faecal-oral"
384335,"nonsevere","ssRNA(+)","sustained human-to-human","gastrointestinal","faecal-oral"
38768,"nonsevere","ssRNA(-)","no human-to-human","viraemic","faecal-oral"
433730,"nonsevere","ssRNA(+)","sustained human-to-human","gastrointestinal","faecal-oral"
433731,"nonsevere","ssRNA(+)","sustained human-to-human","gastrointestinal","faecal-oral"
433732,"nonsevere","ssRNA(+)","sustained human-to-human","gastrointestinal","faecal-oral"
47681,"nonsevere","ssRNA(+)","sustained human-to-human","gastrointestinal","faecal-oral"
481494,"nonsevere","ssRNA(+)","sustained human-to-human","gastrointestinal","faecal-oral"
481497,"nonsevere","ssRNA(+)","sustained human-to-human","gastrointestinal","faecal-oral"
481503,"nonsevere","ssRNA(+)","sustained human-to-human","gastrointestinal","faecal-oral"
481504,"nonsevere","ssRNA(+)","sustained human-to-human","gastrointestinal","faecal-oral"
481510,"nonsevere","ssRNA(+)","sustained human-to-human","gastrointestinal","faecal-oral"
481513,"nonsevere","ssRNA(+)","sustained human-to-human","gastrointestinal","faecal-oral"
496406,"nonsevere","ssRNA(-)","sustained human-to-human","gastrointestinal","faecal-oral"
496408,"nonsevere","ssRNA(-)","sustained human-to-human","gastrointestinal","faecal-oral"
497343,"nonsevere","ssRNA(-)","no human-to-human","viraemic","direct contact"
497344,"nonsevere","ssRNA(-)","no human-to-human","viraemic","direct contact"
497915,"nonsevere","ssRNA(-)","sustained human-to-human","gastrointestinal","faecal-oral"
537513,"nonsevere","ssRNA(+)","sustained human-to-human","gastrointestinal","faecal-oral"
537514,"nonsevere","ssRNA(+)","sustained human-to-human","gastrointestinal","faecal-oral"
537516,"nonsevere","ssRNA(+)","sustained human-to-human","gastrointestinal","faecal-oral"
537517,"nonsevere","ssRNA(+)","sustained human-to-human","gastrointestinal","faecal-oral"
537524,"nonsevere","ssRNA(+)","sustained human-to-human","gastrointestinal","faecal-oral"
537526,"nonsevere","ssRNA(+)","sustained human-to-human","gastrointestinal","faecal-oral"
537530,"nonsevere","ssRNA(+)","sustained human-to-human","gastrointestinal","faecal-oral"
537547,"nonsevere","ssRNA(+)","sustained human-to-human","gastrointestinal","faecal-oral"
537550,"nonsevere","ssRNA(+)","sustained human-to-human","gastrointestinal","faecal-oral"
537551,"nonsevere","ssRNA(+)","sustained human-to-human","gastrointestinal","faecal-oral"
537552,"nonsevere","ssRNA(+)","sustained human-to-human","gastrointestinal","faecal-oral"
537553,"nonsevere","ssRNA(+)","sustained human-to-human","gastrointestinal","faecal-oral"
537557,"nonsevere","ssRNA(+)","sustained human-to-human","gastrointestinal","faecal-oral"
537558,"nonsevere","ssRNA(+)","sustained human-to-human","gastrointestinal","faecal-oral"
537559,"nonsevere","ssRNA(+)","sustained human-to-human","gastrointestinal","faecal-oral"
537560,"nonsevere","ssRNA(+)","sustained human-to-human","gastrointestinal","faecal-oral"
537561,"nonsevere","ssRNA(+)","sustained human-to-human","gastrointestinal","faecal-oral"
537563,"nonsevere","ssRNA(+)","sustained human-to-human","gastrointestinal","faecal-oral"
537566,"nonsevere","ssRNA(+)","sustained human-to-human","gastrointestinal","faecal-oral"
537573,"nonsevere","ssRNA(+)","sustained human-to-human","gastrointestinal","faecal-oral"
537574,"nonsevere","ssRNA(+)","sustained human-to-human","gastrointestinal","faecal-oral"
537577,"nonsevere","ssRNA(+)","sustained human-to-human","gastrointestinal","faecal-oral"
537578,"nonsevere","ssRNA(+)","sustained human-to-human","gastrointestinal","faecal-oral"
537584,"nonsevere","ssRNA(+)","sustained human-to-human","gastrointestinal","faecal-oral"
537587,"nonsevere","ssRNA(+)","sustained human-to-human","gastrointestinal","faecal-oral"
537588,"nonsevere","ssRNA(+)","sustained human-to-human","gastrointestinal","faecal-oral"
537589,"nonsevere","ssRNA(+)","sustained human-to-human","gastrointestinal","faecal-oral"
537591,"nonsevere","ssRNA(+)","sustained human-to-human","gastrointestinal","faecal-oral"
546680,"nonsevere","ssRNA(+)","sustained human-to-human","gastrointestinal","faecal-oral"
546681,"nonsevere","ssRNA(+)","sustained human-to-human","gastrointestinal","faecal-oral"
546682,"nonsevere","ssRNA(+)","sustained human-to-human","gastrointestinal","faecal-oral"
546683,"nonsevere","ssRNA(+)","sustained human-to-human","gastrointestinal","faecal-oral"
546692,"nonsevere","ssRNA(+)","sustained human-to-human","gastrointestinal","faecal-oral"
546693,"nonsevere","ssRNA(+)","sustained human-to-human","gastrointestinal","faecal-oral"
546694,"nonsevere","ssRNA(+)","sustained human-to-human","gastrointestinal","faecal-oral"
546696,"nonsevere","ssRNA(+)","sustained human-to-human","gastrointestinal","faecal-oral"
546697,"nonsevere","ssRNA(+)","sustained human-to-human","gastrointestinal","faecal-oral"
546698,"nonsevere","ssRNA(+)","sustained human-to-human","gastrointestinal","faecal-oral"
546700,"nonsevere","ssRNA(+)","sustained human-to-human","gastrointestinal","faecal-oral"
546701,"nonsevere","ssRNA(+)","sustained human-to-human","gastrointestinal","faecal-oral"
546702,"nonsevere","ssRNA(+)","sustained human-to-human","gastrointestinal","faecal-oral"
546711,"nonsevere","ssRNA(+)","sustained human-to-human","gastrointestinal","faecal-oral"
546714,"nonsevere","ssRNA(+)","sustained human-to-human","gastrointestinal","faecal-oral"
546715,"nonsevere","ssRNA(+)","sustained human-to-human","gastrointestinal","faecal-oral"
546722,"nonsevere","ssRNA(+)","sustained human-to-human","gastrointestinal","faecal-oral"
546726,"nonsevere","ssRNA(+)","sustained human-to-human","gastrointestinal","faecal-oral"
546727,"nonsevere","ssRNA(+)","sustained human-to-human","gastrointestinal","faecal-oral"
546728,"nonsevere","ssRNA(+)","sustained human-to-human","gastrointestinal","faecal-oral"
586421,"nonsevere","ssRNA(+)","sustained human-to-human","gastrointestinal","faecal-oral"
611726,"nonsevere","ssRNA(+)","sustained human-to-human","gastrointestinal","faecal-oral"
611728,"nonsevere","ssRNA(+)","sustained human-to-human","gastrointestinal","faecal-oral"
611734,"nonsevere","ssRNA(+)","sustained human-to-human","gastrointestinal","faecal-oral"
611737,"nonsevere","ssRNA(+)","sustained human-to-human","gastrointestinal","faecal-oral"
611738,"nonsevere","ssRNA(+)","sustained human-to-human","gastrointestinal","faecal-oral"
611739,"nonsevere","ssRNA(+)","sustained human-to-human","gastrointestinal","faecal-oral"
611740,"nonsevere","ssRNA(+)","sustained human-to-human","gastrointestinal","faecal-oral"
611741,"nonsevere","ssRNA(+)","sustained human-to-human","gastrointestinal","faecal-oral"
611757,"nonsevere","ssRNA(+)","sustained human-to-human","gastrointestinal","faecal-oral"
611758,"nonsevere","ssRNA(+)","sustained human-to-human","gastrointestinal","faecal-oral"
611759,"nonsevere","ssRNA(+)","sustained human-to-human","gastrointestinal","faecal-oral"
611761,"nonsevere","ssRNA(+)","sustained human-to-human","gastrointestinal","faecal-oral"
611762,"nonsevere","ssRNA(+)","sustained human-to-human","gastrointestinal","faecal-oral"
611763,"nonsevere","ssRNA(+)","sustained human-to-human","gastrointestinal","faecal-oral"
611764,"nonsevere","ssRNA(+)","sustained human-to-human","gastrointestinal","faecal-oral"
630716,"nonsevere","ssRNA(+)","sustained human-to-human","gastrointestinal","faecal-oral"
630718,"nonsevere","ssRNA(+)","sustained human-to-human","gastrointestinal","faecal-oral"
64318,"nonsevere","ssRNA(+)","sustained human-to-human","gastrointestinal","faecal-oral"
647367,"nonsevere","ssRNA(+)","sustained human-to-human","gastrointestinal","faecal-oral"
647369,"nonsevere","ssRNA(+)","sustained human-to-human","gastrointestinal","faecal-oral"
647372,"nonsevere","ssRNA(+)","sustained human-to-human","gastrointestinal","faecal-oral"
647374,"nonsevere","ssRNA(+)","sustained human-to-human","gastrointestinal","faecal-oral"
659265,"nonsevere","ssRNA(+)","sustained human-to-human","gastrointestinal","faecal-oral"
682383,"nonsevere","ssRNA(+)","sustained human-to-human","gastrointestinal","faecal-oral"
682384,"nonsevere","ssRNA(+)","sustained human-to-human","gastrointestinal","faecal-oral"
688450,"nonsevere","ssRNA(+)","sustained human-to-human","gastrointestinal","faecal-oral"
688451,"nonsevere","ssRNA(+)","sustained human-to-human","gastrointestinal","faecal-oral"
688452,"nonsevere","ssRNA(+)","sustained human-to-human","gastrointestinal","faecal-oral"
688453,"nonsevere","ssRNA(+)","sustained human-to-human","gastrointestinal","faecal-oral"
688454,"nonsevere","ssRNA(+)","sustained human-to-human","gastrointestinal","faecal-oral"
688457,"nonsevere","ssRNA(+)","sustained human-to-human","gastrointestinal","faecal-oral"
688458,"nonsevere","ssRNA(+)","sustained human-to-human","gastrointestinal","faecal-oral"
688459,"nonsevere","ssRNA(+)","sustained human-to-human","gastrointestinal","faecal-oral"
688461,"nonsevere","ssRNA(+)","sustained human-to-human","gastrointestinal","faecal-oral"
688462,"nonsevere","ssRNA(+)","sustained human-to-human","gastrointestinal","faecal-oral"
688463,"nonsevere","ssRNA(+)","sustained human-to-human","gastrointestinal","faecal-oral"
688464,"nonsevere","ssRNA(+)","sustained human-to-human","gastrointestinal","faecal-oral"
688465,"nonsevere","ssRNA(+)","sustained human-to-human","gastrointestinal","faecal-oral"
688466,"nonsevere","ssRNA(+)","sustained human-to-human","gastrointestinal","faecal-oral"
741957,"nonsevere","ssRNA(+)","sustained human-to-human","gastrointestinal","faecal-oral"
741958,"nonsevere","ssRNA(+)","sustained human-to-human","gastrointestinal","faecal-oral"
741959,"nonsevere","ssRNA(+)","sustained human-to-human","gastrointestinal","faecal-oral"
741960,"nonsevere","ssRNA(+)","sustained human-to-human","gastrointestinal","faecal-oral"
764239,"nonsevere","ssRNA(+)","sustained human-to-human","gastrointestinal","faecal-oral"
764243,"nonsevere","ssRNA(+)","sustained human-to-human","gastrointestinal","faecal-oral"
764266,"nonsevere","ssRNA(+)","sustained human-to-human","gastrointestinal","faecal-oral"
764267,"nonsevere","ssRNA(+)","sustained human-to-human","gastrointestinal","faecal-oral"
764268,"nonsevere","ssRNA(+)","sustained human-to-human","gastrointestinal","faecal-oral"
858567,"nonsevere","ssRNA(+)","sustained human-to-human","gastrointestinal","faecal-oral"
858568,"nonsevere","ssRNA(+)","sustained human-to-human","gastrointestinal","faecal-oral"
858569,"nonsevere","ssRNA(+)","sustained human-to-human","gastrointestinal","faecal-oral"
858571,"nonsevere","ssRNA(+)","sustained human-to-human","gastrointestinal","faecal-oral"
858573,"nonsevere","ssRNA(+)","sustained human-to-human","gastrointestinal","faecal-oral"
862167,"nonsevere","dsRNA","sustained human-to-human","gastrointestinal","faecal-oral"
862168,"nonsevere","dsRNA","sustained human-to-human","gastrointestinal","faecal-oral"
862169,"nonsevere","dsRNA","sustained human-to-human","gastrointestinal","faecal-oral"
862170,"nonsevere","dsRNA","sustained human-to-human","gastrointestinal","faecal-oral"
862171,"nonsevere","dsRNA","sustained human-to-human","gastrointestinal","faecal-oral"
862172,"nonsevere","dsRNA","sustained human-to-human","gastrointestinal","faecal-oral"
862173,"nonsevere","dsRNA","sustained human-to-human","gastrointestinal","faecal-oral"
862174,"nonsevere","dsRNA","sustained human-to-human","gastrointestinal","faecal-oral"
862175,"nonsevere","dsRNA","sustained human-to-human","gastrointestinal","faecal-oral"
862176,"nonsevere","dsRNA","sustained human-to-human","gastrointestinal","faecal-oral"
862177,"nonsevere","dsRNA","sustained human-to-human","gastrointestinal","faecal-oral"
862178,"nonsevere","dsRNA","sustained human-to-human","gastrointestinal","faecal-oral"
862179,"nonsevere","dsRNA","sustained human-to-human","gastrointestinal","faecal-oral"
862180,"nonsevere","dsRNA","sustained human-to-human","gastrointestinal","faecal-oral"
862181,"nonsevere","dsRNA","sustained human-to-human","gastrointestinal","faecal-oral"
862182,"nonsevere","dsRNA","sustained human-to-human","gastrointestinal","faecal-oral"
862183,"nonsevere","dsRNA","sustained human-to-human","gastrointestinal","faecal-oral"
864560,"nonsevere","ssRNA(+)","sustained human-to-human","gastrointestinal","faecal-oral"
864623,"nonsevere","dsRNA","sustained human-to-human","gastrointestinal","faecal-oral"
864624,"nonsevere","dsRNA","sustained human-to-human","gastrointestinal","faecal-oral"
87786,"nonsevere","ssRNA-RT","sustained human-to-human","gastrointestinal","faecal-oral"
934413,"nonsevere","ssRNA(-)","sustained human-to-human","gastrointestinal","faecal-oral"
937784,"nonsevere","ssRNA(-)","sustained human-to-human","other","respiratory"
941285,"nonsevere","ssRNA(+)","sustained human-to-human","gastrointestinal","faecal-oral"
941293,"nonsevere","ssRNA(+)","sustained human-to-human","gastrointestinal","faecal-oral"
941305,"nonsevere","ssRNA(+)","sustained human-to-human","gastrointestinal","faecal-oral"
941317,"nonsevere","ssRNA(+)","sustained human-to-human","gastrointestinal","faecal-oral"
999535,"nonsevere","ssRNA(-/+)","sustained human-to-human","gastrointestinal","faecal-oral"
