unid,shap_value
P15880,0.003948031172567642
P0CG47,0.0035866751137866863
P68431,0.003139087876911302
P62330,0.0026922676649905925
P13639,0.002674589483196995
P60709,0.0026604400167573234
P51668,0.002486004768138921
P68104,0.002453692584988601
P12004,0.002443893269411777
Q15691,0.0023001921229466363
P62750,0.002244743038941148
P10809,0.0022445761197805373
P07437,0.002194550688493509
Q05639,0.002119344642622935
P68133,0.002101272592050158
P62841,0.0020814283085266432
P62736,0.002025004787663187
O60832,0.001971201260963622
P62987,0.0019560129521976363
P62263,0.0019523988705984013
P62714,0.001924793206148063
P55036,0.001916771837313114
Q96CW1,0.0019073470273859741
P40926,0.0018715278649408034
P09651,0.0018518043481584175
P62805,0.0018402665405852154
O15379,0.0018234653528679079
P62140,0.0017963915403856221
P61326,0.001782477052443527
P39023,0.0017624262554820469
P43686,0.00173821598130894
P62136,0.0017228821434209498
P63244,0.001704526473835241
P32969,0.001696369296377966
P60842,0.0016820589552845153
P62851,0.0016477643624278559
P35268,0.0016040753071336592
Q16695,0.001601469148172901
P62424,0.0015911247000146118
Q99832,0.001588961079010883
P38919,0.001587716437356824
O75533,0.0015685761578876477
P49841,0.0015599321054819168
P04908,0.001549557583738172
Q562R1,0.0015415323236134238
P62269,0.001541241327550764
P62244,0.0015340851130542063
P30050,0.001529258444853695
P06753,0.001529047045933793
Q93009,0.0015153305155867819
P35637,0.0015123218529835558
P63208,0.0015055495057458457
P22087,0.001503834557243707
P62753,0.0015034946202542138
P48643,0.0015032570704987189
P62888,0.0014994203487171702
P28482,0.0014928829367719747
P17987,0.001489997354461113
P0CG48,0.0014819871358394074
P40227,0.0014788519858795189
P15531,0.0014755818839978616
P08708,0.0014651310604632838
P67775,0.0014577923229512702
P0C0S8,0.001443194812552671
Q09028,0.0014372393109525288
P62906,0.001435050444268378
P51148,0.0014270301595548278
Q16777,0.0014239164559214721
P62701,0.001401924561358425
Q9NR56,0.001401641218862683
P05141,0.001400263089674841
P05388,0.0013970084170527497
P62879,0.001381066657789598
P14625,0.0013804930936506198
P62847,0.0013764458132583329
P30153,0.0013753831935013822
P38646,0.00136097980599438
P62081,0.0013558219937450941
P62899,0.001354874335465798
Q96A72,0.001348630802815152
P17980,0.001347294780725399
P25705,0.0013350506050841494
P63167,0.0013318556649389618
P16401,0.0013286720186413583
P23258,0.0013275050976970981
P52292,0.0013268586149649828
P62837,0.0013268258525869572
P08670,0.0013261602962424282
P46781,0.0013253436001297828
P63165,0.001325293374486546
Q13310,0.0013211873395077291
Q9BVA1,0.001319096142122601
Q71DI3,0.001318233153399003
P23396,0.001309174117154199
P20339,0.001306926990682515
P24941,0.0013047476286734408
Q12824,0.0012995355940175438
P61019,0.0012901065192051251
P62195,0.0012871196554964598
Q8WWY3,0.0012813262380025258
Q9Y230,0.001281156972669078
P01112,0.0012787476507580989
P35998,0.0012785954581030071
P67870,0.001270626358757349
Q13618,0.0012705571035039837
O60506,0.001267876552673885
P62491,0.001267837104356533
P62241,0.001267000601624744
P62277,0.0012619427969160118
P20226,0.001261103143616834
P18621,0.001260232170070609
P21796,0.0012570723054037818
P06493,0.001252527735186276
Q92793,0.001248485821759463
P62979,0.0012443350171150538
Q9Y3D6,0.001243909135348556
O95166,0.0012434733536101509
P61964,0.001236411182742285
P49368,0.001234313268551482
P78371,0.0012291241275329747
O00487,0.001228937713564966
P27635,0.0012164466465369819
P60866,0.0012161873554920471
P11940,0.001212588796896463
P62258,0.001212324902403568
P08865,0.0012090719186835619
P09429,0.0012055063321945699
O75955,0.0012039042240200842
P04406,0.0012000068385000621
P68363,0.0011959427621803071
Q8IUE6,0.001195069575907938
Q14103,0.0011932862103034283
O00231,0.001182516481286505
Q13885,0.0011776407964651473
P62913,0.001176311690652742
P01111,0.0011719917145061281
P12236,0.001169752405099359
P22626,0.001168036172985983
P62873,0.001164336266867068
P36873,0.001164103259736276
P35221,0.0011468781052189
Q6P2Q9,0.0011439297872740382
P51991,0.001141624555782081
Q9Y265,0.0011408273223220001
P62826,0.001136898209126971
Q16666,0.0011363145013200291
P68400,0.001136253363431822
P27105,0.001131174325718614
Q14974,0.001130497114725833
P46777,0.0011297658864331199
Q9UKV8,0.0011295191703161761
O14980,0.001126681848534024
P36578,0.001126411320233845
P08238,0.0011254243352106712
Q15843,0.001123426332362489
Q13616,0.001122506450587808
Q969Q0,0.00112216559576886
P14923,0.0011089409179702578
P63279,0.0011079163116548539
Q09161,0.001106778370934211
P17612,0.001098089455736162
P05023,0.001096425341176628
P50991,0.001093398889086963
P26373,0.001092732819212346
P56537,0.0010919038045267748
Q00610,0.0010884278356055842
P07900,0.001087521489382622
P0C0S5,0.001080823189417464
O94973,0.0010805860383909592
Q16576,0.0010805609903278759
P63000,0.001080241801336239
P27797,0.001075732378324037
P35232,0.001075491099892463
Q15717,0.0010683516073195269
Q9H0R8,0.0010659303674197989
Q92905,0.001062439464177895
Q13619,0.001060594956745613
P61077,0.00106055598605827
P27361,0.0010555259237974679
P62829,0.0010542949024360928
P62910,0.0010538022933515537
O00629,0.0010520508006098919
Q13200,0.0010496228406371361
Q9UKE5,0.00104906958683152
P62306,0.0010490384091321231
P06241,0.0010482074870523928
P23284,0.001047773000164149
P61586,0.001043497663244635
P06576,0.0010419371534686709
P55072,0.0010347795066160648
Q13838,0.001033592043107194
P10412,0.001031871631778666
P34931,0.001030301918435109
Q96FJ2,0.0010302972024787082
P07196,0.0010282827821250851
O43390,0.001025472319593681
P84098,0.0010226154729199419
P62937,0.0010213285449239711
P31749,0.0010199095062446539
P62877,0.001019785438028001
Q9Y3U8,0.001017351302747627
Q9P0L0,0.001015622470008123
P49674,0.001015546746161121
Q99623,0.001015480234017017
P47755,0.0010150706023246258
P05387,0.001012437058745986
P52294,0.001008326954448964
P54652,0.001008261774314636
P11021,0.001007601193501215
P02545,0.001007447873641026
P14618,0.0010058394828192177
P62993,0.000999593904325362
P42566,0.0009994748428805121
P61201,0.0009981700701122448
Q9UMX0,0.0009978860064865818
P0DMV8,0.0009970010698382632
P05386,0.0009957280021502509
Q9UMR2,0.0009955426391065499
P63010,0.000993940532757431
Q14192,0.0009904447989975119
P62316,0.000989557013867043
P62333,0.000989182382386263
P35222,0.000988887783305067
P62191,0.0009888291030187308
P49736,0.0009879559275585879
Q00005,0.000987209057850859
P06733,0.0009867124500162721
Q3ZCM7,0.000978583323433536
P61088,0.000977072789134753
Q93079,0.0009762978265903953
P22392,0.000971914508226398
P62854,0.0009714890148058131
P34897,0.000969641510100798
P07237,0.000967333151679774
Q13813,0.000966052643279549
Q04917,0.000965801390166236
P61978,0.000965525432403145
Q86VP6,0.0009640327367186722
P04350,0.000963991751590683
Q01105,0.000960814986831062
P62249,0.0009575500603937921
P31947,0.000955111408570597
P19784,0.0009542920180899098
P14136,0.000952660456422438
P04271,0.0009519713442551033
Q9UQM7,0.0009506095876516421
Q13620,0.0009464269060560399
P12814,0.0009423235749934619
Q12874,0.0009384240937152948
O15371,0.0009378164895284772
P47756,0.0009369676875677059
O75643,0.0009364188503403659
P16220,0.000931515255156377
Q13243,0.00092728685195232
P45880,0.000926951813075967
Q99460,0.0009265510660456759
Q13257,0.0009257293264869669
P25815,0.000925121698487429
P11908,0.0009248810805955759
Q16623,0.000924401302382582
P31946,0.0009227005092652869
P62807,0.000921337852341799
Q09472,0.000919205818529791
P63261,0.0009179737284237669
Q13547,0.0009151459068844982
P33992,0.000915109625009521
P61956,0.00091476008792967
Q9BXS5,0.0009140193497374099
P45984,0.000912262331859226
O76011,0.000912108993583049
Q00325,0.0009119754340307398
O60216,0.000911598972331662
Q96J02,0.0009078277992275409
Q13557,0.00090491594829995
P84022,0.00090481501753951
P09493,0.000900086747945216
Q13043,0.000899521334677997
P67809,0.0008983550919864661
Q9NVI7,0.0008981612593918479
Q9UNX3,0.0008961432173185988
P54646,0.0008924722334264567
P27824,0.0008913928504592379
Q15393,0.0008909260594590619
P61513,0.0008903361380786359
P07951,0.0008902856907592069
P08579,0.000889856045438386
Q15323,0.00088908422680265
P19387,0.000889070047818811
P61353,0.0008883109949302299
P61006,0.0008875968343845189
P26367,0.0008862225912297028
P31943,0.0008845411146112701
P27482,0.0008842012776860798
P14678,0.000880545768931186
Q07020,0.0008800163468665602
P11142,0.0008779413303257709
Q16531,0.000876110592245908
P48729,0.0008736916407209601
P13637,0.0008736650833507322
P68032,0.0008731088919343526
Q5T9A4,0.0008695704801329079
Q16539,0.0008690559728710029
P62820,0.000868459070766087
Q99816,0.0008673983990299728
P50570,0.00086467625195925
Q9UQE7,0.00086115980969248
O60739,0.0008610365805851071
P46782,0.0008591009719754901
P36542,0.0008589651529452
P31689,0.00085599759330982
Q71U36,0.0008530587876994309
P17844,0.0008508401624727339
P68366,0.0008507641864377351
P32121,0.000849854481558161
Q9NRD5,0.000848682723263192
P01116,0.0008474024002647699
Q96GM5,0.0008473404236011689
O14641,0.000841502810731309
Q14204,0.000840082776073539
Q99471,0.0008391719313843732
P48730,0.0008378712485364121
P42766,0.000834760299752312
Q13617,0.0008342209538289291
P12931,0.0008323397091215249
P26196,0.0008314672277903089
P17252,0.0008298402559430091
P63104,0.0008286819442320901
P51532,0.000828509207160283
Q7Z3S9,0.0008280140591070936
P0DP23,0.0008276889439521809
P32119,0.000827659946256578
P68371,0.0008267465270224859
Q15796,0.000824578597177097
P62318,0.0008244454122331719
P13010,0.0008231353520242456
P61244,0.0008228680030190119
P05783,0.0008227219093901321
P33993,0.0008179382925415808
Q12905,0.0008175650775732621
P26368,0.0008171829825614748
P61254,0.0008161781656927411
P62314,0.000815880726662445
Q9BQE3,0.0008157247925802372
P61981,0.0008152705505993861
P15311,0.0008149803895447851
Q96PU5,0.0008125064317941259
Q13404,0.0008117470189865201
P16234,0.0008112683183473339
O60884,0.00081067137530405
Q02543,0.0008082654994431279
Q92841,0.0008080278697732941
Q15185,0.000807105922383703
P52298,0.000806115158032623
P52597,0.0008054669675358539
P16104,0.000804547653020914
P60891,0.0008043660473687779
P61313,0.0008033019151884918
O75439,0.0008025410208259379
P34932,0.0008021123845515783
Q9Y371,0.0008015196125769338
P21333,0.0008011346059702929
Q9UHD9,0.0008010245079480829
P39019,0.0008004517050275629
P61247,0.0007981698369518511
Q92769,0.0007963424564152101
O95292,0.0007961666971404189
P49407,0.0007960615092272591
P02792,0.00079601624205285
P35579,0.0007937980465913172
Q16778,0.0007924260757238401
P07947,0.000788560956614661
P53618,0.000786119177693501
Q9UL18,0.000784620454803676
Q14683,0.000784325596516597
P04792,0.0007812429793671949
Q13153,0.0007809665660517958
O43865,0.0007803118172569188
O00571,0.000777841193040571
P46776,0.000777442077681215
P62280,0.0007737352933033681
P36957,0.000770372021479442
P27348,0.0007695206052741887
O60333,0.0007688535354960587
P04843,0.0007682588728988569
Q9UQ80,0.000767350325841951
P07355,0.000766300521652791
Q13485,0.0007655485137469921
P33176,0.0007653596800093511
Q13555,0.0007651210445803121
P60953,0.0007647154585625892
P99999,0.0007603305839536529
P22314,0.0007587729106048319
P51665,0.0007580213027946821
P62266,0.000757833136842022
O14964,0.0007564690812803459
O00429,0.0007560775683634141
Q99873,0.0007547592657765763
Q9BZE4,0.0007538711294924689
P62304,0.000753221343655034
Q93034,0.000752317879158924
P30154,0.000752161463332713
Q05086,0.000751055076007721
P10644,0.000750032074191354
P46783,0.0007497149926728022
Q12906,0.000746359338755083
P62917,0.0007450148644887589
P61289,0.0007425107294802589
Q15365,0.0007399144035477219
P55209,0.0007379025453956171
Q99459,0.0007377050196568559
P52907,0.000737522686999403
Q13363,0.0007358875400492411
Q9NYB9,0.0007356412072310732
Q10567,0.0007349803055110321
Q9UHX1,0.000734695200589497
P60900,0.0007342284582055911
Q13509,0.0007328080808707921
P49336,0.0007317230873182179
Q15233,0.000730849614386404
O75396,0.000730587202385237
O43707,0.000729231917039422
P63173,0.0007288362462304671
O00308,0.000727616117713297
P42224,0.0007263627531230673
O43143,0.0007231005713086719
O00425,0.0007226436555538548
P24928,0.000722385694362937
P02787,0.0007220931174367191
P08631,0.000720088703818171
Q13148,0.0007186951989719512
P20700,0.0007183821330566571
Q9UMS4,0.0007092451135874429
Q9Y5K5,0.0007090899581707418
P40763,0.000707926873032998
Q99613,0.0007061613349510831
P55769,0.000705760628110844
P19388,0.0007050651717302959
Q6A162,0.000704556651563083
P30876,0.000704531630348777
P51149,0.000703450682070813
Q7L5N1,0.0006998621800760718
P40429,0.0006987395428269437
Q96QK1,0.0006976924427715969
Q14254,0.0006945296495407781
P18124,0.0006940536853981259
P61221,0.0006916049234313332
O00560,0.0006913513324763401
P17066,0.0006891653936127248
P54725,0.0006871769255000741
Q08AM6,0.000686898655874583
O95782,0.000682743542839395
Q06830,0.0006818174220839411
O95433,0.000681770461545667
O75390,0.000680921021784598
P19338,0.0006800257352793031
Q7Z3Y8,0.0006799066772905929
Q9UHD2,0.0006798427209754659
Q06124,0.0006794530797681699
Q16543,0.0006793536757256571
P60228,0.0006790196409331749
Q00341,0.0006788631570865179
P41227,0.0006787159894207045
O95758,0.0006783248348724301
Q14203,0.000678210887012593
Q99496,0.0006779845320553279
P51114,0.00067684076081537
Q8N5H7,0.0006752804076768793
Q6P1J9,0.0006749639163887189
Q9P2P5,0.0006742806315801527
P35609,0.0006704950740063399
P14866,0.0006691960607933851
Q13283,0.0006688025903578099
P04637,0.000666681765145983
P19012,0.000666648367752262
Q07955,0.000666429804853221
P23528,0.0006660776077920049
Q9Y2M5,0.0006657092585979459
P50458,0.0006653170610437207
Q96ST3,0.000663968275656889
P18077,0.0006623089794969259
O95619,0.0006609411113863221
Q04724,0.0006603736489449649
O60264,0.00065988775052091
Q08945,0.000658417414722812
O75190,0.0006572943486532088
P42677,0.0006571038318299628
P45983,0.000656421767033826
Q01081,0.000656283348276821
P06702,0.000656246841825308
Q9HCE7,0.000655546378630815
P46531,0.0006553288662215527
Q06609,0.000654195636412896
P05771,0.0006536892169261171
P40692,0.0006532180637565531
Q8WUM4,0.0006531714818357651
Q9Y282,0.0006530297477407791
Q12933,0.0006513796261398062
O00422,0.0006508703688512713
P27986,0.0006471222861908861
Q96LR5,0.0006455403852866432
Q9C0B0,0.0006448399832802306
Q12926,0.0006426158502503699
P05556,0.0006397884357933001
P30101,0.000639416869607497
P23508,0.0006392867511505631
Q05513,0.00063864855386803
O75569,0.0006370480637605829
P78352,0.0006369053556223329
Q92997,0.0006367656473414339
Q92900,0.0006367414828920709
Q969Q1,0.0006362449699706809
Q92526,0.000634700171021155
P19838,0.0006344350936023869
P50990,0.000633942261857213
Q12959,0.000633652077925793
Q96GG9,0.0006318613769995789
Q9Y2X3,0.000631375395521223
P25685,0.0006300878552962221
P25786,0.0006286577914771111
P25788,0.0006286325265037419
P46459,0.0006269326313784042
Q9NS69,0.0006258272137971922
P84243,0.0006242795515472269
P53621,0.0006241295554728051
P43005,0.0006239432307072874
Q9Y4E8,0.0006234298917203019
Q01844,0.0006227679732739931
P25205,0.000622160781240199
P46940,0.000618791800648133
P38606,0.000616910178123665
Q9BUJ2,0.000615766564410046
Q86V81,0.000614866603211245
P61927,0.000614268843187577
Q99963,0.0006139449086767701
O95678,0.0006137905627138841
Q15436,0.000610718189331433
P25398,0.0006092378380007169
Q13185,0.0006090364403409811
P53675,0.0006080476793413601
Q9H492,0.0006064832095438983
Q13492,0.0006062294281039739
Q9Y5B9,0.0006043380522020421
P17931,0.000602040843635522
P46199,0.0006013208448985109
P51531,0.000600957583595719
P05067,0.0005971512810149871
P19174,0.0005966777418998401
Q9GZQ8,0.000596345844066189
P26038,0.000594996773836863
Q9NPJ6,0.000594013591975119
P29034,0.000593214290788449
Q00535,0.0005910602813418129
Q15910,0.0005905805496064491
A2A3N6,0.000589977670011992
P33991,0.0005895734438602629
P35240,0.000588304234154543
P09661,0.0005878308761152061
O15294,0.000587663533707421
P55060,0.000587206379744393
Q00403,0.0005869224364564569
O14818,0.000585998202795425
Q9Y6M1,0.0005855796143057625
Q9NZI8,0.000584749699919256
P60484,0.0005837955162407076
Q8TAQ2,0.000583554536268193
P02751,0.0005828382368026972
P12830,0.0005826487117289183
Q14315,0.000582498393050499
P06748,0.000582177859686087
P46778,0.0005819934288527318
P63241,0.0005799330063820241
P25789,0.0005790598356720764
Q06787,0.000578684692248712
Q14839,0.000578124842670499
P21281,0.0005773051087643562
Q15628,0.0005758666410894245
P06703,0.0005739309588471501
P60174,0.0005735098289089975
Q00839,0.0005731729777988031
Q08117,0.0005714429443432879
Q9BZF1,0.0005710208686980813
P26641,0.000569369246986832
O15160,0.0005686812213825931
Q9H0A0,0.000568647435306051
P28347,0.000567795931008295
Q13601,0.000567569955383752
O00410,0.000566666554670767
P11171,0.000566508133915922
Q9H8Y8,0.0005657087322669043
P42345,0.000565095289227231
P07948,0.000564989291214692
Q9Y490,0.000564981434372926
P00519,0.000563901768114108
Q05397,0.000563824570384804
O00567,0.000563592162755952
Q15836,0.000562131229844408
Q92630,0.0005613738530647779
P62487,0.0005602685397637821
P53350,0.000559711962702223
P84077,0.000558580552226899
P16333,0.00055826174758725
Q969G3,0.0005576350364725301
Q9UBU8,0.0005561479390943041
P10599,0.000554770145176613
P27449,0.000551351304658784
P08047,0.0005504725513380121
Q99729,0.000548681215053045
O43765,0.000548103382486781
Q9NR30,0.000545912723724008
Q8TB24,0.0005447211932059663
P12956,0.0005435959215831858
P41743,0.000543072825996804
Q14457,0.00054263040201235
Q8IY31,0.0005413091971893024
Q13177,0.000540449093630808
P16403,0.0005398759911310829
Q9NYL9,0.0005388459490951691
P55795,0.000538349827887194
P13804,0.0005377457051526511
P15336,0.000537208663831801
Q9Y2H1,0.000536995223866052
Q9H0M0,0.0005345989867497546
Q6IQ23,0.0005345497457426737
Q13895,0.0005325592737814939
Q14318,0.000531241201088239
Q9NQC7,0.0005279029864732009
Q9HCM4,0.0005267774983136
P31948,0.0005264290546559469
P61962,0.0005256888116781097
P37231,0.0005254541756495311
Q8IXI1,0.0005253642756876971
Q04206,0.000524678652588155
P26599,0.0005233111412927681
Q53G59,0.0005230139035888728
O14519,0.0005218691733504399
Q9Y277,0.0005202084501909874
P09012,0.0005201262869024206
O75400,0.0005185513622009551
P60520,0.0005184911390565831
P27694,0.0005181886472331715
Q15029,0.0005178704420824641
P51116,0.000515479835502853
Q15428,0.0005153585857856501
P63220,0.0005153310824882899
Q13625,0.0005143723890940075
Q02930,0.0005136447983405285
Q9BVL2,0.0005131179480276286
P04049,0.000512751000957228
O43741,0.0005125633977005584
P50750,0.000510492719363922
Q92569,0.000509653451188914
Q01082,0.000509190172391142
O00267,0.000508923755581984
O60573,0.000504469817471584
P49411,0.0005039027564489669
O00141,0.000502958243271558
P11387,0.000502862446727032
O95600,0.0005020338735256249
Q06330,0.000500753886668128
P22735,0.0004993836512925628
Q93084,0.0004984952173727439
Q13573,0.0004970673210840019
P46108,0.000496618453213284
P57721,0.0004963644342088819
Q5VYK3,0.00049611294683973
Q15797,0.0004958436749085801
P06239,0.0004937977770411592
Q92616,0.0004917332943816679
Q9UHV9,0.0004906908431225671
O75934,0.0004901073262006089
P05198,0.0004889077014266
P36776,0.000487259021632382
Q15560,0.0004858402970699444
P46779,0.0004838328774896072
Q16891,0.00048184851070562454
Q13435,0.00048012935203186225
Q14566,0.000479984279237778
Q96FV9,0.000479293727683808
P29350,0.00047922381282492307
P21860,0.00047767629266352716
Q02750,0.0004770992190661994
Q14847,0.0004770776252248599
P04075,0.0004752220969269949
P02794,0.00047388389514218984
Q04721,0.0004725500411848188
Q15459,0.0004724917034112025
O15155,0.0004719957107341089
Q9UJZ1,0.00047189182257760374
Q49AN0,0.0004714849714314789
P19447,0.0004714614258821859
P04626,0.0004697576637235577
Q93008,0.0004688238481599043
P28066,0.00046443644585217195
Q92993,0.00046388162889672807
P12235,0.00046372870402884895
P31321,0.00046333894765354254
P04083,0.000462714534701651
Q12800,0.00046232103427828206
O95983,0.0004619492254112043
Q15637,0.00046137469420342344
Q9NQG5,0.0004602155407487139
Q15907,0.0004599272384926806
O95793,0.000459135646038864
O75478,0.0004580560385653703
O95425,0.0004580072240533678
Q9GZM8,0.0004577312548957413
P15498,0.00045734683233376443
P61086,0.00045566139323694117
P20936,0.000454147509219827
Q08211,0.00045399015150371
P56545,0.00045391301375811386
P49768,0.00045352962011606233
P00533,0.0004535098343599676
Q14164,0.00045228617574978694
P22681,0.00045172316010976004
P36507,0.00045138890042326687
Q8WXH2,0.0004511317544854659
O14967,0.000450807125135838
Q07817,0.0004507844658334549
Q92922,0.0004499797138311276
P10515,0.00044844679266914486
Q9NR12,0.0004481479750076744
Q9UQL6,0.00044645488557036497
O14744,0.0004439940920182362
Q01814,0.00044208453684419733
Q16526,0.0004413618852502755
P35226,0.0004407441872861215
Q9NZC7,0.0004404026160073147
Q01167,0.00043952215339525724
Q96SB4,0.00043814972348602183
P49023,0.00043781371893915393
P45973,0.0004353415034341134
Q9BZB8,0.0004353153669826938
P46937,0.00043528441533666
P61968,0.0004350291691494161
P68036,0.0004336487567386611
Q63ZY3,0.00043352544061065097
Q9H3D4,0.0004328390770760906
P83731,0.000431823001216865
O15400,0.00043077451425980995
O00232,0.0004304492099650006
Q04637,0.0004302563265613165
Q16659,0.000429574631167125
P05412,0.00042944028755362496
Q15366,0.00042924528443191273
Q9HCE5,0.0004290531054153217
Q14498,0.00042845127022720226
P46934,0.0004279102070033982
Q5SW79,0.00042760682846540584
P28799,0.0004253315754241861
Q9Y5S9,0.0004250614835275047
Q13188,0.00042449355164112266
Q8NFA0,0.0004239172121425687
Q9UGI0,0.00042314004068763606
P98172,0.000421906535944052
P58340,0.0004215561356467875
P62857,0.000421488910779592
P09874,0.00042116702190107006
O94906,0.00042101787916770753
O00148,0.0004209895811426916
Q9UBU9,0.0004206900153161703
P50613,0.00042024648411178396
P49792,0.00041937449555384413
Q68CZ1,0.00041880925473250556
O60271,0.0004173753126895901
Q15418,0.00041737334958898587
Q8NHY2,0.0004168031569510227
P61421,0.00041620412891696205
P63162,0.0004161055962981863
O43395,0.0004161054336098199
Q03135,0.00041602364251501505
P04899,0.0004158445562941603
Q96A08,0.00041524646240188363
O00505,0.00041494217395130845
Q14145,0.00041379079800287844
Q16512,0.00041377813661583557
Q9UNS2,0.0004123056385849828
Q9BVG8,0.0004121603141628251
P09622,0.00041165696653909436
O95816,0.0004115785829866723
Q8IUQ4,0.0004114006195223309
Q9P289,0.0004113853650996536
P23246,0.0004108284709120279
P29353,0.0004100159679181852
P13693,0.00040957240968109084
P61073,0.0004078250020600092
Q13503,0.00040759844129416295
Q14152,0.00040677692539678006
Q01968,0.0004064835782094368
Q96HA8,0.00040648148528176745
O43242,0.0004054227091484191
A3KMH1,0.00040291153493326684
P07910,0.0004021677506696511
P49815,0.00040175471410826605
P22694,0.0004005230801883839
Q96P16,0.00039999615063760695
P31040,0.00039980696102660807
Q13131,0.0003992736596288796
Q8IZP0,0.0003988895489809514
Q9UPY3,0.0003984888279022039
Q15434,0.00039804326185844297
P40937,0.00039501159061162706
Q00765,0.0003948068556732803
P78563,0.00039380173622384685
Q15008,0.000393461993460169
O43639,0.0003928762632132096
Q9Y6K9,0.00039232373960676
Q9Y4K3,0.00039215043441779895
Q8NHQ1,0.000392073178410826
Q13077,0.00039200825636802295
Q92945,0.00039117161660226225
P51572,0.0003900514818453732
O75746,0.00038998464571311125
O60231,0.0003897204059043035
P19793,0.0003895658975598636
P61601,0.0003895615183911359
Q08379,0.000389477281158494
P78362,0.0003894711893201772
Q8TDX7,0.00038810813812173667
Q9Y2J2,0.00038807240921920235
P00338,0.00038763681393566595
Q00653,0.00038540077126561636
Q04726,0.00038539208742661616
Q8TCJ0,0.0003847654446803706
Q04864,0.0003843267177202773
Q15139,0.0003837997584494679
P37840,0.00038328190350449173
Q9Y2H9,0.0003830390195786988
P00558,0.00038299072600205686
O00159,0.0003828663393137342
Q96LK0,0.0003826338657869146
P62875,0.0003822600830481005
P49756,0.0003820413411896201
O43711,0.0003818932501526781
Q13554,0.00038078371496087776
Q13501,0.0003801388276585506
Q86X55,0.0003793967621238372
Q13098,0.0003790499922109171
P26447,0.00037825186347311204
O14974,0.00037824091029394776
Q9H0E2,0.000377269299158654
Q92734,0.00037673333185002584
P09382,0.00037668156726840556
Q93062,0.00037646518629145295
Q9UBS0,0.000376399902260542
P51451,0.0003761484195323472
O43318,0.00037584595005220024
Q96B97,0.00037583380320595065
Q13643,0.00037491257123046303
Q12873,0.00037324421409298786
O15350,0.0003730279050586611
Q49A26,0.000372880206942365
Q9BUF5,0.00037257111132430436
P58876,0.0003724924856779002
P25787,0.0003722849112898361
P05787,0.00037159375345758634
Q9BXP5,0.00036993917644059196
Q99615,0.0003697188287510655
P36406,0.00036964830444790995
Q14161,0.00036927611359929976
P13612,0.0003676793282742396
Q9ULV4,0.0003675583737061821
Q9HAU4,0.00036634811894085945
Q8N163,0.000365683803118287
O43795,0.00036516467560872285
Q9Y4W6,0.0003641509219483575
P54727,0.0003640314770589442
O00541,0.0003622521394013118
Q9H0C5,0.00036219844284683526
Q02878,0.00036184439828416357
Q5TC82,0.0003617663192945053
P51965,0.00036140873254278795
P08621,0.00036135499592058687
P63151,0.0003611726505277383
Q15047,0.0003611028529859686
Q9H4B7,0.0003590501546327698
O15372,0.00035701383070989247
Q15645,0.0003569546582395899
Q6ZW49,0.00035693540901079535
O15164,0.0003553108058918925
P27708,0.0003552639945649517
Q9BQG0,0.0003552116018097856
Q15006,0.0003552043776553178
Q9NVP1,0.0003545291181360986
Q504Q3,0.00035398322347557034
P61604,0.0003537813607374243
Q14562,0.0003532149071752359
Q9UKB1,0.0003517744473790732
P06400,0.0003511977508185641
Q9UJX2,0.0003505936279892295
P01100,0.00035058062860466276
Q8N2W9,0.0003504997136512551
Q14008,0.0003502776101037855
P07942,0.0003498287407156417
Q9UJV8,0.000349775940318871
Q96TC7,0.00034901238234953
P28331,0.0003483696387048667
Q7Z699,0.0003463551028827788
Q13596,0.00034628376247734934
Q16665,0.0003459360020905535
Q15262,0.0003456388268759868
O96013,0.00034465109263659074
P02768,0.00034463282890852704
Q8N1B4,0.0003439445100970626
Q96BA8,0.0003438371123957075
P55884,0.00034302084634991515
O75925,0.00034299593321781175
Q16643,0.0003406726966012928
P11308,0.00034054969525886404
P43243,0.00034028713313815457
Q8N684,0.0003382684070250862
P21675,0.0003373868893521035
P21127,0.00033629137291279565
Q96FW1,0.0003356468014445067
P11362,0.00033469597299969615
Q66LE6,0.0003344798122174824
Q9Y678,0.00033404284367524273
Q9P2K3,0.0003329031472972337
P07195,0.00033234495540061836
O75928,0.000332253336626057
Q9UBX5,0.00033221777240690503
P46060,0.0003321766859075004
O43251,0.0003316474410858294
Q9UHB6,0.0003297158415165204
O76094,0.0003296690198210306
Q9Y5Y6,0.0003290397722161445
Q15022,0.0003281182746272008
P19525,0.0003277555751542548
Q9HD26,0.000327150489838638
Q9H8W4,0.00032588710249815294
Q99523,0.00032584971589338506
Q9Y2V7,0.00032582968755348786
Q02156,0.0003257686195739386
P12268,0.0003254790910968841
O75604,0.0003251099875861397
P05109,0.0003246198242459224
O95373,0.0003241888012800024
Q9H9B4,0.00032396626366171244
Q16594,0.0003236728370771888
P62633,0.00032282010379999977
O75306,0.00032273705189255245
O75530,0.0003224381687183897
P11498,0.00032224253133687395
Q10713,0.0003217221958753533
P05455,0.000321474770110371
Q13451,0.00032146712092916976
P78406,0.00032122945318463524
Q99714,0.0003208214149110362
P07384,0.0003206337769579462
P00441,0.00032043147973211285
Q9UI12,0.00032010825427992756
O60260,0.00031996133431010353
P20618,0.00031968928941879157
Q92499,0.00031946135520388377
Q92633,0.00031923022773318294
P16615,0.00031873190641162094
Q9Y478,0.0003184973062962164
O00165,0.0003183200366631026
P17174,0.0003178695711815814
Q9UJ41,0.00031725776656057157
O43809,0.0003170246872899121
Q8TAP4,0.000316252058622193
P11388,0.0003159334900907499
Q5BJF6,0.00031571878244299385
P35249,0.0003157126932666962
P54707,0.00031566063798866423
Q9NP66,0.0003153568537268212
P41091,0.00031535408451679846
P32322,0.0003151923705643024
Q15811,0.0003148231087913196
Q01664,0.00031417549249052675
Q13042,0.0003140976879001877
Q92831,0.0003133571044796514
Q8TAP6,0.00031315603696630977
Q13137,0.00031313490280537144
P40337,0.0003124313688274257
Q96CV9,0.0003117594579589378
P55212,0.00031069249944598625
Q16630,0.00031046448773645023
P31151,0.0003102824590010889
Q9UJV3,0.0003101309656691539
O15111,0.00031012008631094824
O43752,0.0003090363874983811
P20020,0.0003080384285908198
Q9UKG1,0.0003070566448245609
Q92830,0.00030693611403810194
Q8WYQ5,0.0003068543490942383
Q8TAF3,0.0003065036976632866
Q9BUZ4,0.0003064917884863923
Q99497,0.0003060408172103633
Q9H1Y0,0.0003056617726494145
P61224,0.00030548337193337185
O60341,0.00030541218047040725
P49848,0.00030492603034204036
Q96RP9,0.00030482070373729156
P56945,0.0003044712848632091
Q13823,0.00030426976073218365
P57078,0.0003041195137994349
Q9UNE7,0.0003038217619309848
Q8NFJ9,0.000303650437372574
