P22455	P22455
O95718	O95718
P84090	P84090
Q9H2C0	Q9H2C0
Q08431	Q08431
P39019	P39019
Q00577	Q00577
Q9Y5Y2	Q9Y5Y2
O75925	O75925
Q9NV56	Q9NV56
Q96T88	Q96T88
P08047	P08047
O95104	O95104
Q9UNM6	Q9UNM6
Q99962	Q99962
P25391	P25391
Q8TEB1	Q8TEB1
P18621	P18621
Q12904	Q12904
Q8IZH2	Q8IZH2
Q9Y2M2	Q9Y2M2
Q14151	Q14151
Q9H6T3	Q9H6T3
Q15562	Q15562
Q14680	Q14680
P41229	P41229
Q13158	Q13158
P43246	P43246
P46779	P46779
P05109	P05109
O75208	O75208
P10244	P10244
Q5TAQ9	Q5TAQ9
Q14186	Q14186
Q9NR31	Q9NR31
P61077	P61077
P61077	P62837
P61077	P51668
P61077	Q9Y2X8
P85037	P85037
Q9Y2H1	Q9Y2H1
Q9Y2H1	Q15208
P42566	P42566
Q9Y3F4	Q9Y3F4
P14635	P14635
P52756	P52756
Q5VYK3	Q5VYK3
Q92734	Q92734
P24534	P24534
Q99497	Q99497
P43243	P43243
Q9NXR8	Q9NXR8
P17706	P17706
Q13363	Q13363
Q13363	P56545
O60343	O60343
P19823	P19823
P27695	P27695
Q15910	Q15910
P27144	P27144
Q8N4V1	Q8N4V1
O95425	O95425
P51572	P51572
Q4G0J3	Q4G0J3
P43897	P43897
Q9H015	Q9H015
Q9UGU5	Q9UGU5
P25787	P25787
P41218	P41218
Q6ZMB5	Q6ZMB5
Q8WUB8	Q8WUB8
Q69YQ0	Q69YQ0
P60660	P60660
Q9HCN4	Q9HCN4
Q12981	Q12981
P61604	P61604
Q96FW1	Q96FW1
Q9H8V3	Q9H8V3
Q15022	Q15022
Q13595	Q13595
Q5BVD1	Q5BVD1
O60749	O60749
P51608	P51608
O95202	O95202
Q9UIH9	Q9UIH9
Q96T76	Q96T76
Q9H4M9	Q9H4M9
Q86X19	Q86X19
Q2TAL8	Q2TAL8
Q8IXM3	Q8IXM3
P35268	P35268
P08069	P08069
Q969U6	Q969U6
O75051	O75051
Q02750	Q02750
Q02750	P36507
Q92621	Q92621
A2A3N6	A2A3N6
P08648	P08648
Q13049	Q13049
Q01968	Q01968
Q8NI36	Q8NI36
Q14289	Q14289
Q9Y6D6	Q9Y6D6
P08708	P08708
Q86Y56	Q86Y56
Q9Y3B4	Q9Y3B4
Q8NHY2	Q8NHY2
Q01085	Q01085
Q96N67	Q96N67
O15078	O15078
P78347	P78347
Q7Z3K3	Q7Z3K3
O00400	O00400
Q15006	Q15006
P60033	P60033
P11388	P11388
Q9Y4X4	Q9Y4X4
Q9UKV5	Q9UKV5
P83916	P83916
Q13509	Q13509
Q13509	Q3ZCM7
Q13509	P68371
Q13509	Q9BVA1
Q13509	Q9H4B7
Q13509	Q9BUF5
Q13509	Q13885
Q13509	P07437
Q13509	P04350
O60506	O60506
O60506	O43390
P49756	P49756
O15381	O15381
Q9Y2R4	Q9Y2R4
Q38SD2	Q38SD2
Q96KP1	Q96KP1
O95786	O95786
P46940	P46940
O95747	O95747
Q96A25	Q96A25
P19022	P19022
P53992	P53992
Q92466	Q92466
Q7Z589	Q7Z589
P43307	P43307
Q13162	Q13162
Q9BX68	Q9BX68
Q96QK1	Q96QK1
P15880	P15880
Q01850	Q01850
P18754	P18754
O95600	O95600
Q9HCE1	Q9HCE1
Q9UH99	Q9UH99
Q12926	Q12926
Q969G3	Q969G3
O75616	O75616
Q8TF65	Q8TF65
P83731	P83731
P07384	P07384
Q99623	Q99623
Q58WW2	Q58WW2
P55268	P55268
O14654	O14654
Q9NX40	Q9NX40
Q8IXJ6	Q8IXJ6
P62258	P62258
Q14108	Q14108
Q9UBT2	Q9UBT2
Q05397	Q05397
P03372	P03372
Q9H6H4	Q9H6H4
Q9UMX0	Q9UMX0
P43405	P43405
Q9NQW6	Q9NQW6
Q96E11	Q96E11
Q6UWQ5	Q6UWQ5
Q6IQ23	Q6IQ23
Q4V328	Q4V328
Q99742	Q99742
P42858	P42858
Q9P2M7	Q9P2M7
O43615	O43615
Q9H0B6	Q9H0B6
P61106	P61106
P61586	P61586
Q6DKK2	Q6DKK2
Q9Y2U8	Q9Y2U8
O00422	O00422
Q99081	Q99081
P07949	P07949
Q8TCJ0	Q8TCJ0
Q02790	Q02790
P46060	P46060
Q9GZT6	Q9GZT6
Q8TBF4	Q8TBF4
P49590	P49590
Q92630	Q92630
Q6ZTN6	Q6ZTN6
P40337	P40337
Q01995	Q01995
P78362	P78362
O00555	O00555
Q5VTR2	Q5VTR2
Q14512	Q14512
Q86VR2	Q86VR2
Q8TEY7	Q8TEY7
Q02218	Q02218
Q99442	Q99442
O60496	O60496
Q86YP4	Q86YP4
Q14562	Q14562
Q9BPX3	Q9BPX3
O94972	O94972
Q14164	Q14164
P45984	P45984
P45984	P45983
Q7Z4N8	Q7Z4N8
O60684	O60684
O60684	P52294
O60307	O60307
O60271	O60271
Q8NC42	Q8NC42
O00425	O00425
Q0JRZ9	Q0JRZ9
Q03701	Q03701
O14770	O14770
Q9UJY1	Q9UJY1
Q92870	Q92870
Q9C0B5	Q9C0B5
P62079	P62079
Q9Y3E0	Q9Y3E0
P51784	P51784
Q06546	Q06546
Q15418	Q15418
Q15418	P51812
Q12846	Q12846
P02766	P02766
Q9HCE7	Q9HCE7
Q9NPD3	Q9NPD3
Q53GQ0	Q53GQ0
Q96A65	Q96A65
O76064	O76064
P30876	P30876
Q99598	Q99598
Q96JM7	Q96JM7
P61619	P61619
Q12931	Q12931
Q96HA1	Q96HA1
P27986	P27986
Q9Y4L1	Q9Y4L1
Q8WYQ3	Q8WYQ3
Q8N137	Q8N137
Q15118	Q15118
Q9BVL2	Q9BVL2
Q92482	Q92482
O95363	O95363
Q14315	Q14315
P62316	P62316
P02489	P02489
P52799	P52799
P49458	P49458
Q15633	Q15633
P51665	P51665
P40818	P40818
Q8IWZ6	Q8IWZ6
Q16623	Q16623
Q03431	Q03431
Q00535	Q00535
Q9UBL3	Q9UBL3
Q92831	Q92831
P11686	P11686
Q8IXM2	Q8IXM2
P28702	P28702
Q14683	Q14683
Q9GZY8	Q9GZY8
P25791	P25791
P56192	P56192
P82933	P82933
P09234	P09234
Q6NZI2	Q6NZI2
O00231	O00231
P08758	P08758
P54709	P54709
P42694	P42694
Q9UN86	Q9UN86
Q13144	Q13144
Q9H6S0	Q9H6S0
Q6P597	Q6P597
Q96GD4	Q96GD4
Q14498	Q14498
P47756	P47756
Q9NRL3	Q9NRL3
P31273	P31273
Q9P032	Q9P032
Q9BZC7	Q9BZC7
Q92843	Q92843
Q9UBV2	Q9UBV2
Q9GZS1	Q9GZS1
Q9UPW6	Q9UPW6
Q9BQ04	Q9BQ04
Q9BQ04	Q9BWF3
P25963	P25963
O95793	O95793
P16333	P16333
P00441	P00441
Q13114	Q13114
O15372	O15372
Q96ME7	Q96ME7
Q9Y2S7	Q9Y2S7
Q9NTK5	Q9NTK5
O75581	O75581
Q9NR12	Q9NR12
Q8N1F7	Q8N1F7
P62263	P62263
P52735	P52735
O75369	O75369
O15371	O15371
P46527	P46527
P78563	P78563
Q5JTY5	Q5JTY5
Q5JTY5	Q9BRT8
Q14697	Q14697
Q9BQG0	Q9BQG0
Q99689	Q99689
Q9UBD5	Q9UBD5
Q15139	Q15139
Q8N9I0	Q8N9I0
P28562	P28562
Q16186	Q16186
Q12923	Q12923
Q13573	Q13573
Q9Y277	Q9Y277
Q92754	Q92754
Q99523	Q99523
Q9UNQ2	Q9UNQ2
Q9BQ39	Q9BQ39
Q96Q40	Q96Q40
P39880	P39880
P62854	P62854
P40937	P40937
Q04837	Q04837
P30153	P30153
P30153	P30154
Q02539	Q02539
Q96HB5	Q96HB5
Q15545	Q15545
Q9Y4B6	Q9Y4B6
Q9NQC3	Q9NQC3
Q9BS26	Q9BS26
Q8N3R9	Q8N3R9
Q8IWU5	Q8IWU5
O95182	O95182
Q9BTW9	Q9BTW9
Q96HS1	Q96HS1
P49327	P49327
P32856	P32856
P23193	P23193
P30405	P30405
P49190	P49190
O75716	O75716
P54252	P54252
P28289	P28289
Q7L273	Q7L273
P62424	P62424
Q9HC52	Q9HC52
Q9BYU1	Q9BYU1
P08579	P08579
Q9BR76	Q9BR76
Q96S59	Q96S59
Q9NZC7	Q9NZC7
O00213	O00213
P26196	P26196
Q00987	Q00987
Q9Y2W1	Q9Y2W1
Q92620	Q92620
P13804	P13804
Q9BYV6	Q9BYV6
Q53HC9	Q53HC9
Q63HR2	Q63HR2
P35249	P35249
O75031	O75031
P09661	P09661
P12931	P12931
P12931	P07947
O75934	O75934
Q9Y6H1	Q9Y6H1
Q92918	Q92918
P02533	P02533
P02533	P08779
Q9P2N5	Q9P2N5
Q9GZZ9	Q9GZZ9
Q96PZ0	Q96PZ0
Q15061	Q15061
Q96GG9	Q96GG9
Q9Y6M1	Q9Y6M1
Q96HR3	Q96HR3
P24752	P24752
O95696	O95696
Q9NS91	Q9NS91
Q8TDD1	Q8TDD1
Q9Y697	Q9Y697
P03950	P03950
Q9UJV3	Q9UJV3
Q9Y4Z0	Q9Y4Z0
Q14194	Q14194
Q9NZB2	Q9NZB2
O60884	O60884
P05362	P05362
Q9ULW3	Q9ULW3
P08631	P08631
P10827	P10827
Q99943	Q99943
Q969Z0	Q969Z0
Q99808	Q99808
P49023	P49023
P46059	P46059
Q6ZU80	Q6ZU80
P82912	P82912
Q6GQQ9	Q6GQQ9
P16989	P16989
O14733	O14733
P11021	P11021
Q9H6L4	Q9H6L4
P06396	P06396
Q9UHD2	Q9UHD2
P51149	P51149
Q8TBC3	Q8TBC3
P78318	P78318
O75928	O75928
Q13304	Q13304
Q9BZL6	Q9BZL6
Q8WXF1	Q8WXF1
P29317	P29317
P23458	P23458
O43683	O43683
Q9Y3B3	Q9Y3B3
P41091	P41091
Q15542	Q15542
Q9BYJ9	Q9BYJ9
Q9BQD3	Q9BQD3
P60866	P60866
O43542	O43542
Q13823	Q13823
Q8IZQ1	Q8IZQ1
Q15717	Q15717
Q6ZN17	Q6ZN17
P05091	P05091
O14964	O14964
P45880	P45880
P27540	P27540
Q15233	Q15233
Q96KR1	Q96KR1
P78371	P78371
O75791	O75791
P26447	P26447
P14314	P14314
P60369	P60369
P67870	P67870
P51957	P51957
P29590	P29590
O94888	O94888
Q08211	Q08211
Q9UER7	Q9UER7
Q14973	Q14973
P02792	P02792
P38936	P38936
Q9Y320	Q9Y320
O15075	O15075
Q14232	Q14232
Q12772	Q12772
P37173	P37173
Q15276	Q15276
Q9UJX6	Q9UJX6
Q96SB4	Q96SB4
Q9P0M6	Q9P0M6
O75582	O75582
O43524	O43524
Q16650	Q16650
Q86VQ0	Q86VQ0
O15111	O15111
Q9Y6E0	Q9Y6E0
P46782	P46782
O15169	O15169
Q9NPF5	Q9NPF5
O43763	O43763
O60504	O60504
Q96ES7	Q96ES7
Q14738	Q14738
Q9NVI7	Q9NVI7
Q9NVI7	Q5T9A4
P22061	P22061
Q5TC82	Q5TC82
Q9BY84	Q9BY84
Q9NRR5	Q9NRR5
Q14152	Q14152
Q8N684	Q8N684
Q15326	Q15326
Q8N8B7	Q8N8B7
Q14457	Q14457
Q8NBQ5	Q8NBQ5
P24863	P24863
P49336	P49336
Q92925	Q92925
Q00839	Q00839
P17174	P17174
Q16537	Q16537
Q16537	Q15172
Q7Z2K6	Q7Z2K6
Q9BTE6	Q9BTE6
P25788	P25788
O95678	O95678
P62979	P62979
O60841	O60841
Q13887	Q13887
Q8NE86	Q8NE86
Q02241	Q02241
P18074	P18074
P22607	P22607
Q07812	Q07812
Q6P996	Q6P996
Q13464	Q13464
P35637	P35637
P04183	P04183
Q13438	Q13438
Q9Y4X5	Q9Y4X5
P24593	P24593
Q6ZNJ1	Q6ZNJ1
Q92993	Q92993
Q9H788	Q9H788
P30041	P30041
Q9BYX4	Q9BYX4
O15143	O15143
P02545	P02545
Q12933	Q12933
Q9UDY4	Q9UDY4
P14618	P14618
Q8TDD2	Q8TDD2
O15397	O15397
Q9H0F6	Q9H0F6
P41208	P41208
Q86TM6	Q86TM6
P17987	P17987
Q92545	Q92545
Q9UNF0	Q9UNF0
P04181	P04181
Q15434	Q15434
Q8IY81	Q8IY81
Q15025	Q15025
P12755	P12755
O15042	O15042
Q9NSC5	Q9NSC5
Q15007	Q15007
Q9NYV4	Q9NYV4
Q8NFH5	Q8NFH5
Q13347	Q13347
P18077	P18077
P61962	P61962
Q14160	Q14160
O60674	O60674
Q12874	Q12874
P11387	P11387
O43889	O43889
Q9H223	Q9H223
Q93062	Q93062
Q6UVJ0	Q6UVJ0
P55884	P55884
Q96RQ3	Q96RQ3
Q13426	Q13426
Q14005	Q14005
Q16543	Q16543
Q9UBE0	Q9UBE0
P55212	P55212
P49755	P49755
Q2TAY7	Q2TAY7
Q15811	Q15811
Q13151	Q13151
P42356	P42356
Q8N5R6	Q8N5R6
Q9Y2T2	Q9Y2T2
P46109	P46109
Q9HAU4	Q9HAU4
P06213	P06213
O95835	O95835
P49591	P49591
O95159	O95159
P55084	P55084
P62269	P62269
Q15773	Q15773
Q9NQ34	Q9NQ34
Q8TB24	Q8TB24
P15336	P15336
Q9H074	Q9H074
Q9P2K5	Q9P2K5
O60313	O60313
Q9BYG3	Q9BYG3
Q14957	Q14957
Q9H492	Q9H492
Q9H492	Q9GZQ8
Q9ULX6	Q9ULX6
P62877	P62877
P49411	P49411
P56962	P56962
P61020	P61020
P61020	P51148
P61020	P20339
P23258	P23258
Q96RP9	Q96RP9
Q9Y6D5	Q9Y6D5
P29083	P29083
Q9NYL9	Q9NYL9
Q9Y4W6	Q9Y4W6
Q9UPY3	Q9UPY3
Q9HBL7	Q9HBL7
Q16514	Q16514
Q92905	Q92905
Q4VC05	Q4VC05
Q96T60	Q96T60
A8K2U0	A8K2U0
O14929	O14929
P05387	P05387
Q13009	Q13009
O14920	O14920
Q9Y4C2	Q9Y4C2
P0C0S5	P0C0S5
Q96K76	Q96K76
Q9H9Z2	Q9H9Z2
P23528	P23528
Q9NTJ3	Q9NTJ3
Q9HD20	Q9HD20
Q99856	Q99856
Q15369	Q15369
P49770	P49770
Q6IN85	Q6IN85
P0C0S8	P0C0S8
P0C0S8	P16104
P0C0S8	Q8IUE6
P0C0S8	Q9BTM1
P0C0S8	P04908
P0C0S8	Q16777
Q14694	Q14694
Q96JC9	Q96JC9
Q15424	Q15424
P51398	P51398
P63000	P63000
O95721	O95721
P41223	P41223
P31948	P31948
P51692	P51692
P51692	P42229
P06756	P06756
P42345	P42345
P01024	P01024
Q92624	Q92624
Q16763	Q16763
Q9UL63	Q9UL63
Q8IZ69	Q8IZ69
Q9P2R7	Q9P2R7
O75084	O75084
P40222	P40222
P14678	P14678
P14678	P63162
Q9BRJ2	Q9BRJ2
P19012	P19012
O75604	O75604
P48426	P48426
Q8TDR0	Q8TDR0
Q9BUJ2	Q9BUJ2
P06733	P06733
P06733	P09104
Q05655	Q05655
P39023	P39023
Q9Y6Q9	Q9Y6Q9
Q15020	Q15020
P07237	P07237
O15218	O15218
P25705	P25705
P35222	P35222
Q969N2	Q969N2
Q16539	Q16539
Q9UKT9	Q9UKT9
Q9H7Z6	Q9H7Z6
Q92538	Q92538
Q99832	Q99832
Q9H583	Q9H583
O43829	O43829
P51617	P51617
P33991	P33991
P20936	P20936
Q13829	Q13829
Q15776	Q15776
P61160	P61160
O43765	O43765
Q8WWM7	Q8WWM7
Q9UHI6	Q9UHI6
Q96KM6	Q96KM6
Q13148	Q13148
P52597	P52597
P04156	P04156
Q8N653	Q8N653
Q1KMD3	Q1KMD3
O14617	O14617
P28331	P28331
O76021	O76021
Q96J02	Q96J02
O00762	O00762
Q8TF42	Q8TF42
P61758	P61758
P12757	P12757
P46379	P46379
Q13190	Q13190
O43237	O43237
P12235	P12235
P12235	P05141
P12235	P12236
O94973	O94973
O94973	O95782
P48431	P48431
O75175	O75175
Q93084	Q93084
Q93084	O14983
Q93084	P16615
O94985	O94985
Q00613	Q00613
Q9UH03	Q9UH03
Q8IX03	Q8IX03
Q9P2P5	Q9P2P5
Q13520	Q13520
Q15008	Q15008
O75570	O75570
Q14145	Q14145
P23771	P23771
A6NJ78	A6NJ78
Q15750	Q15750
Q9H7D7	Q9H7D7
Q13064	Q13064
P19387	P19387
P46087	P46087
P09758	P09758
P51531	P51531
P62875	P62875
O43463	O43463
Q86X55	Q86X55
Q9HAN9	Q9HAN9
Q9BWH2	Q9BWH2
Q9NQ11	Q9NQ11
P14416	P14416
P43353	P43353
Q9UKL0	Q9UKL0
P04637	P04637
Q01105	Q01105
P46108	P46108
Q92499	Q92499
Q04864	Q04864
P25789	P25789
Q96SB3	Q96SB3
P15884	P15884
Q9NWT6	Q9NWT6
Q96BD5	Q96BD5
O15460	O15460
Q9UBW8	Q9UBW8
P55196	P55196
P35712	P35712
O75146	O75146
Q9Y265	Q9Y265
P13639	P13639
P62241	P62241
P99999	P99999
P62847	P62847
Q9UK80	Q9UK80
P17301	P17301
Q9HBE1	Q9HBE1
Q9P0U4	Q9P0U4
Q14134	Q14134
P41250	P41250
Q07912	Q07912
Q15843	Q15843
P26640	P26640
O60293	O60293
Q12834	Q12834
Q9Y3T9	Q9Y3T9
P63279	P63279
Q8N680	Q8N680
Q96FN4	Q96FN4
O95376	O95376
Q6RW13	Q6RW13
Q7Z5P4	Q7Z5P4
O75449	O75449
P21802	P21802
Q9Y2Z0	Q9Y2Z0
P55010	P55010
P06241	P06241
Q9UKG1	Q9UKG1
Q16526	Q16526
Q16526	Q49AN0
O95503	O95503
Q13206	Q13206
Q92597	Q92597
O00571	O00571
Q99683	Q99683
P57105	P57105
P46821	P46821
Q9ULT8	Q9ULT8
P04264	P04264
P48729	P48729
Q9BYD6	Q9BYD6
Q96LK0	Q96LK0
Q99496	Q99496
Q8TEX9	Q8TEX9
O14980	O14980
Q14696	Q14696
Q9BW61	Q9BW61
Q96EL3	Q96EL3
Q9UKX7	Q9UKX7
P62633	P62633
Q24JP5	Q24JP5
Q8N5S1	Q8N5S1
Q15554	Q15554
Q7L2Z9	Q7L2Z9
Q05519	Q05519
Q9HCE5	Q9HCE5
P11308	P11308
Q96CN9	Q96CN9
Q9H4L7	Q9H4L7
P19338	P19338
Q13561	Q13561
Q5TGI0	Q5TGI0
P63167	P63167
P63167	Q96FJ2
O75955	O75955
Q8N2W9	Q8N2W9
P63027	P63027
Q63ZY3	Q63ZY3
P28799	P28799
Q96EE3	Q96EE3
Q9NVU7	Q9NVU7
Q9BZD4	Q9BZD4
P52272	P52272
Q6P5Z2	Q6P5Z2
P20674	P20674
Q27J81	Q27J81
Q13111	Q13111
Q14653	Q14653
P51114	P51114
P06703	P06703
P26641	P26641
Q9P287	Q9P287
Q9NRW1	Q9NRW1
P07942	P07942
Q06787	Q06787
P01375	P01375
O15173	O15173
Q7Z406	Q7Z406
P13196	P13196
O75368	O75368
Q8TEW0	Q8TEW0
P22736	P22736
Q8WUW1	Q8WUW1
P56537	P56537
Q96HR9	Q96HR9
O75821	O75821
Q8TED1	Q8TED1
Q9UI26	Q9UI26
Q9C0E2	Q9C0E2
O76031	O76031
Q5QP82	Q5QP82
Q9Y2K6	Q9Y2K6
P46734	P46734
P14859	P14859
P61247	P61247
Q13501	Q13501
P22735	P22735
Q8TAF8	Q8TAF8
P61313	P61313
P62487	P62487
Q8TES7	Q8TES7
Q9BZ76	Q9BZ76
Q15459	Q15459
P13010	P13010
Q86VZ1	Q86VZ1
P31327	P31327
Q86VI3	Q86VI3
P35241	P35241
P35241	P26038
P35241	P15311
Q96CS3	Q96CS3
Q13123	Q13123
P98153	P98153
Q9Y5Y6	Q9Y5Y6
P55769	P55769
Q8TAP4	Q8TAP4
Q8TAP4	P25800
Q9UID3	Q9UID3
Q15303	Q15303
P00480	P00480
P62888	P62888
P55085	P55085
P54652	P54652
P54652	P0DMV8
P54652	P11142
P54652	P34931
P54652	P17066
P07737	P07737
Q9UPT5	Q9UPT5
P19447	P19447
Q8NHV4	Q8NHV4
P32246	P32246
P68431	P68431
P68431	P84243
P68431	Q16695
P68431	Q71DI3
P08865	P08865
Q8N468	Q8N468
O00483	O00483
P00519	P00519
Q8TAA9	Q8TAA9
P17482	P17482
P02786	P02786
Q9UBB4	Q9UBB4
Q9H1U9	Q9H1U9
P11182	P11182
Q6P158	Q6P158
P31689	P31689
O43896	O43896
Q14204	Q14204
Q04917	Q04917
Q04917	P61981
Q14790	Q14790
Q68E01	Q68E01
Q13185	Q13185
P36957	P36957
P51451	P51451
P84103	P84103
O14828	O14828
Q9UEU0	Q9UEU0
O00746	O00746
Q8N465	Q8N465
P54198	P54198
Q9ULH0	Q9ULH0
Q86VP6	Q86VP6
Q15029	Q15029
O96017	O96017
P62995	P62995
Q3SXY8	Q3SXY8
Q14974	Q14974
P06702	P06702
Q7L0Q8	Q7L0Q8
O14818	O14818
O14939	O14939
Q99853	Q99853
Q9BUQ8	Q9BUQ8
P78352	P78352
Q13635	Q13635
P15923	P15923
Q06587	Q06587
Q9Y2I2	Q9Y2I2
O00291	O00291
Q13601	Q13601
O75688	O75688
Q14155	Q14155
P60228	P60228
Q99848	Q99848
Q8NF50	Q8NF50
Q8NHM5	Q8NHM5
P78337	P78337
Q7Z434	Q7Z434
Q92614	Q92614
Q15836	Q15836
O14745	O14745
Q07955	Q07955
Q6NUQ1	Q6NUQ1
Q70CQ2	Q70CQ2
Q13535	Q13535
Q8IXK0	Q8IXK0
P61513	P61513
Q9BVK6	Q9BVK6
Q9H0E9	Q9H0E9
O75880	O75880
O60573	O60573
Q9H9B1	Q9H9B1
Q2TAC2	Q2TAC2
P32969	P32969
O00459	O00459
P61457	P61457
Q96DB2	Q96DB2
Q9BQA1	Q9BQA1
O95573	O95573
O60934	O60934
O96008	O96008
Q99714	Q99714
O75147	O75147
Q07889	Q07889
Q9H4P4	Q9H4P4
P49257	P49257
P29474	P29474
P61081	P61081
O75190	O75190
Q9P2S5	Q9P2S5
Q9BVS4	Q9BVS4
P51648	P51648
O75439	O75439
Q13526	Q13526
Q3MIR4	Q3MIR4
Q9NYJ8	Q9NYJ8
Q13332	Q13332
Q96LA8	Q96LA8
P49207	P49207
Q9H7B2	Q9H7B2
Q9HD26	Q9HD26
Q16828	Q16828
Q8WUM4	Q8WUM4
P63165	P63165
Q9NVI1	Q9NVI1
O43795	O43795
P61353	P61353
P54274	P54274
P32322	P32322
P32322	Q96C36
Q9H0Q3	Q9H0Q3
P16144	P16144
Q9BRU9	Q9BRU9
P62256	P62256
Q9Y3M2	Q9Y3M2
P78364	P78364
P08754	P08754
P08754	P63096
P08754	P04899
P42285	P42285
Q96FJ0	Q96FJ0
P29692	P29692
A1L4K1	A1L4K1
P49757	P49757
Q86SE9	Q86SE9
P51858	P51858
Q9UPQ3	Q9UPQ3
Q9H1I8	Q9H1I8
Q3B820	Q3B820
O95140	O95140
Q8N6G5	Q8N6G5
Q9UBW7	Q9UBW7
Q96L14	Q96L14
Q86YD3	Q86YD3
O95373	O95373
O96019	O96019
P62195	P62195
Q9Y2I6	Q9Y2I6
O75521	O75521
P50990	P50990
P47897	P47897
Q9UJX2	Q9UJX2
O00148	O00148
O00148	Q13838
Q53EZ4	Q53EZ4
O95433	O95433
P26373	P26373
Q5HYJ3	Q5HYJ3
P46531	P46531
P98170	P98170
Q15262	Q15262
P61201	P61201
P10515	P10515
Q99613	Q99613
Q92793	Q92793
O00303	O00303
Q9NZJ7	Q9NZJ7
P32241	P32241
O60896	O60896
Q9H8W4	Q9H8W4
Q9UKV3	Q9UKV3
Q9BUE6	Q9BUE6
P26367	P26367
Q9UBX5	Q9UBX5
Q9Y247	Q9Y247
Q9UBN7	Q9UBN7
P41227	P41227
P12830	P12830
Q9H3U1	Q9H3U1
Q96G97	Q96G97
Q9H6X2	Q9H6X2
Q9H9J2	Q9H9J2
P00558	P00558
Q14103	Q14103
P18084	P18084
O76003	O76003
Q14318	Q14318
O75197	O75197
Q8N6T3	Q8N6T3
P62805	P62805
Q96MT8	Q96MT8
Q9NQC7	Q9NQC7
Q00536	Q00536
O00167	O00167
P35813	P35813
P50552	P50552
O95619	O95619
P62937	P62937
Q15005	Q15005
Q5T7N2	Q5T7N2
Q02410	Q02410
Q15678	Q15678
P00966	P00966
Q14451	Q14451
Q9BTT4	Q9BTT4
Q02543	Q02543
P17813	P17813
Q13422	Q13422
Q14247	Q14247
O95777	O95777
P82932	P82932
Q14938	Q14938
O15550	O15550
Q14966	Q14966
P41587	P41587
P56524	P56524
Q05086	Q05086
Q9Y2D8	Q9Y2D8
Q99460	Q99460
Q15797	Q15797
Q15797	Q99717
Q15797	O15198
Q03252	Q03252
Q2NL82	Q2NL82
Q8N960	Q8N960
Q9ULK4	Q9ULK4
P49790	P49790
Q16082	Q16082
Q01167	Q01167
Q86SE5	Q86SE5
P60201	P60201
Q9NQT8	Q9NQT8
P23508	P23508
P10074	P10074
Q5H9R7	Q5H9R7
Q8WWY3	Q8WWY3
Q9Y570	Q9Y570
Q96QZ7	Q96QZ7
Q8NHW5	Q8NHW5
Q8NHW5	P05388
Q03164	Q03164
Q9H7D0	Q9H7D0
Q9H6R4	Q9H6R4
Q9UNH7	Q9UNH7
P08195	P08195
Q15831	Q15831
P08621	P08621
Q14118	Q14118
P29034	P29034
P43686	P43686
P13497	P13497
Q99814	Q99814
Q92878	Q92878
Q9P2D1	Q9P2D1
P33176	P33176
P40938	P40938
Q9H361	Q9H361
Q9H361	P11940
Q9H361	Q13310
P60953	P60953
P05787	P05787
O00139	O00139
Q15646	Q15646
Q13309	Q13309
O95757	O95757
P23352	P23352
Q9BQ95	Q9BQ95
P23526	P23526
Q8WUU5	Q8WUU5
P58340	P58340
O76071	O76071
P28482	P28482
P28482	P27361
Q15375	Q15375
Q16665	Q16665
Q13011	Q13011
Q9BTC8	Q9BTC8
O75822	O75822
O75381	O75381
O95714	O95714
Q9NR56	Q9NR56
O95248	O95248
P62987	P62987
Q9H4A3	Q9H4A3
Q8IY31	Q8IY31
P49450	P49450
P15924	P15924
P53041	P53041
Q96IW7	Q96IW7
Q9H7H0	Q9H7H0
Q9H1Y0	Q9H1Y0
Q9UKY1	Q9UKY1
Q9BXB1	Q9BXB1
Q13033	Q13033
P00367	P00367
Q96GQ7	Q96GQ7
Q9P258	Q9P258
O95470	O95470
Q8NI60	Q8NI60
P20226	P20226
P09769	P09769
O15400	O15400
Q9UMR2	Q9UMR2
Q9H9Y2	Q9H9Y2
O00506	O00506
P10276	P10276
P29401	P29401
Q969Q0	Q969Q0
Q969Q0	P83881
P23634	P23634
Q01082	Q01082
P53675	P53675
P53675	Q00610
P09972	P09972
P09972	P04075
Q16531	Q16531
Q9UI47	Q9UI47
P21709	P21709
Q9P289	Q9P289
P54920	P54920
Q9UK41	Q9UK41
P38646	P38646
P35998	P35998
P50613	P50613
P34897	P34897
P17858	P17858
Q96S53	Q96S53
P22626	P22626
Q9Y2J4	Q9Y2J4
P19784	P19784
P19784	P68400
Q9Y266	Q9Y266
Q96EP5	Q96EP5
P52732	P52732
Q92544	Q92544
Q05193	Q05193
Q05193	Q9UQ16
Q05193	P50570
A1L0T0	A1L0T0
O14656	O14656
Q7L190	Q7L190
Q8NBJ9	Q8NBJ9
O60306	O60306
Q969R5	Q969R5
P11177	P11177
O95400	O95400
Q9UJY5	Q9UJY5
P52907	P52907
P52907	P47755
Q9NZ43	Q9NZ43
P55771	P55771
O43143	O43143
Q07020	Q07020
Q01664	Q01664
Q15287	Q15287
Q9HCU4	Q9HCU4
P23759	P23759
P17787	P17787
Q7L5D6	Q7L5D6
Q9UJU6	Q9UJU6
P43681	P43681
Q86YV6	Q86YV6
Q96CV9	Q96CV9
Q9Y383	Q9Y383
P62714	P62714
P62714	P67775
Q5U5Q3	Q5U5Q3
Q9UHB9	Q9UHB9
O75396	O75396
Q9BXW9	Q9BXW9
Q8TDX7	Q8TDX7
Q8TDX7	Q9HC98
O75891	O75891
P63244	P63244
Q9C0C9	Q9C0C9
Q9Y3D6	Q9Y3D6
P12814	P12814
P12814	O43707
P12814	P35609
P12814	Q08043
P67809	P67809
Q8WVZ9	Q8WVZ9
O60716	O60716
Q96ST3	Q96ST3
O75367	O75367
O60568	O60568
Q9UNK0	Q9UNK0
Q9H3G5	Q9H3G5
Q9UN37	Q9UN37
Q9UN37	O75351
Q9Y618	Q9Y618
O00141	O00141
O75044	O75044
P11441	P11441
P11498	P11498
Q14244	Q14244
P78368	P78368
P78368	Q9Y6M4
O75420	O75420
Q8WXI9	Q8WXI9
P00533	P00533
Q9Y496	Q9Y496
Q15256	Q15256
Q16643	Q16643
P61978	P61978
P15498	P15498
P46937	P46937
Q9HBW0	Q9HBW0
Q9BW62	Q9BW62
Q9UJV9	Q9UJV9
Q93074	Q93074
Q9GZR7	Q9GZR7
Q04721	Q04721
P24928	P24928
P62277	P62277
O95816	O95816
O15164	O15164
Q6NVV3	Q6NVV3
Q9NX58	Q9NX58
Q16625	Q16625
P21580	P21580
Q9UKB1	Q9UKB1
Q9UKB1	Q9Y297
O60566	O60566
Q6NT76	Q6NT76
O00541	O00541
Q96PU5	Q96PU5
O15379	O15379
Q86YT6	Q86YT6
P13569	P13569
Q6VN20	Q6VN20
P32121	P32121
P32121	P49407
Q9H845	Q9H845
Q9NY61	Q9NY61
Q9BXP5	Q9BXP5
P14598	P14598
Q96A33	Q96A33
Q08117	Q08117
P11166	P11166
Q9UI12	Q9UI12
Q92824	Q92824
P17096	P17096
Q15746	Q15746
P05106	P05106
P63172	P63172
Q9Y5E6	Q9Y5E6
Q13616	Q13616
Q13404	Q13404
P61073	P61073
Q9HAV7	Q9HAV7
Q6WCQ1	Q6WCQ1
Q9H0M0	Q9H0M0
Q9Y6D9	Q9Y6D9
Q93008	Q93008
Q96JB5	Q96JB5
Q9Y5V3	Q9Y5V3
Q96RG2	Q96RG2
Q8NFJ9	Q8NFJ9
Q5JR59	Q5JR59
Q9NUX5	Q9NUX5
A0AV96	A0AV96
P43250	P43250
O43660	O43660
P22681	P22681
P35221	P35221
Q14192	Q14192
Q12788	Q12788
P01130	P01130
P28749	P28749
Q92841	Q92841
Q7KZI7	Q7KZI7
Q12800	Q12800
O95347	O95347
P25445	P25445
O00322	O00322
P07355	P07355
Q96Q45	Q96Q45
Q12857	Q12857
P62249	P62249
P16871	P16871
Q96GC9	Q96GC9
P63173	P63173
Q9NY93	Q9NY93
P01100	P01100
Q9BZK7	Q9BZK7
Q9BZK7	O60907
O75558	O75558
Q8TBA6	Q8TBA6
P18847	P18847
P68363	P68363
P68363	P68366
P68363	Q71U36
P68363	Q9BQE3
Q9UNL2	Q9UNL2
Q9BXJ9	Q9BXJ9
P10242	P10242
Q504Q3	Q504Q3
P63252	P63252
P82664	P82664
O15431	O15431
P45974	P45974
P31151	P31151
Q9P253	Q9P253
P46459	P46459
P10909	P10909
Q9H2U1	Q9H2U1
P55209	P55209
Q8N668	Q8N668
Q96FV9	Q96FV9
Q8IZP0	Q8IZP0
Q9UNL4	Q9UNL4
Q14197	Q14197
Q9UL18	Q9UL18
Q9UL18	Q9H9G7
Q9UL18	Q9HCK5
Q9UL18	Q9UKV8
P42771	P42771
Q01196	Q01196
P42766	P42766
P21860	P21860
O00429	O00429
Q07864	Q07864
O75340	O75340
Q99961	Q99961
Q9UKE5	Q9UKE5
P30048	P30048
P05129	P05129
Q58FG1	Q58FG1
Q8TAP6	Q8TAP6
Q92598	Q92598
Q15155	Q15155
Q9NRD1	Q9NRD1
P14625	P14625
Q5W5X9	Q5W5X9
P13674	P13674
Q5SW79	Q5SW79
O75153	O75153
O75150	O75150
Q7Z2W4	Q7Z2W4
Q99633	Q99633
Q16586	Q16586
Q9NYA4	Q9NYA4
O75400	O75400
Q9Y4W2	Q9Y4W2
O75182	O75182
P00488	P00488
Q8IZL9	Q8IZL9
P21359	P21359
Q5VZ89	Q5VZ89
Q659C4	Q659C4
Q8TEH3	Q8TEH3
Q9UQL6	Q9UQL6
P06493	P06493
Q8NE01	Q8NE01
P36578	P36578
P35414	P35414
Q9P0J7	Q9P0J7
Q12983	Q12983
P08670	P08670
Q5T7P8	Q5T7P8
Q06323	Q06323
P41252	P41252
Q7KZF4	Q7KZF4
Q9NX63	Q9NX63
P31040	P31040
P10275	P10275
P68133	P68133
P68133	P60709
P68133	P62736
P68133	Q562R1
P68133	P68032
P68133	P63261
Q9NYU2	Q9NYU2
Q5VV42	Q5VV42
Q9UQE7	Q9UQE7
P52701	P52701
P13073	P13073
O14543	O14543
Q9BRI3	Q9BRI3
Q9Y463	Q9Y463
Q9NRD5	Q9NRD5
P35240	P35240
P00338	P00338
P00338	P07195
Q12797	Q12797
Q9Y3D0	Q9Y3D0
P23246	P23246
Q9HAV4	Q9HAV4
Q99959	Q99959
Q9UL46	Q9UL46
Q01844	Q01844
P61009	P61009
O94925	O94925
O95630	O95630
P06576	P06576
P49916	P49916
Q07065	Q07065
Q9Y5X1	Q9Y5X1
Q14781	Q14781
P02675	P02675
Q9UK00	Q9UK00
Q9UGI0	Q9UGI0
Q8NFA0	Q8NFA0
P20839	P20839
P20839	P12268
O60244	O60244
P46783	P46783
P23284	P23284
Q13263	Q13263
P41743	P41743
Q68D86	Q68D86
Q5TKA1	Q5TKA1
Q92782	Q92782
P11362	P11362
Q99755	Q99755
P05107	P05107
Q7L2H7	Q7L2H7
Q16666	Q16666
Q9Y6I3	Q9Y6I3
Q01826	Q01826
P33151	P33151
Q9BVG8	Q9BVG8
O95967	O95967
O14880	O14880
Q9UM54	Q9UM54
Q96EP0	Q96EP0
P19174	P19174
Q6JQN1	Q6JQN1
O60832	O60832
Q96JB6	Q96JB6
O60231	O60231
O60285	O60285
O95995	O95995
Q8IWZ3	Q8IWZ3
Q96EQ0	Q96EQ0
Q9UPT9	Q9UPT9
Q96ER3	Q96ER3
P48047	P48047
Q6ZW49	Q6ZW49
Q99459	Q99459
Q9Y2L1	Q9Y2L1
Q66GS9	Q66GS9
Q9NUL3	Q9NUL3
P37231	P37231
P50914	P50914
O43930	O43930
O00515	O00515
Q6YN16	Q6YN16
P08247	P08247
Q09472	Q09472
Q9H9B4	Q9H9B4
O00505	O00505
O00505	O00629
O43156	O43156
P60174	P60174
P50148	P50148
Q04206	Q04206
Q9UL40	Q9UL40
O43242	O43242
Q6P1M3	Q6P1M3
Q9Y478	Q9Y478
Q9BSL1	Q9BSL1
O14976	O14976
P62829	P62829
Q02297	Q02297
Q86WV1	Q86WV1
Q9NVH1	Q9NVH1
Q8NI38	Q8NI38
P09493	P09493
P09493	P07951
P09493	P06753
Q6PD62	Q6PD62
Q06124	Q06124
O00232	O00232
Q9BYM8	Q9BYM8
Q15691	Q15691
Q68CZ1	Q68CZ1
P32780	P32780
P24539	P24539
O14497	O14497
O43167	O43167
Q13330	Q13330
P27708	P27708
Q96DI7	Q96DI7
P62280	P62280
P52434	P52434
Q13432	Q13432
P52292	P52292
Q96AQ6	Q96AQ6
Q07021	Q07021
Q9BZF1	Q9BZF1
Q9BXS4	Q9BXS4
P35232	P35232
P67936	P67936
P23468	P23468
Q9UQB8	Q9UQB8
O95147	O95147
Q12849	Q12849
Q9Y3B7	Q9Y3B7
Q9UNP9	Q9UNP9
P10644	P10644
P10644	P31321
Q9H0H5	Q9H0H5
Q92574	Q92574
P35372	P35372
O95817	O95817
P31943	P31943
P31943	P55795
O00159	O00159
Q5SSJ5	Q5SSJ5
P18206	P18206
P09914	P09914
Q99471	Q99471
Q15654	Q15654
Q15742	Q15742
Q2T9L4	Q2T9L4
Q5T8P6	Q5T8P6
O75385	O75385
P40926	P40926
P04150	P04150
Q16630	Q16630
Q6IBW4	Q6IBW4
O75643	O75643
Q969P0	Q969P0
P81877	P81877
P06400	P06400
Q13618	Q13618
Q96KG9	Q96KG9
Q02978	Q02978
P14921	P14921
P30101	P30101
Q92997	Q92997
Q96AZ1	Q96AZ1
O95977	O95977
Q9Y4E8	Q9Y4E8
Q9NZ94	Q9NZ94
P36954	P36954
Q13557	Q13557
Q13557	Q9UQM7
Q13557	Q13555
O14672	O14672
P51116	P51116
O94966	O94966
Q9BTV4	Q9BTV4
Q9NZN8	Q9NZN8
Q9NTU7	Q9NTU7
Q9H0A0	Q9H0A0
Q9UI95	Q9UI95
Q8WUY9	Q8WUY9
Q9H4B6	Q9H4B6
Q14687	Q14687
Q93034	Q93034
Q96G25	Q96G25
P30530	P30530
P62841	P62841
Q96JN8	Q96JN8
O94832	O94832
Q96FT7	Q96FT7
P56199	P56199
Q9ULM3	Q9ULM3
Q00325	Q00325
Q86U70	Q86U70
P29972	P29972
Q92974	Q92974
Q96DZ1	Q96DZ1
Q9P0W2	Q9P0W2
P54253	P54253
P49368	P49368
Q1A5X7	Q1A5X7
O60704	O60704
P13984	P13984
P42336	P42336
Q9UBB9	Q9UBB9
Q9C0H5	Q9C0H5
Q9BY77	Q9BY77
Q13643	Q13643
O95486	O95486
Q9UPV0	Q9UPV0
Q9H0C5	Q9H0C5
Q9UGC7	Q9UGC7
Q92667	Q92667
P61163	P61163
O60941	O60941
Q99733	Q99733
P05556	P05556
Q96L92	Q96L92
O60885	O60885
P62330	P62330
P09067	P09067
Q8IUQ4	Q8IUQ4
Q92830	Q92830
P41240	P41240
Q9UI10	Q9UI10
Q13489	Q13489
Q2TBE0	Q2TBE0
Q9Y4C8	Q9Y4C8
Q15311	Q15311
Q9Y597	Q9Y597
Q16891	Q16891
O75436	O75436
P53367	P53367
P12956	P12956
P29084	P29084
Q8TCS8	Q8TCS8
Q7L5N1	Q7L5N1
P82650	P82650
O43933	O43933
P53621	P53621
P34947	P34947
P28340	P28340
P11171	P11171
Q9P0J0	Q9P0J0
Q9UBS0	Q9UBS0
P20073	P20073
P02788	P02788
O43189	O43189
Q8IZ07	Q8IZ07
O60341	O60341
Q00765	Q00765
P62910	P62910
Q8IYR0	Q8IYR0
O94776	O94776
Q8TD31	Q8TD31
Q9NYB9	Q9NYB9
O75376	O75376
O43432	O43432
O43818	O43818
Q13472	Q13472
O75553	O75553
P62266	P62266
Q9Y385	Q9Y385
P51610	P51610
Q9BZE4	Q9BZE4
Q9NPJ6	Q9NPJ6
Q9NVP1	Q9NVP1
Q8TBB1	Q8TBB1
Q8N442	Q8N442
P17661	P17661
O75496	O75496
P51151	P51151
P09382	P09382
Q96GC5	Q96GC5
Q9BT78	Q9BT78
Q9HCM4	Q9HCM4
Q3V6T2	Q3V6T2
Q13042	Q13042
Q13435	Q13435
Q92526	Q92526
Q92526	P40227
Q9Y5B8	Q9Y5B8
Q53G59	Q53G59
Q9BSK4	Q9BSK4
O94763	O94763
P14136	P14136
Q9H2H9	Q9H2H9
Q00059	Q00059
P50458	P50458
Q6QNY1	Q6QNY1
P35613	P35613
Q96RS6	Q96RS6
Q53F19	Q53F19
Q92567	Q92567
Q6R327	Q6R327
P21675	P21675
Q8N5M1	Q8N5M1
Q8NE71	Q8NE71
P36776	P36776
Q709F0	Q709F0
P02768	P02768
O43175	O43175
Q9BZJ0	Q9BZJ0
O60216	O60216
Q9H8Y8	Q9H8Y8
P49286	P49286
Q9BXS5	Q9BXS5
Q96BA8	Q96BA8
O43491	O43491
Q5T3F8	Q5T3F8
Q9UMS4	Q9UMS4
P53396	P53396
Q12805	Q12805
Q99614	Q99614
Q96GQ5	Q96GQ5
P05412	P05412
Q8N5Z5	Q8N5Z5
O43815	O43815
Q9UIW2	Q9UIW2
P63104	P63104
P63104	P27348
P63104	P31946
P26368	P26368
P63010	P63010
P63010	Q10567
Q9UM00	Q9UM00
Q8TCT7	Q8TCT7
Q96F86	Q96F86
Q99728	Q99728
P49760	P49760
Q16181	Q16181
O43852	O43852
P10398	P10398
Q92797	Q92797
Q9H3D4	Q9H3D4
Q9BZV1	Q9BZV1
P17302	P17302
P61019	P61019
Q8N1B4	Q8N1B4
Q14573	Q14573
Q9NUL7	Q9NUL7
Q8NAV1	Q8NAV1
Q92800	Q92800
Q05209	Q05209
Q7Z6G3	Q7Z6G3
Q16512	Q16512
Q9NQZ2	Q9NQZ2
P22695	P22695
Q02878	Q02878
Q53GS7	Q53GS7
Q16576	Q16576
Q16576	Q09028
P14316	P14316
Q9H1A4	Q9H1A4
Q9Y5Y3	Q9Y5Y3
P10586	P10586
Q96H55	Q96H55
Q13825	Q13825
Q7Z5K2	Q7Z5K2
Q92890	Q92890
P60842	P60842
P60842	Q14240
Q8TD16	Q8TD16
Q16513	Q16513
P98172	P98172
Q9BT17	Q9BT17
P54725	P54725
P54132	P54132
Q9H4G0	Q9H4G0
Q96LR2	Q96LR2
Q13523	Q13523
Q08345	Q08345
Q7Z4Q2	Q7Z4Q2
Q9BXY0	Q9BXY0
Q9NVC6	Q9NVC6
P21980	P21980
P18124	P18124
O00233	O00233
Q86XP3	Q86XP3
Q92560	Q92560
Q05513	Q05513
O43752	O43752
P62701	P62701
P11586	P11586
O00257	O00257
Q9UBU8	Q9UBU8
P15976	P15976
Q8N4C8	Q8N4C8
P15172	P15172
P10636	P10636
Q8NHP6	Q8NHP6
Q14008	Q14008
P49759	P49759
P08651	P08651
Q9UNE7	Q9UNE7
P62314	P62314
Q14011	Q14011
P62306	P62306
P19404	P19404
Q9Y3D9	Q9Y3D9
Q9BUZ4	Q9BUZ4
Q9BVP2	Q9BVP2
O14503	O14503
Q9BV94	Q9BV94
Q92900	Q92900
Q14137	Q14137
Q92979	Q92979
P14735	P14735
Q96D53	Q96D53
Q13554	Q13554
Q9NSK0	Q9NSK0
Q13257	Q13257
Q13200	Q13200
Q9NV70	Q9NV70
P61970	P61970
P06730	P06730
Q06609	Q06609
P25815	P25815
Q9BRX9	Q9BRX9
Q9UHD1	Q9UHD1
P56945	P56945
P78316	P78316
Q99700	Q99700
Q6NXE6	Q6NXE6
P27824	P27824
Q9Y371	Q9Y371
Q9UIA9	Q9UIA9
Q9HCS7	Q9HCS7
Q9UJ41	Q9UJ41
Q12824	Q12824
P62318	P62318
Q13043	Q13043
Q13043	Q13188
Q9HB71	Q9HB71
P10809	P10809
P34925	P34925
Q96EY1	Q96EY1
Q15370	Q15370
Q8IUR7	Q8IUR7
Q96JG6	Q96JG6
P51805	P51805
Q15363	Q15363
Q07157	Q07157
P68036	P68036
Q9UJS0	Q9UJS0
Q9UJS0	O75746
Q9UNS2	Q9UNS2
Q14692	Q14692
O15160	O15160
P51532	P51532
Q9C0B0	Q9C0B0
Q99666	Q99666
P35606	P35606
O75592	O75592
P01857	P01857
P09132	P09132
Q03933	Q03933
Q14677	Q14677
Q9Y6H6	Q9Y6H6
Q9BYE7	Q9BYE7
P19320	P19320
P40763	P40763
P48039	P48039
Q3ZCQ8	Q3ZCQ8
Q9HCN8	Q9HCN8
Q8N3E9	Q8N3E9
Q76N89	Q76N89
P02452	P02452
Q9Y6G9	Q9Y6G9
Q96HA8	Q96HA8
P05161	P05161
Q96BR9	Q96BR9
Q15560	Q15560
Q15052	Q15052
Q9HCG8	Q9HCG8
Q4LE39	Q4LE39
Q96CM3	Q96CM3
Q96HD1	Q96HD1
Q86U86	Q86U86
Q9H2G9	Q9H2G9
Q9UM11	Q9UM11
P22694	P22694
P22694	P22612
P22694	P17612
Q96AE4	Q96AE4
Q5VU43	Q5VU43
P30825	P30825
P33981	P33981
Q92731	Q92731
Q9C086	Q9C086
P35226	P35226
P52333	P52333
Q92796	Q92796
Q14999	Q14999
P42677	P42677
Q9NVH2	Q9NVH2
P35244	P35244
Q9H444	Q9H444
Q04637	Q04637
Q9NQX4	Q9NQX4
Q8WZ19	Q8WZ19
Q8IXI1	Q8IXI1
Q96P16	Q96P16
P98179	P98179
P22087	P22087
Q9Y2V7	Q9Y2V7
O75607	O75607
Q15397	Q15397
Q9BZB8	Q9BZB8
Q7Z3B4	Q7Z3B4
Q5T4B2	Q5T4B2
Q14739	Q14739
P09936	P09936
P61326	P61326
P61326	Q96A72
Q6VAB6	Q6VAB6
Q9GZR5	Q9GZR5
O95684	O95684
Q9Y5K8	Q9Y5K8
Q92845	Q92845
P49589	P49589
Q8IVD9	Q8IVD9
Q15047	Q15047
Q8IVT5	Q8IVT5
O14657	O14657
O60551	O60551
O43166	O43166
Q6UXH1	Q6UXH1
Q9H0D6	Q9H0D6
P60900	P60900
P49810	P49810
O75386	O75386
P49917	P49917
P57740	P57740
O95352	O95352
A5YKK6	A5YKK6
P46934	P46934
Q07666	Q07666
O75665	O75665
O15504	O15504
P38919	P38919
Q15637	Q15637
P50542	P50542
O95271	O95271
Q86SQ0	Q86SQ0
Q92973	Q92973
O75528	O75528
Q8TC07	Q8TC07
P61421	P61421
O00182	O00182
P42224	P42224
P55072	P55072
Q9UI14	Q9UI14
Q9UP95	Q9UP95
O60729	O60729
Q01813	Q01813
Q92783	Q92783
P48651	P48651
Q8NHQ1	Q8NHQ1
Q9ULV0	Q9ULV0
Q969G2	Q969G2
P01889	P01889
P01889	P04439
P01889	P10321
Q06187	Q06187
O43395	O43395
P47929	P47929
O43711	O43711
Q96GY3	Q96GY3
O94817	O94817
Q96NC0	Q96NC0
O00268	O00268
P61088	P61088
P02794	P02794
P51571	P51571
P04792	P04792
Q5VVX9	Q5VVX9
Q9UPE1	Q9UPE1
Q15019	Q15019
P18031	P18031
Q08188	Q08188
P50750	P50750
Q9UHX1	Q9UHX1
Q9Y3D3	Q9Y3D3
Q8NHQ9	Q8NHQ9
P55060	P55060
Q8IWV8	Q8IWV8
P62750	P62750
O00444	O00444
Q9H204	Q9H204
Q9Y2Q3	Q9Y2Q3
Q86UW9	Q86UW9
Q13596	Q13596
P07196	P07196
Q7Z3Y8	Q7Z3Y8
O60264	O60264
O60264	P28370
P23396	P23396
Q05940	Q05940
Q9Y3Q8	Q9Y3Q8
Q9C005	Q9C005
P84098	P84098
P37837	P37837
Q9H307	Q9H307
Q9BYG5	Q9BYG5
P13647	P13647
P48960	P48960
Q9UDY2	Q9UDY2
Q13546	Q13546
P07305	P07305
Q07869	Q07869
Q00013	Q00013
O76011	O76011
O76011	Q14525
O76011	Q15323
P49711	P49711
P00387	P00387
P35228	P35228
Q92615	Q92615
Q8IZL8	Q8IZL8
P24468	P24468
Q15084	Q15084
O43929	O43929
P05386	P05386
Q8IX15	Q8IX15
P21796	P21796
O14981	O14981
Q9Y5K5	Q9Y5K5
O00560	O00560
Q92990	Q92990
Q9Y678	Q9Y678
O76094	O76094
P09622	P09622
Q9UHD9	Q9UHD9
P08581	P08581
Q9Y2X7	Q9Y2X7
Q99558	Q99558
P62913	P62913
P10599	P10599
Q14004	Q14004
Q16795	Q16795
Q13077	Q13077
Q8IYI6	Q8IYI6
Q9Y2J2	Q9Y2J2
P45973	P45973
Q9NS73	Q9NS73
O14862	O14862
Q16204	Q16204
P05455	P05455
Q9H313	Q9H313
P49137	P49137
Q08J23	Q08J23
O96013	O96013
P13807	P13807
O60826	O60826
P61158	P61158
O14639	O14639
P23229	P23229
Q9NZI8	Q9NZI8
P28347	P28347
P30050	P30050
P04004	P04004
Q9Y3A4	Q9Y3A4
Q96SW2	Q96SW2
Q08AM6	Q08AM6
Q96P70	Q96P70
Q9NU19	Q9NU19
Q5R372	Q5R372
Q9UPY8	Q9UPY8
Q96KQ7	Q96KQ7
P23588	P23588
Q9BYV2	Q9BYV2
Q9NWS8	Q9NWS8
P63208	P63208
Q02156	Q02156
P14866	P14866
P11831	P11831
Q13322	Q13322
Q9NVX0	Q9NVX0
P35251	P35251
Q15014	Q15014
P62826	P62826
P39748	P39748
P48735	P48735
Q6P1J9	Q6P1J9
Q13469	Q13469
Q01860	Q01860
Q9NV06	Q9NV06
P40429	P40429
Q14254	Q14254
Q99661	Q99661
O95273	O95273
Q96EZ8	Q96EZ8
Q96CW1	Q96CW1
P49736	P49736
Q07817	Q07817
A5A3E0	A5A3E0
Q99942	Q99942
P57721	P57721
P05067	P05067
Q9P0K7	Q9P0K7
Q96E29	Q96E29
Q7Z7A1	Q7Z7A1
P62942	P62942
Q13895	Q13895
P33993	P33993
P82675	P82675
P22234	P22234
O95295	O95295
Q9Y5W5	Q9Y5W5
Q13617	Q13617
Q08257	Q08257
Q8NBN3	Q8NBN3
P37840	P37840
O15031	O15031
P08727	P08727
P37198	P37198
Q86Y82	Q86Y82
P52298	P52298
P35680	P35680
Q92542	Q92542
Q9Y276	Q9Y276
P62491	P62491
P62491	Q15907
Q9NPA0	Q9NPA0
P98175	P98175
Q01974	Q01974
Q92945	Q92945
Q8IYB8	Q8IYB8
Q14839	Q14839
O43264	O43264
P30260	P30260
P12004	P12004
Q8WYQ5	Q8WYQ5
Q13233	Q13233
O15530	O15530
Q96EY4	Q96EY4
Q9Y490	Q9Y490
O14530	O14530
Q13619	Q13619
Q13619	Q13620
O00499	O00499
Q9Y639	Q9Y639
P35269	P35269
P54886	P54886
Q8WXH2	Q8WXH2
P14174	P14174
Q8WTT2	Q8WTT2
P27449	P27449
Q92764	Q92764
Q96BQ5	Q96BQ5
Q13705	Q13705
Q9BSH4	Q9BSH4
P17980	P17980
Q96RT1	Q96RT1
Q8TAQ2	Q8TAQ2
P53618	P53618
Q9Y5Q8	Q9Y5Q8
Q13586	Q13586
Q9Y279	Q9Y279
P83105	P83105
P22314	P22314
Q6PJI9	Q6PJI9
P51991	P51991
Q86V81	Q86V81
O75390	O75390
P16220	P16220
Q9NVH0	Q9NVH0
Q13177	Q13177
Q13177	Q13153
Q96I24	Q96I24
Q9C002	Q9C002
O75569	O75569
P54646	P54646
P54646	Q13131
Q969H0	Q969H0
Q4VCS5	Q4VCS5
P26583	P26583
P26583	P09429
Q9Y262	Q9Y262
Q9NZD8	Q9NZD8
P38159	P38159
Q96ED9	Q96ED9
Q9BVI4	Q9BVI4
Q86UX6	Q86UX6
Q9BYD3	Q9BYD3
P84085	P84085
P84085	P18085
P84085	P84077
Q08426	Q08426
Q49A26	Q49A26
Q5S007	Q5S007
P36897	P36897
Q9P0T7	Q9P0T7
Q08209	Q08209
Q08209	P16298
Q9NRC8	Q9NRC8
P27037	P27037
P61964	P61964
Q16540	Q16540
Q9UBR4	Q9UBR4
P07954	P07954
Q96EY7	Q96EY7
O15162	O15162
Q9HAU0	Q9HAU0
Q8IZ57	Q8IZ57
P29350	P29350
O14874	O14874
P31146	P31146
P49768	P49768
Q6P1K2	Q6P1K2
P36406	P36406
P27448	P27448
O14744	O14744
O95994	O95994
P31153	P31153
Q7KZ85	Q7KZ85
Q676U5	Q676U5
P21281	P21281
P21281	P15313
Q99963	Q99963
Q7RTV0	Q7RTV0
P35610	P35610
P38117	P38117
Q8NEY1	Q8NEY1
Q00005	Q00005
Q00005	Q66LE6
Q00005	P63151
P53350	P53350
P15531	P15531
P15531	P22392
Q9UNX4	Q9UNX4
P31749	P31749
P31749	P31751
Q9BRK4	Q9BRK4
O94906	O94906
Q9P2K3	Q9P2K3
Q06330	Q06330
P62136	P62136
P62136	P36873
P62136	P62140
Q9P244	Q9P244
O75306	O75306
P52306	P52306
Q32P51	Q32P51
Q32P51	P09651
Q9GZM8	Q9GZM8
P62834	P62834
P62834	P61224
Q9UMX1	Q9UMX1
O14641	O14641
O75533	O75533
P52565	P52565
O00410	O00410
O00410	O60518
Q14669	Q14669
Q9NQB0	Q9NQB0
Q7Z569	Q7Z569
O75694	O75694
Q5JX71	Q5JX71
Q6ZRY4	Q6ZRY4
Q9Y5L4	Q9Y5L4
O00471	O00471
Q12929	Q12929
O75365	O75365
Q9H269	Q9H269
Q15306	Q15306
O95897	O95897
Q9NYB0	Q9NYB0
O14593	O14593
P48165	P48165
Q6PJT7	Q6PJT7
P49959	P49959
Q6P2E9	Q6P2E9
Q86VM9	Q86VM9
P60468	P60468
Q96HW7	Q96HW7
Q3KNV8	Q3KNV8
Q92889	Q92889
Q96SI9	Q96SI9
P09619	P09619
P57678	P57678
Q15628	Q15628
Q86XR8	Q86XR8
Q9NRW4	Q9NRW4
Q9GZT8	Q9GZT8
Q13085	Q13085
O75800	O75800
Q8IWX8	Q8IWX8
Q9Y3C5	Q9Y3C5
Q5T4S7	Q5T4S7
P32119	P32119
P32119	Q06830
P13612	P13612
P80188	P80188
Q9NR28	Q9NR28
Q08380	Q08380
P61289	P61289
P28288	P28288
Q9NP66	Q9NP66
Q96PV6	Q96PV6
O75586	O75586
Q9Y2M5	Q9Y2M5
P09874	P09874
Q9HBM6	Q9HBM6
Q9HBM6	Q16594
Q9NX70	Q9NX70
Q5BJF6	Q5BJF6
O75251	O75251
O43513	O43513
Q15021	Q15021
P04629	P04629
Q8N6Y0	Q8N6Y0
P62917	P62917
Q92625	Q92625
Q8IX12	Q8IX12
P17931	P17931
P38606	P38606
Q6DD88	Q6DD88
Q15386	Q15386
Q9Y487	Q9Y487
Q8N448	Q8N448
O00716	O00716
Q7Z699	Q7Z699
P46063	P46063
Q99741	Q99741
Q9NRM7	Q9NRM7
Q9UPP1	Q9UPP1
Q6UY14	Q6UY14
Q8WVM8	Q8WVM8
O95758	O95758
O95758	P26599
Q9Y4K3	Q9Y4K3
Q9UBC3	Q9UBC3
P42695	P42695
P0CG47	P0CG47
Q9P286	Q9P286
Q14690	Q14690
P46778	P46778
P19793	P19793
Q9H7F0	Q9H7F0
Q6A162	Q6A162
Q8NAU1	Q8NAU1
P61244	P61244
P21964	P21964
O95478	O95478
Q9Y3C0	Q9Y3C0
Q92520	Q92520
P48643	P48643
P34741	P34741
Q5PSV4	Q5PSV4
P31323	P31323
O14979	O14979
O14974	O14974
P10415	P10415
O14901	O14901
Q8N5H7	Q8N5H7
P43115	P43115
Q9NQ29	Q9NQ29
O14936	O14936
P20290	P20290
Q92844	Q92844
P29597	P29597
P53365	P53365
Q15393	Q15393
P04083	P04083
P60520	P60520
P02787	P02787
P35227	P35227
P20700	P20700
Q6NYC1	Q6NYC1
P62308	P62308
P55735	P55735
P50222	P50222
P28070	P28070
Q8N5M9	Q8N5M9
Q9NW64	Q9NW64
P20591	P20591
P04406	P04406
P35250	P35250
Q58EX7	Q58EX7
Q96RU2	Q96RU2
Q8N3V7	Q8N3V7
Q16637	Q16637
Q96TC7	Q96TC7
P06239	P06239
P13637	P13637
P13637	P05023
Q05516	Q05516
Q9UGM1	Q9UGM1
P82673	P82673
Q6K0P9	Q6K0P9
Q06710	Q06710
Q9BQ52	Q9BQ52
Q86VP1	Q86VP1
Q9Y5B9	Q9Y5B9
Q8IY57	Q8IY57
O00214	O00214
Q96G21	Q96G21
O15226	O15226
Q7Z3C6	Q7Z3C6
P57078	P57078
Q96TA2	Q96TA2
Q5TB80	Q5TB80
Q9C0F1	Q9C0F1
O15145	O15145
O14967	O14967
Q93009	Q93009
P06748	P06748
Q7Z3S9	Q7Z3S9
Q7Z3S9	P0DPK4
P16234	P16234
Q9NPI1	Q9NPI1
Q8N766	Q8N766
P29353	P29353
P01116	P01116
P01116	P01111
P01116	P01112
Q9Y230	Q9Y230
P54619	P54619
Q9Y6K9	Q9Y6K9
Q13492	Q13492
Q9H8H2	Q9H8H2
Q8TDN6	Q8TDN6
O43318	O43318
Q96CW5	Q96CW5
Q15788	Q15788
Q53GS9	Q53GS9
P38432	P38432
P14373	P14373
P35499	P35499
O15357	O15357
Q96AG3	Q96AG3
P20042	P20042
Q8WUI4	Q8WUI4
Q96B23	Q96B23
Q969S9	Q969S9
Q15758	Q15758
Q8N9T8	Q8N9T8
P31942	P31942
P61956	P61956
P61956	P55854
Q9Y3U8	Q9Y3U8
P43005	P43005
Q13228	Q13228
O43865	O43865
O43865	Q96HN2
P43220	P43220
P22830	P22830
P62304	P62304
Q12952	Q12952
O00566	O00566
Q92552	Q92552
Q5VWQ0	Q5VWQ0
Q9NW13	Q9NW13
Q8TDB4	Q8TDB4
Q01081	Q01081
Q12959	Q12959
Q86XK2	Q86XK2
P01137	P01137
Q9UK22	Q9UK22
Q96B26	Q96B26
O15350	O15350
Q9BY44	Q9BY44
Q15365	Q15365
Q15365	Q15366
O60488	O60488
P17655	P17655
O60563	O60563
Q8IWI9	Q8IWI9
Q9BXM7	Q9BXM7
A0JLT2	A0JLT2
P09471	P09471
P04271	P04271
Q9HCK8	Q9HCK8
Q06455	Q06455
P0C7T5	P0C7T5
Q8NFD5	Q8NFD5
Q9UKR5	Q9UKR5
Q9H0U4	Q9H0U4
Q9H0U4	P62820
Q92633	Q92633
Q9UHB6	Q9UHB6
Q96G23	Q96G23
P08238	P08238
P08238	P07900
P49815	P49815
P40939	P40939
Q9NZL4	Q9NZL4
Q9BUN8	Q9BUN8
P13861	P13861
P51674	P51674
Q9Y468	Q9Y468
Q15942	Q15942
Q02930	Q02930
P62191	P62191
Q9UQ90	Q9UQ90
Q92673	Q92673
P25685	P25685
Q8NCK7	Q8NCK7
P25490	P25490
P20020	P20020
P20020	Q01814
O60812	O60812
O60812	P07910
Q8TAT6	Q8TAT6
Q969Q1	Q969Q1
P05026	P05026
Q12830	Q12830
P18887	P18887
Q9UKS6	Q9UKS6
Q02880	Q02880
Q9BVC4	Q9BVC4
P41182	P41182
Q07866	Q07866
Q9UL42	Q9UL42
P31930	P31930
Q13503	Q13503
Q99873	Q99873
P35579	P35579
P35579	P35580
O00487	O00487
P07550	P07550
Q70EL1	Q70EL1
P11473	P11473
Q15154	Q15154
P62081	P62081
P21333	P21333
O43809	O43809
Q13451	Q13451
P50991	P50991
O75874	O75874
P46939	P46939
Q7L014	Q7L014
Q96K58	Q96K58
O43684	O43684
P41219	P41219
Q03181	Q03181
P37108	P37108
Q13315	Q13315
Q06481	Q06481
Q0VD86	Q0VD86
Q96QF0	Q96QF0
P49761	P49761
Q9P2A4	Q9P2A4
P62906	P62906
Q13485	Q13485
Q9NYF8	Q9NYF8
O43172	O43172
Q9UJX4	Q9UJX4
Q92876	Q92876
Q9NR30	Q9NR30
P49848	P49848
Q7L2E3	Q7L2E3
P20648	P20648
Q6PKG0	Q6PKG0
Q8WVV9	Q8WVV9
P46199	P46199
O14579	O14579
Q13425	Q13425
P61026	P61026
P61026	P61006
Q15149	Q15149
O14640	O14640
Q9UGP8	Q9UGP8
O43678	O43678
Q9NRX1	Q9NRX1
Q9H0W5	Q9H0W5
Q6P2Q9	Q6P2Q9
O60260	O60260
P21453	P21453
P46781	P46781
Q9BRT9	Q9BRT9
P60484	P60484
P35711	P35711
P05187	P05187
Q15915	Q15915
Q96EC8	Q96EC8
Q9BSJ8	Q9BSJ8
P62873	P62873
P62873	P62879
Q15291	Q15291
Q9UJZ1	Q9UJZ1
O60493	O60493
Q96I36	Q96I36
P07339	P07339
O60763	O60763
Q8ND90	Q8ND90
Q9BQE9	Q9BQE9
Q15269	Q15269
Q8N0Z3	Q8N0Z3
P42704	P42704
A0AVT1	A0AVT1
P13667	P13667
Q9H3N1	Q9H3N1
Q9NSE4	Q9NSE4
Q9NRC1	Q9NRC1
P15151	P15151
Q29RF7	Q29RF7
O43639	O43639
P17812	P17812
Q8N488	Q8N488
O14556	O14556
Q07002	Q07002
Q6I9Y2	Q6I9Y2
P78424	P78424
P84022	P84022
P84022	Q15796
Q8N6T7	Q8N6T7
O14908	O14908
P62341	P62341
Q9GZM5	Q9GZM5
Q99759	Q99759
P11274	P11274
Q3KNW5	Q3KNW5
O60333	O60333
Q13136	Q13136
P19525	P19525
P07996	P07996
Q13137	Q13137
Q13952	Q13952
Q9NY72	Q9NY72
O15264	O15264
Q9ULR0	Q9ULR0
Q99615	Q99615
P51946	P51946
Q5JTH9	Q5JTH9
P62993	P62993
Q13243	Q13243
Q9UNN5	Q9UNN5
P42765	P42765
Q9UQC2	Q9UQC2
Q9H334	Q9H334
O43464	O43464
Q13443	Q13443
Q8N122	Q8N122
Q9UNX3	Q9UNX3
Q9UNX3	P61254
P10721	P10721
P33992	P33992
Q9NV96	Q9NV96
O95166	O95166
O95166	Q9H0R8
O75554	O75554
P50395	P50395
P50395	P31150
Q00403	Q00403
Q6STE5	Q6STE5
Q6STE5	Q96GM5
Q15051	Q15051
Q03135	Q03135
Q96I25	Q96I25
P28066	P28066
Q8N3U4	Q8N3U4
Q15599	Q15599
Q14203	Q14203
Q6ZT12	Q6ZT12
Q15596	Q15596
Q16778	Q16778
Q16778	Q8N257
Q16778	Q96A08
Q16778	Q93079
Q16778	P62807
Q16778	P58876
Q6NSJ5	Q6NSJ5
Q96PU8	Q96PU8
P30519	P30519
Q12905	Q12905
P54764	P54764
O94905	O94905
O15127	O15127
Q9Y375	Q9Y375
Q9Y512	Q9Y512
Q9Y5Z7	Q9Y5Z7
Q9UFB7	Q9UFB7
P55265	P55265
O15155	O15155
Q6ZMI0	Q6ZMI0
P21912	P21912
Q93050	Q93050
P01023	P01023
P53667	P53667
P35968	P35968
Q92785	Q92785
O60232	O60232
Q9BYB0	Q9BYB0
O00165	O00165
Q13835	Q13835
Q16740	Q16740
Q8WUA2	Q8WUA2
P55081	P55081
A3KMH1	A3KMH1
Q9Y2T7	Q9Y2T7
O75886	O75886
O94842	O94842
O00443	O00443
Q15388	Q15388
Q9Y2H9	Q9Y2H9
Q01658	Q01658
P41235	P41235
Q9Y4A5	Q9Y4A5
P10147	P10147
P0DP23	P0DP23
P0DP23	P27482
Q92569	Q92569
P61086	P61086
P16403	P16403
P16403	P10412
P16403	P16402
P16403	P16401
Q10713	Q10713
Q86YM7	Q86YM7
P11802	P11802
Q9BVJ6	Q9BVJ6
P68104	P68104
P68104	Q05639
Q01094	Q01094
Q96AG4	Q96AG4
O00411	O00411
Q12906	Q12906
Q9NUQ8	Q9NUQ8
P24941	P24941
P07948	P07948
Q9H0E2	Q9H0E2
O75179	O75179
Q86TX2	Q86TX2
Q86TX2	P49753
A4D1E9	A4D1E9
Q13277	Q13277
Q7Z4V5	Q7Z4V5
P27694	P27694
Q9UJX3	Q9UJX3
Q96B97	Q96B97
O00712	O00712
Q8IWZ5	Q8IWZ5
Q15120	Q15120
Q8NA61	Q8NA61
Q9P015	Q9P015
Q16659	Q16659
P40692	P40692
P61968	P61968
Q9Y3A5	Q9Y3A5
P28074	P28074
O95155	O95155
O95644	O95644
Q92616	Q92616
O95858	O95858
P0CG48	P0CG48
P17844	P17844
P52435	P52435
O14645	O14645
A8MQ03	A8MQ03
Q6Y7W6	Q6Y7W6
P06401	P06401
Q15050	Q15050
Q5UIP0	Q5UIP0
O76024	O76024
Q9H4K7	Q9H4K7
Q96KQ4	Q96KQ4
Q96EB6	Q96EB6
Q86U44	Q86U44
P25786	P25786
P61221	P61221
Q96K80	Q96K80
Q15046	Q15046
Q9H078	Q9H078
Q13547	Q13547
Q13547	Q92769
P46776	P46776
Q00534	Q00534
Q96GF1	Q96GF1
O00217	O00217
O43741	O43741
Q13418	Q13418
P51948	P51948
Q8NDX5	Q8NDX5
Q9NS23	Q9NS23
Q9H3P7	Q9H3P7
P09012	P09012
P05549	P05549
Q3ZAQ7	Q3ZAQ7
Q15165	Q15165
Q9Y2Z4	Q9Y2Z4
O00267	O00267
Q00341	Q00341
P27797	P27797
P08240	P08240
P27105	P27105
O14950	O14950
P52815	P52815
Q8NC51	Q8NC51
Q9UIL8	Q9UIL8
Q14444	Q14444
O60508	O60508
Q96BY9	Q96BY9
O95292	O95292
Q13490	Q13490
Q96D46	Q96D46
O75489	O75489
P49841	P49841
P49841	P49840
P36542	P36542
P11279	P11279
P25054	P25054
P53355	P53355
P04049	P04049
Q9NS69	Q9NS69
O14965	O14965
O14776	O14776
Q99816	Q99816
P04626	P04626
O00255	O00255
P46736	P46736
Q08945	Q08945
O95071	O95071
P19388	P19388
P20248	P20248
Q14978	Q14978
P49639	P49639
Q9BXK1	Q9BXK1
Q96EV8	Q96EV8
P56180	P56180
Q9UBU9	Q9UBU9
P35520	P35520
Q9UPN9	Q9UPN9
Q9UET6	Q9UET6
Q9H5K3	Q9H5K3
P62851	P62851
Q13625	Q13625
Q9Y5S9	Q9Y5S9
P08574	P08574
Q9UHV9	Q9UHV9
O43251	O43251
O60739	O60739
Q9NQ55	Q9NQ55
Q8IVM8	Q8IVM8
Q8WV44	Q8WV44
Q13107	Q13107
Q9H944	Q9H944
Q02809	Q02809
Q13813	Q13813
Q9Y295	Q9Y295
P15927	P15927
O15344	O15344
P25205	P25205
P78406	P78406
P54727	P54727
Q9UBX3	Q9UBX3
P49459	P49459
P49459	P63146
Q15427	Q15427
Q8NI27	Q8NI27
O75478	O75478
P46098	P46098
Q9Y282	Q9Y282
O43586	O43586
Q08379	Q08379
P19438	P19438
Q9NQG5	Q9NQG5
O43847	O43847
Q9Y2R9	Q9Y2R9
O15084	O15084
Q07954	Q07954
P25398	P25398
Q12789	Q12789
P26639	P26639
P05771	P05771
P05771	P17252
P19838	P19838
Q8N163	Q8N163
P41162	P41162
O15514	O15514
Q9NY97	Q9NY97
Q13164	Q13164
Q01780	Q01780
Q969T4	Q969T4
Q969T4	Q96LR5
Q969T4	P51965
Q8IUH5	Q8IUH5
O43290	O43290
P05198	P05198
Q15185	Q15185
P11215	P11215
P62857	P62857
Q09161	Q09161
Q12873	Q12873
Q9Y5L0	Q9Y5L0
Q9H0U3	Q9H0U3
Q13627	Q13627
Q5T447	Q5T447
P39656	P39656
Q6P1X5	Q6P1X5
P23769	P23769
P07814	P07814
O95831	O95831
P02751	P02751
P53999	P53999
Q9Y5M8	Q9Y5M8
P42696	P42696
Q14684	Q14684
O43482	O43482
O15178	O15178
Q13283	Q13283
Q9H5X1	Q9H5X1
Q9UGN5	Q9UGN5
Q9H257	Q9H257
P47871	P47871
Q8WYH8	Q8WYH8
P63241	P63241
Q9BSJ2	Q9BSJ2
Q9NZM3	Q9NZM3
P49792	P49792
P62333	P62333
Q14847	Q14847
Q15436	Q15436
Q15436	Q15437
P04233	P04233
P55040	P55040
Q8WVV4	Q8WVV4
P12109	P12109
Q99607	Q99607
P48730	P48730
P48730	P49674
Q13423	Q13423
P26358	P26358
Q9Y5Q9	Q9Y5Q9
Q96L21	Q96L21
Q96L21	P27635
O15294	O15294
P08173	P08173
Q13191	Q13191
O15014	O15014
P01903	P01903
Q9H1C4	Q9H1C4
Q9Y6C9	Q9Y6C9
O95070	O95070
Q14141	Q14141
O15355	O15355
P54578	P54578
P08559	P08559
Q9HAU5	Q9HAU5
O95983	O95983
Q15125	Q15125
Q9P0L0	Q9P0L0
Q92922	Q92922
Q9UPN7	Q9UPN7
O14757	O14757
P46777	P46777
P42357	P42357
P60891	P60891
P60891	P11908
Q15723	Q15723
Q99729	Q99729
O14519	O14519
Q15642	Q15642
Q9ULV4	Q9ULV4
O00170	O00170
O94886	O94886
Q9UJV8	Q9UJV8
P30419	P30419
P83111	P83111
P31314	P31314
Q9Y5K6	Q9Y5K6
Q9Y2X3	Q9Y2X3
Q9UQ80	Q9UQ80
P04843	P04843
O00308	O00308
Q15645	Q15645
P34932	P34932
P28335	P28335
Q04323	Q04323
O96028	O96028
P61927	P61927
Q13112	Q13112
Q9NZQ3	Q9NZQ3
Q8TAF3	Q8TAF3
Q96IK5	Q96IK5
Q9H6Z9	Q9H6Z9
Q9NVF7	Q9NVF7
P54707	P54707
Q5VWX1	Q5VWX1
P05783	P05783
P49821	P49821
Q13098	Q13098
Q8IWV7	Q8IWV7
Q9NPL8	Q9NPL8
Q00653	Q00653
P15056	P15056
O15258	O15258
Q9BSM1	Q9BSM1
P36894	P36894
P54219	P54219
O43169	O43169
O00567	O00567
P02511	P02511
Q96A44	Q96A44
Q9UKM9	Q9UKM9
Q04724	Q04724
Q04724	Q04726
P62899	P62899
P41970	P41970
P31947	P31947
P60510	P60510
Q9UBS4	Q9UBS4
O60437	O60437
Q6DN90	Q6DN90
P04844	P04844
Q14566	Q14566
P13693	P13693
P63220	P63220
P14923	P14923
P62244	P62244
Q9Y4I1	Q9Y4I1
P48742	P48742
P52948	P52948
Q8WUK0	Q8WUK0
Q15526	Q15526
P62753	P62753
Q9NWS0	Q9NWS0
P20618	P20618
O75530	O75530
P01106	P01106
P23142	P23142
Q8NA72	Q8NA72
O00203	O00203
O75461	O75461
P52655	P52655
Q9UQ88	Q9UQ88
Q9UQ88	P21127
Q14161	Q14161
P55036	P55036
Q99569	Q99569
