,AAAAA,AAAAC,AAAAG,AAAAT,AAACA,AAACC,AAACG,AAACT,AAAGA,AAAGC,AAAGG,AAAGT,AAATA,AAATC,AAATG,AAATT,AACAA,AACAC,AACAG,AACAT,AACCA,AACCC,AACCG,AACCT,AACGA,AACGC,AACGG,AACGT,AACTA,AACTC,AACTG,AACTT,AAGAA,AAGAC,AAGAG,AAGAT,AAGCA,AAGCC,AAGCG,AAGCT,AAGGA,AAGGC,AAGGG,AAGGT,AAGTA,AAGTC,AAGTG,AAGTT,AATAA,AATAC,AATAG,AATAT,AATCA,AATCC,AATCG,AATCT,AATGA,AATGC,AATGG,AATGT,AATTA,AATTC,AATTG,AATTT,ACAAA,ACAAC,ACAAG,ACAAT,ACACA,ACACC,ACACG,ACACT,ACAGA,ACAGC,ACAGG,ACAGT,ACATA,ACATC,ACATG,ACATT,ACCAA,ACCAC,ACCAG,ACCAT,ACCCA,ACCCC,ACCCG,ACCCT,ACCGA,ACCGC,ACCGG,ACCGT,ACCTA,ACCTC,ACCTG,ACCTT,ACGAA,ACGAC,ACGAG,ACGAT,ACGCA,ACGCC,ACGCG,ACGCT,ACGGA,ACGGC,ACGGG,ACGGT,ACGTA,ACGTC,ACGTG,ACGTT,ACTAA,ACTAC,ACTAG,ACTAT,ACTCA,ACTCC,ACTCG,ACTCT,ACTGA,ACTGC,ACTGG,ACTGT,ACTTA,ACTTC,ACTTG,ACTTT,AGAAA,AGAAC,AGAAG,AGAAT,AGACA,AGACC,AGACG,AGACT,AGAGA,AGAGC,AGAGG,AGAGT,AGATA,AGATC,AGATG,AGATT,AGCAA,AGCAC,AGCAG,AGCAT,AGCCA,AGCCC,AGCCG,AGCCT,AGCGA,AGCGC,AGCGG,AGCGT,AGCTA,AGCTC,AGCTG,AGCTT,AGGAA,AGGAC,AGGAG,AGGAT,AGGCA,AGGCC,AGGCG,AGGCT,AGGGA,AGGGC,AGGGG,AGGGT,AGGTA,AGGTC,AGGTG,AGGTT,AGTAA,AGTAC,AGTAG,AGTAT,AGTCA,AGTCC,AGTCG,AGTCT,AGTGA,AGTGC,AGTGG,AGTGT,AGTTA,AGTTC,AGTTG,AGTTT,ATAAA,ATAAC,ATAAG,ATAAT,ATACA,ATACC,ATACG,ATACT,ATAGA,ATAGC,ATAGG,ATAGT,ATATA,ATATC,ATATG,ATATT,ATCAA,ATCAC,ATCAG,ATCAT,ATCCA,ATCCC,ATCCG,ATCCT,ATCGA,ATCGC,ATCGG,ATCGT,ATCTA,ATCTC,ATCTG,ATCTT,ATGAA,ATGAC,ATGAG,ATGAT,ATGCA,ATGCC,ATGCG,ATGCT,ATGGA,ATGGC,ATGGG,ATGGT,ATGTA,ATGTC,ATGTG,ATGTT,ATTAA,ATTAC,ATTAG,ATTAT,ATTCA,ATTCC,ATTCG,ATTCT,ATTGA,ATTGC,ATTGG,ATTGT,ATTTA,ATTTC,ATTTG,ATTTT,CAAAA,CAAAC,CAAAG,CAAAT,CAACA,CAACC,CAACG,CAACT,CAAGA,CAAGC,CAAGG,CAAGT,CAATA,CAATC,CAATG,CAATT,CACAA,CACAC,CACAG,CACAT,CACCA,CACCC,CACCG,CACCT,CACGA,CACGC,CACGG,CACGT,CACTA,CACTC,CACTG,CACTT,CAGAA,CAGAC,CAGAG,CAGAT,CAGCA,CAGCC,CAGCG,CAGCT,CAGGA,CAGGC,CAGGG,CAGGT,CAGTA,CAGTC,CAGTG,CAGTT,CATAA,CATAC,CATAG,CATAT,CATCA,CATCC,CATCG,CATCT,CATGA,CATGC,CATGG,CATGT,CATTA,CATTC,CATTG,CATTT,CCAAA,CCAAC,CCAAG,CCAAT,CCACA,CCACC,CCACG,CCACT,CCAGA,CCAGC,CCAGG,CCAGT,CCATA,CCATC,CCATG,CCATT,CCCAA,CCCAC,CCCAG,CCCAT,CCCCA,CCCCC,CCCCG,CCCCT,CCCGA,CCCGC,CCCGG,CCCGT,CCCTA,CCCTC,CCCTG,CCCTT,CCGAA,CCGAC,CCGAG,CCGAT,CCGCA,CCGCC,CCGCG,CCGCT,CCGGA,CCGGC,CCGGG,CCGGT,CCGTA,CCGTC,CCGTG,CCGTT,CCTAA,CCTAC,CCTAG,CCTAT,CCTCA,CCTCC,CCTCG,CCTCT,CCTGA,CCTGC,CCTGG,CCTGT,CCTTA,CCTTC,CCTTG,CCTTT,CGAAA,CGAAC,CGAAG,CGAAT,CGACA,CGACC,CGACG,CGACT,CGAGA,CGAGC,CGAGG,CGAGT,CGATA,CGATC,CGATG,CGATT,CGCAA,CGCAC,CGCAG,CGCAT,CGCCA,CGCCC,CGCCG,CGCCT,CGCGA,CGCGC,CGCGG,CGCGT,CGCTA,CGCTC,CGCTG,CGCTT,CGGAA,CGGAC,CGGAG,CGGAT,CGGCA,CGGCC,CGGCG,CGGCT,CGGGA,CGGGC,CGGGG,CGGGT,CGGTA,CGGTC,CGGTG,CGGTT,CGTAA,CGTAC,CGTAG,CGTAT,CGTCA,CGTCC,CGTCG,CGTCT,CGTGA,CGTGC,CGTGG,CGTGT,CGTTA,CGTTC,CGTTG,CGTTT,CTAAA,CTAAC,CTAAG,CTAAT,CTACA,CTACC,CTACG,CTACT,CTAGA,CTAGC,CTAGG,CTAGT,CTATA,CTATC,CTATG,CTATT,CTCAA,CTCAC,CTCAG,CTCAT,CTCCA,CTCCC,CTCCG,CTCCT,CTCGA,CTCGC,CTCGG,CTCGT,CTCTA,CTCTC,CTCTG,CTCTT,CTGAA,CTGAC,CTGAG,CTGAT,CTGCA,CTGCC,CTGCG,CTGCT,CTGGA,CTGGC,CTGGG,CTGGT,CTGTA,CTGTC,CTGTG,CTGTT,CTTAA,CTTAC,CTTAG,CTTAT,CTTCA,CTTCC,CTTCG,CTTCT,CTTGA,CTTGC,CTTGG,CTTGT,CTTTA,CTTTC,CTTTG,CTTTT,GAAAA,GAAAC,GAAAG,GAAAT,GAACA,GAACC,GAACG,GAACT,GAAGA,GAAGC,GAAGG,GAAGT,GAATA,GAATC,GAATG,GAATT,GACAA,GACAC,GACAG,GACAT,GACCA,GACCC,GACCG,GACCT,GACGA,GACGC,GACGG,GACGT,GACTA,GACTC,GACTG,GACTT,GAGAA,GAGAC,GAGAG,GAGAT,GAGCA,GAGCC,GAGCG,GAGCT,GAGGA,GAGGC,GAGGG,GAGGT,GAGTA,GAGTC,GAGTG,GAGTT,GATAA,GATAC,GATAG,GATAT,GATCA,GATCC,GATCG,GATCT,GATGA,GATGC,GATGG,GATGT,GATTA,GATTC,GATTG,GATTT,GCAAA,GCAAC,GCAAG,GCAAT,GCACA,GCACC,GCACG,GCACT,GCAGA,GCAGC,GCAGG,GCAGT,GCATA,GCATC,GCATG,GCATT,GCCAA,GCCAC,GCCAG,GCCAT,GCCCA,GCCCC,GCCCG,GCCCT,GCCGA,GCCGC,GCCGG,GCCGT,GCCTA,GCCTC,GCCTG,GCCTT,GCGAA,GCGAC,GCGAG,GCGAT,GCGCA,GCGCC,GCGCG,GCGCT,GCGGA,GCGGC,GCGGG,GCGGT,GCGTA,GCGTC,GCGTG,GCGTT,GCTAA,GCTAC,GCTAG,GCTAT,GCTCA,GCTCC,GCTCG,GCTCT,GCTGA,GCTGC,GCTGG,GCTGT,GCTTA,GCTTC,GCTTG,GCTTT,GGAAA,GGAAC,GGAAG,GGAAT,GGACA,GGACC,GGACG,GGACT,GGAGA,GGAGC,GGAGG,GGAGT,GGATA,GGATC,GGATG,GGATT,GGCAA,GGCAC,GGCAG,GGCAT,GGCCA,GGCCC,GGCCG,GGCCT,GGCGA,GGCGC,GGCGG,GGCGT,GGCTA,GGCTC,GGCTG,GGCTT,GGGAA,GGGAC,GGGAG,GGGAT,GGGCA,GGGCC,GGGCG,GGGCT,GGGGA,GGGGC,GGGGG,GGGGT,GGGTA,GGGTC,GGGTG,GGGTT,GGTAA,GGTAC,GGTAG,GGTAT,GGTCA,GGTCC,GGTCG,GGTCT,GGTGA,GGTGC,GGTGG,GGTGT,GGTTA,GGTTC,GGTTG,GGTTT,GTAAA,GTAAC,GTAAG,GTAAT,GTACA,GTACC,GTACG,GTACT,GTAGA,GTAGC,GTAGG,GTAGT,GTATA,GTATC,GTATG,GTATT,GTCAA,GTCAC,GTCAG,GTCAT,GTCCA,GTCCC,GTCCG,GTCCT,GTCGA,GTCGC,GTCGG,GTCGT,GTCTA,GTCTC,GTCTG,GTCTT,GTGAA,GTGAC,GTGAG,GTGAT,GTGCA,GTGCC,GTGCG,GTGCT,GTGGA,GTGGC,GTGGG,GTGGT,GTGTA,GTGTC,GTGTG,GTGTT,GTTAA,GTTAC,GTTAG,GTTAT,GTTCA,GTTCC,GTTCG,GTTCT,GTTGA,GTTGC,GTTGG,GTTGT,GTTTA,GTTTC,GTTTG,GTTTT,TAAAA,TAAAC,TAAAG,TAAAT,TAACA,TAACC,TAACG,TAACT,TAAGA,TAAGC,TAAGG,TAAGT,TAATA,TAATC,TAATG,TAATT,TACAA,TACAC,TACAG,TACAT,TACCA,TACCC,TACCG,TACCT,TACGA,TACGC,TACGG,TACGT,TACTA,TACTC,TACTG,TACTT,TAGAA,TAGAC,TAGAG,TAGAT,TAGCA,TAGCC,TAGCG,TAGCT,TAGGA,TAGGC,TAGGG,TAGGT,TAGTA,TAGTC,TAGTG,TAGTT,TATAA,TATAC,TATAG,TATAT,TATCA,TATCC,TATCG,TATCT,TATGA,TATGC,TATGG,TATGT,TATTA,TATTC,TATTG,TATTT,TCAAA,TCAAC,TCAAG,TCAAT,TCACA,TCACC,TCACG,TCACT,TCAGA,TCAGC,TCAGG,TCAGT,TCATA,TCATC,TCATG,TCATT,TCCAA,TCCAC,TCCAG,TCCAT,TCCCA,TCCCC,TCCCG,TCCCT,TCCGA,TCCGC,TCCGG,TCCGT,TCCTA,TCCTC,TCCTG,TCCTT,TCGAA,TCGAC,TCGAG,TCGAT,TCGCA,TCGCC,TCGCG,TCGCT,TCGGA,TCGGC,TCGGG,TCGGT,TCGTA,TCGTC,TCGTG,TCGTT,TCTAA,TCTAC,TCTAG,TCTAT,TCTCA,TCTCC,TCTCG,TCTCT,TCTGA,TCTGC,TCTGG,TCTGT,TCTTA,TCTTC,TCTTG,TCTTT,TGAAA,TGAAC,TGAAG,TGAAT,TGACA,TGACC,TGACG,TGACT,TGAGA,TGAGC,TGAGG,TGAGT,TGATA,TGATC,TGATG,TGATT,TGCAA,TGCAC,TGCAG,TGCAT,TGCCA,TGCCC,TGCCG,TGCCT,TGCGA,TGCGC,TGCGG,TGCGT,TGCTA,TGCTC,TGCTG,TGCTT,TGGAA,TGGAC,TGGAG,TGGAT,TGGCA,TGGCC,TGGCG,TGGCT,TGGGA,TGGGC,TGGGG,TGGGT,TGGTA,TGGTC,TGGTG,TGGTT,TGTAA,TGTAC,TGTAG,TGTAT,TGTCA,TGTCC,TGTCG,TGTCT,TGTGA,TGTGC,TGTGG,TGTGT,TGTTA,TGTTC,TGTTG,TGTTT,TTAAA,TTAAC,TTAAG,TTAAT,TTACA,TTACC,TTACG,TTACT,TTAGA,TTAGC,TTAGG,TTAGT,TTATA,TTATC,TTATG,TTATT,TTCAA,TTCAC,TTCAG,TTCAT,TTCCA,TTCCC,TTCCG,TTCCT,TTCGA,TTCGC,TTCGG,TTCGT,TTCTA,TTCTC,TTCTG,TTCTT,TTGAA,TTGAC,TTGAG,TTGAT,TTGCA,TTGCC,TTGCG,TTGCT,TTGGA,TTGGC,TTGGG,TTGGT,TTGTA,TTGTC,TTGTG,TTGTT,TTTAA,TTTAC,TTTAG,TTTAT,TTTCA,TTTCC,TTTCG,TTTCT,TTTGA,TTTGC,TTTGG,TTTGT,TTTTA,TTTTC,TTTTG,TTTTT,risk_label
hpv10,13,10,13,13,13,5,6,7,12,9,8,13,16,4,16,8,12,7,12,11,11,8,3,1,4,3,3,6,11,3,6,11,10,7,7,9,12,10,3,4,7,8,8,9,8,4,11,10,14,7,7,19,3,4,4,6,3,9,12,16,8,3,12,9,15,9,11,14,20,15,9,10,12,15,21,12,15,8,10,18,15,10,9,9,11,7,1,11,5,2,4,2,6,2,10,6,8,5,7,4,6,8,0,4,8,3,4,8,3,5,8,5,5,5,7,12,2,4,2,4,3,6,16,14,8,6,9,14,15,9,7,7,14,3,6,4,4,8,12,3,9,6,19,10,10,12,14,13,14,7,3,6,8,0,3,7,5,2,12,7,10,13,12,14,12,9,6,4,11,7,11,9,8,6,11,6,6,8,6,4,7,2,0,3,10,9,17,7,2,5,4,15,10,6,10,9,12,6,5,5,11,8,11,8,18,12,17,28,1,4,6,5,6,6,2,12,2,2,3,4,9,2,5,3,8,7,7,13,14,5,4,10,16,11,12,10,16,7,25,13,10,6,4,17,7,5,1,3,9,12,15,18,9,11,14,18,14,10,8,10,6,5,2,5,8,6,14,5,10,5,12,10,10,16,18,16,19,12,2,10,5,8,13,6,6,3,11,10,11,8,9,15,19,8,8,15,17,11,13,9,7,3,14,8,5,9,6,17,3,7,4,3,6,7,11,9,10,5,17,16,14,2,7,12,8,15,4,9,10,13,8,5,7,4,11,13,6,7,10,5,7,5,4,8,1,2,4,6,7,4,15,4,3,3,3,3,4,5,4,1,6,2,2,2,3,6,3,1,7,6,3,10,2,8,1,6,7,12,9,18,6,4,6,9,2,5,3,5,8,3,4,9,4,2,6,1,3,3,2,2,4,3,8,6,6,3,3,4,1,2,2,1,1,2,5,3,8,5,3,3,2,0,3,2,5,3,4,6,2,4,5,3,2,2,3,3,1,8,3,4,1,8,2,9,0,1,2,7,9,5,6,6,8,3,2,6,5,4,6,7,16,4,11,8,2,3,4,2,7,6,2,6,1,4,0,1,4,1,3,5,3,12,2,6,13,8,6,7,8,12,15,9,13,5,14,16,4,4,5,11,4,7,2,5,3,5,6,9,14,9,11,9,11,9,7,10,10,11,4,10,6,6,4,8,6,4,8,6,11,21,16,12,6,7,5,7,10,7,2,6,5,3,9,5,7,6,5,4,10,6,4,3,23,6,11,6,4,2,6,0,3,4,6,16,4,8,1,3,15,8,15,9,4,3,7,8,10,6,11,7,24,11,10,10,13,15,10,9,8,4,10,15,10,8,8,15,4,5,5,5,3,5,2,3,5,5,10,9,1,14,1,3,6,0,2,2,4,1,6,3,2,4,6,4,7,5,5,7,2,3,1,2,7,12,10,14,6,4,5,15,13,17,6,8,22,12,6,6,13,6,18,4,11,3,12,4,9,21,7,7,7,4,5,8,7,4,5,2,9,2,7,4,11,12,12,6,10,6,5,7,15,8,15,10,11,7,14,4,5,15,9,7,7,5,5,5,7,9,15,15,3,1,11,4,7,12,5,6,20,7,5,10,14,7,3,7,12,4,16,8,5,6,13,2,9,2,6,4,2,5,1,1,3,8,5,3,4,9,6,8,18,13,3,14,15,10,11,13,24,8,24,15,6,4,2,8,3,8,1,5,6,6,7,15,14,6,16,8,11,2,14,11,13,2,4,9,7,8,6,7,15,4,4,8,16,10,14,12,7,3,3,6,5,0,5,3,7,3,13,11,10,6,6,16,8,6,3,4,2,6,6,7,5,3,12,8,14,8,19,23,6,7,2,7,11,9,11,27,15,5,18,19,3,1,4,4,8,2,9,1,8,7,11,6,7,1,2,2,4,11,9,6,6,7,3,6,3,5,2,2,8,6,11,6,3,2,2,0,5,3,0,4,1,1,6,1,2,1,3,0,7,3,7,10,5,6,2,1,6,4,9,2,4,4,3,5,7,4,8,4,16,7,9,3,1,7,10,4,6,4,14,6,11,19,18,11,14,5,2,11,3,4,4,6,9,2,19,16,15,16,14,7,20,9,4,9,10,10,18,11,15,5,16,6,17,17,13,26,11,6,1,7,9,22,15,40,15,10,17,18,12,5,7,10,12,3,1,13,8,2,1,6,18,2,14,13,4,7,9,3,8,8,2,9,2,1,5,0,11,3,8,5,8,7,7,3,14,6,4,15,13,9,11,10,20,5,23,16,14,15,6,10,9,7,4,14,7,16,15,22,8,8,19,32,0
hpv102,29,11,17,14,20,5,10,6,6,12,13,14,17,4,10,10,18,8,20,15,8,5,3,6,4,4,3,6,8,4,9,4,7,4,2,6,12,7,4,7,8,7,6,11,15,2,15,9,14,13,8,13,4,9,1,4,11,5,13,18,9,6,9,13,20,16,5,16,20,12,5,10,15,14,24,24,19,8,17,14,12,11,17,3,7,13,6,3,2,2,5,8,11,4,12,7,5,3,3,2,10,8,0,1,6,5,5,5,6,6,8,1,9,10,3,8,4,10,0,3,8,7,12,14,9,3,6,7,5,8,9,7,14,3,8,7,3,9,7,1,8,1,13,7,15,9,16,6,12,5,4,8,2,2,2,2,5,4,14,4,12,12,17,8,8,14,3,7,9,4,11,7,11,3,18,7,10,7,8,5,4,6,2,0,10,14,14,18,6,3,4,13,9,6,7,15,20,12,3,11,11,4,8,7,17,5,24,21,3,1,1,9,10,3,2,10,0,1,3,0,3,1,5,4,10,6,10,12,17,2,4,11,8,13,17,10,16,8,23,17,7,21,4,11,4,7,0,6,8,14,14,14,20,8,17,13,16,17,13,8,14,5,5,11,3,7,6,5,10,6,12,11,12,14,16,11,15,13,6,7,3,5,6,6,8,5,14,5,12,12,10,9,12,13,2,13,17,17,13,13,9,5,28,11,6,11,5,23,4,5,2,2,2,9,19,13,10,2,13,14,8,7,6,9,15,16,8,9,9,11,15,14,9,0,13,7,8,8,8,6,10,12,4,11,5,4,1,7,8,3,7,8,2,4,3,2,6,5,0,0,3,0,3,5,4,3,5,9,10,9,6,14,0,8,1,8,9,13,5,14,7,8,10,15,4,2,1,1,7,3,5,3,1,1,4,1,5,1,0,1,4,3,6,7,5,6,4,4,0,1,2,1,2,0,1,0,3,3,5,2,3,1,2,2,3,1,9,2,3,4,5,5,5,3,6,2,0,6,2,6,2,5,6,5,6,1,4,3,13,2,7,10,11,8,7,7,3,5,3,4,9,3,10,11,2,0,2,3,7,7,1,12,0,1,0,1,7,1,4,5,4,8,4,6,15,11,5,11,16,6,7,5,12,3,22,11,4,9,2,6,2,6,2,9,1,6,5,14,9,6,12,13,9,9,4,7,13,9,2,7,7,6,4,7,7,3,8,6,13,15,16,13,6,3,6,6,4,6,5,5,4,5,7,4,4,6,2,2,9,6,1,5,22,4,4,7,2,1,4,1,7,10,7,9,2,4,0,3,8,8,7,6,5,4,7,10,23,11,7,12,15,12,6,9,16,11,18,13,10,3,11,14,7,14,13,11,5,8,2,9,4,4,2,3,8,6,7,13,1,11,1,2,3,5,2,1,1,3,5,3,2,4,2,4,5,7,5,6,2,5,0,3,4,17,8,12,2,4,5,10,14,12,7,10,21,8,5,5,8,6,17,3,6,5,9,10,12,14,11,9,15,4,4,8,7,4,2,5,6,2,6,5,12,11,8,7,14,7,4,4,19,8,19,6,8,4,10,5,6,12,3,15,2,7,3,4,7,11,15,14,8,0,9,8,11,8,9,9,15,11,3,4,12,7,7,4,17,6,12,17,2,6,5,0,11,6,3,10,0,1,2,4,3,6,4,3,7,11,1,6,24,12,10,13,14,15,11,17,19,10,22,20,8,6,8,9,0,8,2,2,4,10,8,12,14,9,22,12,17,4,11,12,14,3,0,1,3,5,9,15,14,5,17,10,14,10,25,19,14,8,2,15,2,4,7,4,10,3,11,12,6,10,6,12,13,3,1,3,2,4,8,8,4,4,9,5,10,12,10,22,4,7,1,4,17,12,9,26,19,5,21,21,3,1,3,2,3,1,1,4,3,4,3,2,7,2,2,4,3,15,11,9,8,4,5,3,0,1,3,3,12,4,15,12,0,0,0,1,1,1,2,1,3,0,2,4,4,1,3,0,8,7,1,5,1,4,1,3,1,5,9,8,3,4,5,8,6,9,7,6,15,7,2,5,2,5,9,3,14,2,7,8,22,16,25,16,13,9,1,14,6,4,6,4,10,4,20,12,16,13,4,13,21,9,9,6,7,16,13,12,14,5,14,8,16,11,13,30,7,11,0,6,6,29,22,34,11,8,17,33,11,2,9,12,22,8,4,14,8,4,4,7,11,2,18,17,2,2,4,3,10,4,1,11,1,2,4,3,8,1,10,8,7,4,4,7,23,12,1,11,8,11,13,9,23,3,24,21,15,12,9,22,5,5,6,10,9,17,14,31,15,3,20,20,0
hpv106,18,13,13,13,15,9,11,5,9,15,14,10,16,3,17,8,15,7,14,12,7,9,7,11,2,4,8,6,7,3,10,2,5,8,4,3,14,7,7,5,8,4,13,6,7,1,8,8,7,10,10,14,3,6,2,2,4,11,9,15,6,4,10,12,21,14,7,10,18,15,5,7,14,7,26,15,16,9,11,13,13,13,14,8,8,17,3,6,8,3,2,5,15,4,18,13,3,5,4,6,10,4,2,3,7,4,9,8,6,0,8,4,8,10,4,14,6,4,1,2,5,13,15,17,5,4,2,6,6,6,4,4,15,2,5,8,4,9,10,5,10,0,12,2,13,13,10,7,11,7,2,6,3,2,5,9,5,2,8,11,15,22,15,8,16,9,5,2,9,10,14,6,9,3,14,9,7,5,11,6,0,5,1,2,4,9,14,8,10,2,5,12,10,11,6,8,16,15,2,9,7,4,9,14,24,6,18,19,5,1,7,4,12,3,0,8,1,3,1,4,2,1,3,5,5,11,4,10,25,5,1,12,6,10,17,9,17,9,22,16,11,5,3,16,4,5,1,1,6,12,15,17,17,9,19,15,17,15,20,16,16,10,4,6,4,9,2,3,10,4,11,13,10,14,20,9,15,11,7,15,3,4,8,7,11,2,20,5,9,4,14,9,15,7,7,10,23,18,12,12,10,4,12,11,8,6,9,14,6,7,5,3,6,11,7,12,9,2,17,17,14,7,3,13,19,16,5,7,6,13,11,8,6,3,9,12,5,10,7,4,8,17,4,18,4,6,2,5,9,5,13,10,4,5,4,4,2,10,4,0,2,1,5,5,3,1,4,3,9,13,3,15,2,11,0,4,11,19,10,15,10,6,9,12,4,2,3,0,2,5,6,3,1,3,6,0,4,1,7,5,5,5,3,4,6,4,4,9,2,4,1,1,0,2,4,3,5,2,4,2,2,1,3,3,5,8,3,6,3,9,4,4,5,1,5,1,3,5,0,3,5,9,1,6,2,1,4,6,11,2,6,4,16,5,3,11,4,3,3,3,11,6,17,8,2,4,6,3,7,4,3,3,0,0,3,0,1,0,4,3,7,9,5,6,21,8,3,21,12,9,18,8,11,5,20,13,5,5,5,11,8,9,2,4,4,5,4,8,8,4,7,8,11,6,4,7,8,9,2,5,3,5,5,5,5,2,4,4,16,13,11,13,12,8,3,7,9,8,5,2,7,4,8,4,2,5,3,3,11,7,3,7,25,5,6,8,2,2,2,3,5,13,4,12,0,5,0,1,7,8,13,13,2,2,5,7,29,7,6,11,10,13,11,19,10,12,22,10,10,6,12,14,8,10,11,10,3,11,4,8,4,3,4,1,11,6,11,9,3,5,2,5,2,9,1,4,2,3,7,3,2,7,8,1,4,9,4,9,4,1,2,2,7,15,16,14,5,9,6,6,12,10,8,8,23,14,10,5,8,6,22,2,12,1,9,5,11,19,13,9,9,9,4,9,7,6,4,5,7,1,10,2,7,18,7,6,15,10,8,7,14,8,19,8,12,8,8,10,2,14,7,8,9,6,7,2,6,14,10,10,7,5,10,9,6,7,6,5,12,9,8,4,9,3,10,7,18,5,14,7,4,7,5,5,12,5,3,6,1,3,2,3,4,3,6,5,3,8,3,6,27,14,7,9,18,11,8,10,11,10,18,15,5,6,8,13,2,6,1,4,3,10,8,21,11,5,13,16,11,6,11,8,9,6,3,6,4,4,10,6,10,4,7,7,11,11,17,15,14,6,1,17,4,3,7,3,11,4,12,6,4,13,7,9,3,5,2,4,4,5,8,9,10,1,13,7,15,13,11,27,8,5,2,5,13,13,12,24,18,3,18,24,4,8,2,4,6,4,1,5,6,7,6,4,5,3,4,6,11,14,6,8,7,2,6,5,1,4,5,0,5,2,13,5,0,1,0,2,3,0,1,2,2,1,1,4,1,3,1,5,2,3,2,4,3,1,0,0,4,6,6,3,6,4,4,3,6,6,3,3,13,9,3,7,0,10,6,2,8,4,13,4,24,16,28,22,13,6,2,13,3,4,5,3,14,4,30,10,11,10,12,11,19,11,6,8,10,14,13,18,7,4,14,8,10,13,6,29,9,10,1,11,5,25,22,30,13,5,23,18,9,4,6,11,10,9,4,9,13,4,4,7,13,3,13,29,7,4,5,6,8,8,4,8,1,0,2,3,4,0,6,4,3,4,6,7,17,7,4,16,8,14,12,6,19,7,22,15,9,16,12,18,8,8,2,5,7,17,13,17,19,5,15,35,0
hpv114,15,12,21,11,23,8,7,5,7,8,17,13,17,5,11,8,17,13,16,12,10,8,1,7,2,5,6,5,7,1,6,3,8,5,2,5,13,11,4,2,13,13,8,8,10,2,13,9,13,8,5,26,3,5,3,4,6,7,11,10,7,4,9,14,18,14,6,12,22,11,6,4,16,19,21,15,15,6,14,15,9,16,10,10,8,9,2,10,3,5,3,3,15,2,9,5,2,3,5,7,6,6,1,2,9,3,5,7,8,4,6,2,8,5,6,12,3,4,1,2,7,10,8,8,7,3,2,9,9,6,17,2,10,4,9,7,3,4,5,4,9,5,10,4,16,12,14,8,11,10,4,10,4,1,4,2,5,1,5,4,15,9,14,12,10,11,4,7,6,7,12,10,8,3,15,8,14,7,3,4,4,3,2,2,6,14,14,10,8,4,3,10,15,6,6,8,15,9,4,6,11,5,8,10,33,8,23,22,7,0,5,4,4,5,4,12,1,2,1,3,5,1,11,5,14,8,5,7,14,9,2,12,9,12,14,12,16,10,19,16,8,8,10,16,6,3,1,7,6,8,14,27,16,7,20,19,13,12,10,9,11,7,5,5,3,8,9,5,18,3,7,9,13,15,16,9,18,9,3,10,4,4,8,7,7,3,11,4,12,10,11,7,16,12,5,11,14,7,17,15,4,4,14,10,3,5,13,14,2,8,2,5,4,11,7,15,10,4,20,19,5,3,5,6,16,19,6,10,8,7,13,4,8,3,10,14,5,13,9,8,13,12,1,16,1,7,4,4,11,7,11,8,5,3,3,1,2,9,3,2,1,5,1,6,1,0,4,7,18,9,5,13,2,15,1,6,13,12,8,15,10,4,9,19,5,1,0,3,3,3,2,3,2,1,4,2,2,1,2,6,3,3,4,3,5,8,2,9,0,4,1,1,4,1,2,1,1,7,3,4,5,4,1,2,3,5,6,3,2,5,5,5,5,5,1,6,1,2,2,1,1,5,4,9,2,0,5,3,11,4,6,9,13,7,3,10,2,3,1,6,10,7,14,14,2,0,8,1,10,4,3,10,0,3,1,1,4,2,6,1,3,9,8,8,15,10,4,19,9,8,8,7,15,8,22,9,6,5,4,13,0,9,0,6,3,3,5,5,10,4,13,15,11,10,5,7,7,7,3,3,7,9,5,8,7,3,6,6,8,9,14,14,1,6,6,7,9,4,7,6,2,3,4,9,9,5,2,3,11,5,2,2,21,4,4,6,5,3,4,2,8,10,3,10,4,4,1,3,11,5,6,7,8,2,7,9,18,10,12,12,13,8,10,11,12,14,12,8,10,4,12,13,2,13,7,10,9,13,7,10,4,3,3,3,7,8,12,16,1,5,1,3,2,6,0,3,2,4,9,0,3,0,6,0,2,14,0,11,4,6,1,3,4,16,9,11,6,1,3,8,11,6,8,12,19,7,9,3,13,5,18,2,12,5,8,8,11,13,10,8,6,7,4,13,4,5,6,2,4,5,11,5,5,9,10,6,10,10,6,7,12,9,31,8,12,4,13,6,6,12,5,14,4,3,4,4,4,12,17,19,10,5,5,10,17,13,5,8,14,10,2,7,4,3,6,5,9,8,18,12,1,4,3,8,3,6,3,11,0,3,1,5,4,3,10,7,3,7,5,6,25,14,5,8,20,6,16,18,14,15,25,21,4,8,8,14,2,6,2,6,4,7,4,20,13,8,16,11,20,9,9,14,17,4,3,4,3,5,11,8,10,4,10,11,12,6,25,15,16,6,4,7,2,2,3,2,15,3,12,5,5,10,1,13,10,7,0,0,2,8,6,5,9,2,13,4,11,11,13,36,7,8,1,10,13,14,23,29,17,7,19,20,3,1,2,7,2,2,1,0,4,4,7,5,2,4,1,11,3,9,6,7,5,8,6,1,4,1,3,2,12,7,16,13,1,0,0,0,3,3,2,1,3,0,2,4,5,2,3,1,2,5,1,9,2,2,2,2,4,10,7,20,5,7,2,6,8,7,4,5,13,6,6,5,1,10,8,6,8,1,9,8,22,14,18,20,10,14,3,11,2,1,4,4,14,7,22,8,16,13,11,11,17,5,6,9,9,12,11,14,15,3,19,11,18,9,9,23,7,15,1,17,10,21,25,37,14,7,22,25,9,5,10,10,16,7,0,12,12,6,6,8,19,3,24,15,3,1,4,5,8,5,0,15,0,1,6,2,4,2,14,7,4,6,7,5,20,5,0,12,13,10,8,11,14,7,27,22,16,14,10,18,5,10,6,8,9,19,19,18,19,10,16,24,0
hpv125,19,7,16,15,13,5,7,8,13,17,10,15,11,8,17,12,16,9,15,9,10,5,4,4,3,3,4,4,7,2,15,6,8,8,10,6,16,10,8,5,9,7,3,9,13,3,9,8,11,8,4,7,5,9,3,5,7,6,12,20,7,4,14,8,13,13,11,14,20,11,6,12,15,11,21,11,11,7,11,20,11,19,9,5,11,13,7,5,8,3,2,6,7,6,11,9,4,6,8,6,6,4,0,4,4,2,5,6,5,5,4,4,7,4,2,8,3,4,3,2,10,9,16,24,4,3,1,10,13,6,9,6,21,5,7,6,12,7,13,2,12,2,14,3,17,11,19,10,15,5,0,7,4,9,1,5,1,2,8,9,8,14,13,13,10,5,5,5,7,4,9,4,11,11,13,7,5,5,10,10,5,3,0,3,5,5,11,9,5,3,2,12,13,8,5,10,10,9,2,9,10,5,6,2,12,4,15,14,5,1,7,4,6,5,2,13,0,3,5,3,3,2,8,5,7,7,8,9,18,4,7,8,13,14,13,12,15,13,21,7,9,5,5,28,7,5,1,6,7,10,14,20,8,6,16,18,18,9,18,12,14,6,2,9,3,11,9,3,6,8,14,8,15,13,19,18,19,13,6,8,7,5,7,6,3,3,22,6,13,12,10,10,16,9,6,10,14,9,9,16,8,4,13,8,5,4,9,14,3,7,5,2,6,5,12,7,14,9,15,17,18,6,5,5,15,20,3,13,9,6,4,8,9,4,6,12,5,9,5,8,8,5,8,9,3,7,4,6,5,3,14,4,7,3,1,2,4,6,4,5,1,1,5,3,3,4,4,4,6,3,2,9,7,8,1,4,11,14,8,15,4,3,10,12,5,1,7,4,3,10,4,3,4,2,6,1,4,1,4,3,5,5,8,7,4,3,2,6,3,2,2,1,1,5,7,1,2,3,2,0,2,2,1,2,7,6,3,3,3,4,6,4,3,1,1,7,0,3,4,6,0,8,1,6,3,3,3,6,5,5,3,6,6,0,1,6,4,6,3,2,9,3,9,5,1,2,9,2,12,4,2,9,2,0,5,1,4,2,4,4,10,10,5,10,15,9,7,13,11,5,15,15,16,6,27,12,2,4,4,4,3,4,2,3,4,7,8,3,4,9,12,15,11,9,8,12,7,8,3,7,10,6,5,11,6,3,8,6,9,18,11,15,9,9,6,11,13,5,5,5,5,4,5,3,7,10,8,6,10,5,2,3,23,5,7,9,4,3,3,1,5,9,2,12,3,5,2,3,8,11,12,11,6,2,6,6,19,9,8,13,22,12,12,7,13,17,14,8,6,5,10,15,11,12,8,9,2,4,2,7,1,4,3,1,2,3,9,10,3,10,2,3,8,4,4,4,2,2,3,3,2,3,6,4,4,3,2,3,2,8,1,3,7,15,13,15,3,5,3,12,13,7,10,8,17,11,10,5,10,5,17,4,5,5,15,7,10,17,4,8,8,1,6,6,5,5,3,3,2,3,10,3,12,15,8,8,12,7,7,2,17,4,8,8,9,5,9,4,5,16,9,11,11,8,2,4,7,10,13,16,4,4,12,2,10,7,6,4,17,10,2,9,6,10,9,5,10,5,19,18,6,10,8,7,9,8,4,5,3,3,1,1,4,6,9,3,7,7,3,3,19,9,4,10,18,7,13,9,17,13,20,20,4,4,7,8,3,5,3,7,6,9,6,14,13,2,14,9,9,8,13,9,15,4,2,6,6,5,4,4,7,3,6,7,11,9,13,7,6,9,3,10,1,1,1,3,6,3,17,3,6,9,6,9,15,3,3,3,2,4,5,8,5,1,5,5,15,9,8,12,6,5,1,8,10,15,16,17,20,4,16,17,7,3,2,4,8,3,4,2,8,7,9,6,6,1,3,8,7,11,5,9,6,8,3,5,1,5,1,2,6,8,14,6,3,1,2,1,7,1,0,1,0,2,6,5,2,1,1,3,2,3,9,6,2,7,3,5,7,6,9,7,3,1,8,6,9,11,6,5,12,9,7,3,5,6,8,4,7,5,9,7,17,20,21,11,13,6,1,5,6,4,4,6,8,4,25,10,16,11,13,11,15,7,3,9,12,14,17,12,18,5,18,7,14,16,10,24,15,12,2,9,8,19,22,39,11,8,18,18,11,7,5,3,7,9,1,5,10,3,1,7,13,8,15,20,4,4,6,5,5,5,1,7,2,3,2,2,9,7,8,6,7,7,7,6,17,3,2,16,9,8,14,12,16,6,20,16,11,9,5,16,6,4,3,14,10,12,15,21,16,10,16,32,0
hpv13,27,19,15,23,24,7,13,10,11,9,13,15,28,10,26,16,26,13,13,20,10,6,4,13,6,8,3,8,8,2,14,4,13,11,3,9,11,6,5,4,10,8,7,9,15,4,13,9,16,10,13,20,8,9,0,12,10,12,16,17,17,11,13,13,27,17,12,22,29,13,8,6,11,5,22,19,21,9,18,19,7,6,9,9,1,6,0,13,4,4,2,0,11,5,10,10,4,4,5,3,8,8,2,5,4,3,2,2,2,9,4,4,9,12,6,13,2,6,1,4,2,7,13,18,5,1,5,9,16,8,11,12,14,4,2,6,3,3,10,5,12,1,8,11,8,8,7,13,15,1,0,3,2,2,2,0,6,1,3,3,11,11,5,11,14,8,2,5,7,7,5,6,7,4,10,10,19,9,11,12,6,3,1,3,3,7,19,11,7,4,8,16,22,14,9,12,18,4,0,12,11,3,4,16,31,9,22,22,9,7,7,8,6,2,1,11,0,1,1,1,9,5,6,8,12,5,11,9,20,5,5,9,17,9,8,13,20,6,16,20,20,15,9,17,8,6,2,9,6,9,12,25,29,9,14,27,17,14,12,15,15,9,7,7,5,12,5,8,12,10,10,13,18,16,16,11,9,8,2,9,4,12,4,9,7,3,2,5,13,6,6,10,12,8,1,6,13,10,6,8,10,6,13,14,7,5,5,22,9,1,0,9,7,7,13,8,16,7,19,25,12,4,1,5,11,9,9,4,4,7,4,6,6,1,4,19,5,2,5,2,5,5,0,10,0,1,0,1,7,4,11,8,2,0,0,2,1,6,0,2,1,1,0,1,2,0,1,1,7,13,3,9,2,14,2,3,14,12,5,14,11,4,5,12,6,4,1,0,3,3,1,0,0,1,5,0,1,0,2,4,5,0,5,0,4,5,2,7,1,1,3,0,1,0,5,3,5,1,0,3,2,1,1,4,3,0,1,2,2,0,1,4,2,1,0,1,0,7,1,2,1,2,3,6,2,2,2,2,6,8,5,12,21,5,3,7,7,2,6,5,13,2,9,17,3,0,4,3,8,6,0,10,2,1,1,1,2,1,4,6,5,10,4,6,15,8,4,7,9,4,7,10,18,2,9,17,9,9,4,7,4,3,1,8,0,6,3,9,11,7,8,9,16,11,11,20,14,6,1,6,13,4,4,7,4,2,6,9,10,10,10,14,4,6,3,6,4,2,3,0,5,4,7,5,3,3,1,2,6,1,0,2,10,7,4,5,6,1,2,5,10,7,4,12,2,4,0,0,10,7,7,8,6,1,6,13,14,11,12,12,16,4,8,4,12,11,6,13,6,5,6,19,7,13,5,11,3,4,0,4,0,2,0,1,7,6,8,6,4,3,1,0,0,2,2,1,3,4,4,2,0,0,3,3,6,5,4,8,3,0,1,3,3,9,6,10,5,5,4,5,19,6,10,5,16,7,6,7,5,1,4,5,9,4,11,6,11,6,9,11,5,2,1,9,2,2,3,3,7,4,9,6,5,11,2,3,10,7,1,5,6,6,8,5,4,5,3,6,3,3,8,12,7,4,0,4,10,4,10,6,11,0,7,11,18,8,5,12,13,3,1,13,12,4,8,6,13,10,15,13,4,3,5,8,6,4,2,8,0,1,0,2,6,3,3,6,8,4,0,5,22,5,0,3,16,11,10,12,14,8,23,9,11,11,8,10,3,4,0,4,5,7,7,14,15,5,13,21,24,10,10,22,19,11,4,5,7,1,12,11,15,7,13,17,24,17,18,22,8,0,1,8,2,1,1,2,20,4,17,6,18,6,11,11,7,4,0,1,5,4,8,9,20,2,12,7,24,12,12,30,12,6,3,7,10,13,11,29,22,6,14,28,5,6,5,6,5,2,4,3,8,4,5,5,6,4,7,10,3,12,2,8,5,5,2,3,0,2,1,2,7,6,16,8,1,0,0,2,1,2,1,1,1,0,0,2,0,1,4,0,9,6,7,11,3,4,1,3,6,6,6,4,8,6,4,9,17,9,6,4,11,5,0,8,1,4,7,4,11,1,11,5,25,18,21,12,12,3,0,8,3,0,5,3,9,2,11,7,19,13,8,13,11,1,6,12,5,10,11,5,13,6,16,9,19,17,11,26,7,6,1,9,3,17,17,31,20,5,16,24,20,9,12,16,29,5,2,15,16,3,8,14,21,7,17,18,6,4,6,8,5,3,2,8,1,2,1,1,16,2,9,7,11,5,1,8,19,5,2,10,11,6,6,9,21,7,20,19,17,16,20,29,9,5,2,13,14,14,10,19,27,8,22,31,0
hpv16,39,24,18,28,28,11,12,19,10,13,9,14,26,10,21,19,19,21,13,16,11,4,7,7,8,3,1,8,21,2,19,8,11,8,3,9,16,3,1,4,9,8,5,9,11,0,11,13,22,17,11,29,5,9,1,3,13,10,12,20,13,8,21,11,25,17,8,22,22,16,5,14,11,10,19,15,30,12,13,28,12,10,4,13,11,5,0,4,4,1,4,2,13,7,6,5,8,3,5,4,6,3,0,2,3,0,2,0,5,1,7,7,13,14,5,25,3,1,1,2,7,16,12,13,10,6,5,12,19,7,5,9,16,7,5,5,10,5,5,3,8,6,16,12,14,8,10,7,5,1,1,5,3,1,3,0,4,4,6,3,9,9,6,9,10,6,2,3,1,5,3,9,13,2,14,8,15,9,6,18,4,2,1,0,9,6,15,7,8,7,6,18,27,7,4,28,27,10,3,14,16,2,7,20,36,5,22,37,6,3,8,6,9,6,0,12,0,0,2,0,8,1,6,2,11,10,7,17,21,4,6,9,17,6,10,12,20,9,18,17,22,22,20,30,6,10,2,4,5,11,16,26,31,2,18,27,21,16,11,16,17,7,6,13,3,6,7,4,17,1,10,11,14,9,16,13,9,6,2,13,1,5,1,3,14,1,10,9,13,9,8,15,14,4,4,7,12,6,6,15,14,1,9,9,12,12,8,22,4,8,1,10,5,11,6,6,31,5,11,19,10,11,2,6,8,7,0,12,12,6,6,5,11,4,4,16,3,5,8,8,5,3,2,3,0,1,1,0,3,2,4,3,4,0,0,0,0,1,1,2,2,0,0,3,0,1,0,2,8,8,8,6,4,7,0,6,8,10,0,8,5,5,2,8,7,1,4,1,3,3,2,1,1,2,2,0,2,0,2,2,2,4,1,0,4,1,1,4,1,0,0,0,0,0,2,2,2,2,0,2,0,1,0,2,2,0,1,3,1,1,1,4,3,4,4,0,0,1,1,1,3,3,2,2,3,1,2,5,14,9,6,5,22,4,5,11,4,0,4,9,14,1,11,20,2,4,4,2,8,3,0,4,0,1,0,1,5,1,3,2,5,8,0,8,25,4,2,6,8,4,3,4,11,4,8,12,4,5,1,8,5,1,1,6,2,5,2,7,12,3,6,15,19,14,4,12,9,3,1,5,12,3,6,11,6,2,6,10,9,8,9,14,6,7,1,4,6,2,1,5,4,3,2,6,6,7,1,4,3,3,1,3,7,3,4,3,3,1,0,6,10,12,5,11,4,7,0,1,10,9,9,10,10,2,7,13,22,10,5,9,17,5,5,4,14,10,6,8,9,3,4,14,10,4,6,7,3,1,0,3,0,1,0,1,5,6,1,5,1,6,0,1,0,4,0,0,1,2,2,0,4,0,2,2,5,5,1,5,2,4,0,1,4,6,5,7,3,2,7,11,12,7,11,7,11,2,5,3,6,1,7,1,9,1,11,11,6,6,5,7,9,1,0,4,1,1,1,3,2,1,6,2,8,0,2,4,5,4,2,1,6,1,2,4,8,7,6,2,4,11,6,12,3,3,4,5,8,6,9,12,10,2,9,7,13,9,6,13,20,7,2,7,15,3,2,6,22,7,20,12,4,1,7,5,5,1,1,4,1,2,2,2,8,5,3,1,8,4,4,9,11,5,1,10,15,3,5,11,16,10,14,13,5,14,12,11,6,3,0,5,7,10,4,13,19,7,13,19,30,16,13,20,15,8,1,13,6,2,9,6,30,5,18,13,30,19,17,40,13,3,1,7,5,1,2,4,18,1,17,10,10,9,11,14,6,2,1,3,5,4,3,10,20,5,17,11,22,13,21,38,10,3,0,3,17,10,17,28,40,7,19,35,7,5,5,2,5,2,0,4,8,3,8,5,4,4,7,8,4,8,11,7,5,4,0,2,0,1,0,0,9,2,15,7,0,0,0,1,1,2,0,0,0,1,2,4,2,1,1,0,8,15,3,10,3,3,1,2,2,5,2,7,0,0,2,5,11,3,12,7,10,6,2,6,1,2,3,6,19,5,9,7,24,13,22,16,9,4,0,4,3,2,1,5,10,2,8,16,18,10,7,17,9,3,2,5,5,6,7,7,11,5,14,14,19,12,10,31,10,5,1,11,5,12,8,32,21,4,17,28,25,12,7,20,37,4,2,14,9,7,9,18,22,3,19,32,7,3,5,10,8,1,0,13,0,0,3,1,15,2,4,2,9,2,1,6,18,4,2,11,12,6,7,17,25,4,17,28,33,16,10,27,8,8,1,8,4,9,20,28,24,13,24,46,1
hpv18,26,20,18,20,19,10,10,8,11,6,14,11,26,5,21,11,18,16,14,20,8,7,8,5,7,0,7,7,12,1,10,6,4,12,3,6,10,3,3,7,12,8,4,8,14,4,8,8,16,18,14,29,5,9,1,3,11,5,10,21,7,5,13,12,22,15,13,27,20,10,8,11,16,11,17,21,17,6,15,22,10,11,4,8,6,5,2,6,8,2,1,6,7,6,18,8,2,10,4,3,2,1,0,1,4,5,7,7,3,8,5,9,10,10,3,17,3,6,1,3,5,10,6,10,8,2,5,10,18,4,3,6,22,4,5,6,5,3,7,5,8,2,17,15,11,10,19,6,3,5,1,6,3,0,2,1,11,2,6,2,18,6,6,8,12,5,4,2,3,5,4,7,9,3,14,4,13,10,8,22,3,3,1,2,9,3,14,10,7,2,5,12,17,8,9,9,27,10,2,13,20,8,7,8,21,13,23,36,4,4,3,9,13,4,3,9,0,2,0,1,3,0,8,4,11,12,4,9,13,5,3,7,8,14,12,12,18,11,17,21,14,5,10,17,7,10,2,4,8,18,19,21,21,7,23,38,15,8,6,15,20,7,6,7,7,7,5,7,19,7,15,14,21,6,18,8,5,3,6,13,5,0,8,9,11,2,10,5,11,11,6,16,19,6,1,9,11,6,6,11,20,3,12,8,6,7,12,14,2,7,1,7,3,7,12,10,13,5,13,26,9,7,3,9,11,7,7,8,7,8,4,7,8,6,8,15,6,7,5,8,8,12,1,7,1,3,1,0,7,3,7,5,5,1,2,2,3,2,0,3,0,2,0,1,2,2,5,2,5,12,3,9,2,5,2,9,11,12,5,15,8,5,3,14,6,2,2,0,3,5,4,2,0,5,4,0,3,0,2,4,4,2,3,1,1,2,0,3,0,2,1,2,3,0,1,3,3,0,3,1,2,4,3,5,1,2,3,3,5,2,3,4,2,2,1,3,1,5,2,5,1,4,5,7,5,3,3,5,6,5,7,4,17,8,4,8,4,0,3,6,17,1,11,15,1,2,3,0,6,5,0,5,0,2,1,1,4,1,5,4,7,5,3,9,15,8,4,9,6,7,6,4,12,6,20,8,5,5,3,6,2,3,3,8,0,2,5,7,18,2,10,11,18,10,7,12,13,6,2,8,4,3,5,6,12,1,3,7,13,14,11,9,5,4,1,7,6,2,3,3,2,8,4,7,5,5,0,3,6,5,1,4,14,3,3,5,6,0,2,6,6,14,4,13,1,6,0,1,9,6,6,8,6,3,11,13,9,14,8,15,15,7,6,5,15,13,10,12,10,3,6,15,4,5,6,9,6,5,1,4,1,2,0,1,6,4,7,11,3,3,2,3,3,2,2,2,1,6,1,3,1,2,6,4,5,8,4,11,1,2,0,2,3,6,8,8,2,4,5,10,9,15,8,9,11,5,3,5,6,4,9,5,12,2,3,7,14,12,9,10,6,5,1,8,4,4,4,4,6,1,9,4,6,5,8,4,13,3,2,5,9,1,4,1,5,4,5,6,7,17,3,14,4,6,3,0,3,10,13,7,6,4,8,7,13,8,4,14,21,10,6,3,10,2,1,8,21,4,24,26,4,4,4,3,9,5,2,9,1,1,3,1,7,1,5,2,7,6,4,3,12,12,4,5,14,12,9,17,18,5,14,14,7,12,6,7,3,9,1,4,3,10,10,15,14,4,10,17,25,9,11,16,16,5,3,6,3,7,8,10,20,5,8,5,25,13,22,23,15,5,2,14,1,2,5,6,15,2,7,7,11,9,11,17,11,1,1,1,1,6,6,6,13,2,14,4,15,13,13,37,12,7,1,4,13,10,18,28,19,10,29,38,4,4,2,4,7,3,1,4,6,3,3,3,4,2,3,5,8,10,11,12,6,6,1,5,0,1,1,4,9,5,11,6,0,0,1,1,2,1,3,1,2,1,1,3,2,1,1,1,2,7,3,7,0,3,1,0,5,8,4,13,1,5,1,7,14,8,5,8,11,3,2,8,2,4,5,4,14,4,7,7,17,9,19,17,14,4,2,11,4,3,4,6,8,2,9,12,14,13,7,11,18,8,7,8,10,15,4,9,22,4,11,11,17,11,9,36,7,11,0,8,7,16,20,27,14,8,22,21,25,9,8,11,18,8,2,7,14,4,8,11,19,6,11,19,5,5,5,2,13,4,1,8,1,2,3,2,5,2,12,4,10,1,4,11,22,6,6,10,17,8,11,15,25,4,19,22,27,13,18,25,5,4,2,7,15,14,17,27,30,6,30,30,1
hpv2,12,11,9,6,18,5,9,6,7,7,7,7,8,4,6,9,9,13,20,10,8,7,6,4,4,3,7,3,6,1,14,7,12,8,7,4,9,4,8,2,7,9,11,8,5,5,11,7,11,8,4,11,5,9,3,3,4,8,4,12,4,2,5,5,5,9,7,9,14,14,4,13,24,16,11,12,14,6,6,20,9,9,6,6,13,15,4,4,6,2,3,6,10,10,12,2,7,4,6,2,6,3,2,1,6,4,10,4,3,2,11,6,7,4,2,10,2,5,1,9,9,6,16,19,2,4,5,11,11,11,8,7,20,8,8,7,9,6,18,8,9,2,16,4,9,7,18,12,10,7,0,9,1,4,6,9,5,4,10,7,14,13,14,10,11,13,8,8,8,8,10,11,13,3,9,3,5,5,6,6,8,8,3,0,8,5,10,13,5,7,7,12,10,7,11,7,17,10,3,3,8,4,7,5,9,6,18,17,3,1,10,7,7,10,2,13,0,3,2,5,3,5,11,5,6,6,10,10,15,7,2,15,13,7,8,14,7,14,17,12,4,11,4,13,3,9,2,5,6,6,7,11,7,11,19,10,7,6,5,5,13,5,3,9,7,9,10,7,11,9,9,4,8,10,12,6,9,12,5,11,2,2,5,7,10,6,14,6,13,19,16,18,17,12,8,15,14,17,16,9,7,8,14,14,4,4,10,14,4,9,4,6,8,9,8,10,8,6,12,18,5,10,11,13,6,13,4,11,14,10,11,10,9,4,6,6,8,7,19,6,13,11,3,14,6,6,3,2,10,10,7,5,5,4,2,3,5,13,2,3,4,5,3,3,2,3,4,7,13,8,6,12,9,13,2,6,9,12,4,16,6,1,7,16,8,5,4,0,2,2,8,1,4,1,3,2,2,1,3,1,5,3,7,4,4,7,7,9,3,3,2,1,0,1,5,2,2,5,9,4,3,7,2,3,4,1,8,6,1,4,6,3,1,4,3,1,3,3,3,6,3,10,8,7,5,2,8,8,9,5,7,8,5,6,6,7,4,7,5,5,13,7,13,8,2,4,11,6,8,7,6,3,0,3,1,2,9,6,9,1,7,8,10,13,12,9,9,11,9,9,10,11,17,4,25,14,5,4,2,5,4,4,2,6,5,7,3,8,9,5,14,12,13,7,9,13,13,10,3,8,8,3,6,7,6,2,4,0,9,13,15,13,4,8,3,9,12,5,7,7,2,6,8,4,8,10,9,5,8,8,1,5,28,9,5,6,5,4,4,8,7,8,4,10,3,6,0,5,10,10,11,12,7,8,5,9,8,9,10,9,13,5,5,6,15,19,23,11,6,8,11,10,12,9,14,8,7,8,4,7,1,7,5,5,10,7,10,12,3,5,1,2,3,8,3,2,6,4,3,2,3,5,10,8,3,6,5,7,4,5,1,5,11,12,9,14,5,7,6,5,15,10,7,4,12,8,13,7,15,8,18,4,6,8,12,12,5,7,16,10,10,4,7,10,3,6,4,8,9,5,10,5,7,10,7,10,13,4,7,6,11,11,17,10,8,13,14,2,5,15,3,11,9,6,6,7,9,8,18,10,1,3,9,5,4,5,5,4,14,11,4,7,4,7,4,3,13,7,13,5,4,6,13,9,8,6,6,6,1,4,5,4,8,2,13,5,4,9,3,6,20,15,3,7,17,14,17,14,10,16,16,11,2,4,3,11,7,6,2,9,7,11,8,11,14,8,11,11,6,14,5,3,8,5,2,5,9,4,12,7,9,5,9,3,4,9,16,17,9,9,3,10,1,2,5,5,5,4,14,5,4,6,9,4,12,2,3,4,2,5,5,5,5,2,7,2,12,13,6,15,9,8,3,10,10,12,19,16,13,3,8,15,5,2,5,2,3,5,3,6,13,7,11,10,3,5,12,8,10,9,6,5,7,7,6,7,1,8,4,3,9,3,12,11,2,0,1,0,5,3,2,2,4,2,3,5,1,5,3,2,6,6,8,12,8,1,2,5,9,11,10,11,3,4,5,8,8,8,5,1,16,6,2,5,4,7,9,7,12,3,12,12,17,12,27,9,19,8,4,11,4,3,3,8,7,5,21,9,13,12,15,14,11,7,4,12,11,10,14,10,12,8,16,10,7,12,6,20,12,9,2,15,2,22,26,23,9,12,13,20,5,3,9,7,10,4,0,11,7,3,1,3,11,10,13,9,5,6,7,6,7,4,2,13,2,2,6,0,12,3,8,9,5,6,4,10,18,11,4,9,15,4,10,7,11,4,15,17,13,6,5,14,10,7,4,12,7,18,18,17,8,9,16,25,0
hpv27,6,12,8,9,19,5,11,7,10,4,10,11,9,3,8,8,8,13,22,13,10,8,2,5,3,3,5,5,5,2,13,9,12,10,6,4,6,5,4,3,8,12,11,7,6,4,9,6,13,8,6,10,1,7,3,2,4,9,6,8,5,3,7,7,9,8,7,10,13,13,5,14,19,18,13,12,17,5,8,15,7,11,8,7,11,11,5,9,7,3,2,7,12,6,12,7,5,6,5,5,6,2,3,2,7,4,9,5,4,3,11,4,5,6,2,8,2,5,1,3,8,10,14,15,2,7,10,7,12,12,8,4,23,8,7,6,7,5,16,3,7,3,18,7,12,8,17,14,8,13,1,6,3,2,3,5,4,3,12,5,11,9,16,14,13,10,6,8,9,9,9,18,10,3,12,4,7,6,6,7,8,8,1,0,5,8,9,12,1,7,2,12,15,5,6,13,13,10,4,3,9,3,8,6,8,8,11,20,2,1,8,3,8,11,1,9,0,2,2,4,2,4,11,2,5,8,12,8,16,6,3,15,14,5,7,13,8,13,14,7,6,10,4,16,3,12,2,3,6,7,14,13,6,13,18,5,5,10,8,4,14,4,0,10,7,7,10,7,12,5,8,6,5,10,12,5,9,15,10,9,2,1,10,4,9,5,15,10,12,16,12,18,26,15,4,14,14,14,17,8,9,7,15,10,10,8,7,12,6,5,3,6,7,11,5,10,10,4,12,12,4,7,10,8,6,15,3,11,16,12,9,11,9,4,8,7,2,7,19,6,9,12,6,15,3,7,6,3,9,12,11,8,4,7,3,1,1,8,1,4,2,7,4,5,2,3,3,7,11,9,5,8,11,8,4,8,11,13,5,16,4,3,7,23,6,4,3,1,2,7,6,2,4,2,5,3,2,0,3,2,5,4,6,1,4,7,3,4,2,2,3,2,0,0,6,4,1,6,8,3,3,7,6,7,4,2,7,9,1,6,7,1,2,2,5,4,3,5,3,3,2,10,8,11,5,1,6,6,6,7,5,5,9,4,8,6,3,2,6,4,9,6,8,10,3,7,5,6,8,5,2,5,1,3,4,3,6,5,9,1,7,8,7,13,17,12,8,12,14,9,8,8,15,7,22,16,2,3,2,5,4,6,2,4,5,8,5,8,7,5,19,15,16,8,9,9,14,12,2,7,7,2,9,4,3,1,5,2,9,18,16,11,5,6,3,14,12,5,5,7,3,3,7,4,8,9,4,8,11,7,2,4,25,7,9,9,6,3,4,4,6,6,4,11,3,7,0,3,11,12,11,13,9,5,6,9,9,6,10,12,12,10,6,7,15,20,24,14,5,10,9,11,9,10,10,8,6,12,5,8,2,2,5,3,8,6,9,10,3,4,3,1,4,6,3,3,3,8,5,1,5,4,11,4,6,7,4,7,4,5,3,4,9,10,12,17,5,5,3,7,17,13,8,4,13,6,14,5,13,10,20,4,7,7,14,9,6,11,17,9,9,5,5,11,2,9,6,5,10,7,9,5,9,8,6,10,10,8,5,3,11,8,14,7,9,10,14,9,7,10,5,12,6,5,8,6,10,6,19,15,2,7,12,5,7,8,6,3,13,10,3,2,8,8,5,3,14,7,14,6,7,3,9,7,8,6,6,7,1,2,7,6,6,3,13,5,2,8,4,8,19,13,7,6,19,14,13,15,10,16,16,14,3,7,3,6,3,9,4,8,5,7,8,16,14,8,10,10,8,12,10,6,9,4,3,5,8,5,9,3,13,4,6,6,12,4,12,16,9,7,4,9,4,4,5,6,4,1,12,3,4,9,9,5,8,1,3,3,3,4,8,5,5,3,6,2,10,8,9,14,4,10,2,8,11,8,17,11,12,8,15,14,5,7,4,1,1,5,3,7,8,9,7,4,6,1,8,5,11,7,11,7,8,7,3,8,3,2,5,2,4,7,13,12,2,0,3,0,5,2,2,1,6,4,4,4,2,4,6,3,1,6,4,10,4,2,3,6,7,16,8,12,1,1,6,9,7,6,3,2,16,7,2,4,5,7,9,7,11,3,12,11,14,12,33,11,16,6,3,12,4,3,5,12,10,6,21,6,21,15,17,10,17,5,5,13,9,7,10,8,14,6,17,12,8,10,8,18,9,9,4,18,5,21,25,18,11,9,16,19,8,1,8,8,9,5,4,9,7,2,1,3,10,3,13,13,5,5,6,4,12,4,3,15,3,3,5,2,7,3,10,9,4,5,5,8,18,6,6,10,16,12,6,13,11,4,17,18,14,7,4,12,10,7,5,14,6,18,20,13,10,10,10,20,0
hpv27b,6,12,8,9,19,5,11,7,10,4,10,11,9,3,8,8,8,13,22,13,10,8,2,5,3,3,5,5,5,2,13,9,12,10,6,4,6,5,4,3,8,12,11,7,6,4,9,6,13,8,6,10,1,7,3,2,4,9,6,8,5,3,7,7,9,8,7,10,13,13,5,14,19,18,13,12,17,5,8,15,7,11,8,7,11,11,5,9,7,3,2,7,12,6,12,7,5,6,5,5,6,2,3,2,7,4,9,5,4,3,11,4,5,6,2,8,2,5,1,3,8,10,14,15,2,7,10,7,12,12,8,4,23,8,7,6,7,5,16,3,7,3,18,7,12,8,17,14,8,13,1,6,3,2,3,5,4,3,12,5,11,9,16,14,13,10,6,8,9,9,9,18,10,3,12,4,7,6,6,7,8,8,1,0,5,8,9,12,1,7,2,12,15,5,6,13,13,10,4,3,9,3,8,6,8,8,11,20,2,1,8,3,8,11,1,9,0,2,2,4,2,4,11,2,5,8,12,8,16,6,3,15,14,5,7,13,8,13,14,7,6,10,4,16,3,12,2,3,6,7,14,13,6,13,18,5,5,10,8,4,14,4,0,10,7,7,10,7,12,5,8,6,5,10,12,5,9,15,10,9,2,1,10,4,9,5,15,10,12,16,12,18,26,15,4,14,14,14,17,8,9,7,15,10,10,8,7,12,6,5,3,6,7,11,5,10,10,4,12,12,4,7,10,8,6,15,3,11,16,12,9,11,9,4,8,7,2,7,19,6,9,12,6,15,3,7,6,3,9,12,11,8,4,7,3,1,1,8,1,4,2,7,4,5,2,3,3,7,11,9,5,8,11,8,4,8,11,13,5,16,4,3,7,23,6,4,3,1,2,7,6,2,4,2,5,3,2,0,3,2,5,4,6,1,4,7,3,4,2,2,3,2,0,0,6,4,1,6,8,3,3,7,6,7,4,2,7,9,1,6,7,1,2,2,5,4,3,5,3,3,2,10,8,11,5,1,6,6,6,7,5,5,9,4,8,6,3,2,6,4,9,6,8,10,3,7,5,6,8,5,2,5,1,3,4,3,6,5,9,1,7,8,7,13,17,12,8,12,14,9,8,8,15,7,22,16,2,3,2,5,4,6,2,4,5,8,5,8,7,5,19,15,16,8,9,9,14,12,2,7,7,2,9,4,3,1,5,2,9,18,16,11,5,6,3,14,12,5,5,7,3,3,7,4,8,9,4,8,11,7,2,4,25,7,9,9,6,3,4,4,6,6,4,11,3,7,0,3,11,12,11,13,9,5,6,9,9,6,10,12,12,10,6,7,15,20,24,14,5,10,9,11,9,10,10,8,6,12,5,8,2,2,5,3,8,6,9,10,3,4,3,1,4,6,3,3,3,8,5,1,5,4,11,4,6,7,4,7,4,5,3,4,9,10,12,17,5,5,3,7,17,13,8,4,13,6,14,5,13,10,20,4,7,7,14,9,6,11,17,9,9,5,5,11,2,9,6,5,10,7,9,5,9,8,6,10,10,8,5,3,11,8,14,7,9,10,14,9,7,10,5,12,6,5,8,6,10,6,19,15,2,7,12,5,7,8,6,3,13,10,3,2,8,8,5,3,14,7,14,6,7,3,9,7,8,6,6,7,1,2,7,6,6,3,13,5,2,8,4,8,19,13,7,6,19,14,13,15,10,16,16,14,3,7,3,6,3,9,4,8,5,7,8,16,14,8,10,10,8,12,10,6,9,4,3,5,8,5,9,3,13,4,6,6,12,4,12,16,9,7,4,9,4,4,5,6,4,1,12,3,4,9,9,5,8,1,3,3,3,4,8,5,5,3,6,2,10,8,9,14,4,10,2,8,11,8,17,11,12,8,15,14,5,7,4,1,1,5,3,7,8,9,7,4,6,1,8,5,11,7,11,7,8,7,3,8,3,2,5,2,4,7,13,12,2,0,3,0,5,2,2,1,6,4,4,4,2,4,6,3,1,6,4,10,4,2,3,6,7,16,8,12,1,1,6,9,7,6,3,2,16,7,2,4,5,7,9,7,11,3,12,11,14,12,33,11,16,6,3,12,4,3,5,12,10,6,21,6,21,15,17,10,17,5,5,13,9,7,10,8,14,6,17,12,8,10,8,18,9,9,4,18,5,21,25,18,11,9,16,19,8,1,8,8,9,5,4,9,7,2,1,3,10,3,13,13,5,5,6,4,12,4,3,15,3,3,5,2,7,3,10,9,4,5,5,8,18,6,6,10,16,12,6,13,11,4,17,18,14,7,4,12,10,7,5,14,6,18,20,13,10,10,10,20,0
hpv3,16,14,14,15,15,10,8,8,9,14,14,10,12,6,13,14,17,7,15,9,14,3,2,12,3,5,3,4,8,3,14,9,7,10,6,13,15,7,9,6,14,4,4,11,6,4,8,10,14,5,6,14,5,5,2,2,6,7,13,15,12,6,12,10,16,14,12,14,19,10,8,8,14,12,17,18,19,9,14,16,11,12,9,9,5,11,4,3,5,1,4,7,7,6,11,7,5,6,3,6,10,5,1,3,5,1,8,8,5,6,5,6,5,7,4,8,2,3,2,6,14,9,13,18,3,5,4,10,12,6,9,7,18,3,8,5,5,6,11,5,14,2,22,4,19,9,16,8,14,4,0,6,8,7,2,4,7,2,8,9,12,17,11,7,8,8,2,3,4,5,9,6,13,4,14,13,5,7,7,8,7,3,0,4,5,10,9,14,6,6,7,8,12,7,6,10,11,6,2,10,13,5,9,7,12,6,13,19,5,2,3,2,1,3,2,12,1,1,3,3,4,1,13,7,9,8,8,9,22,2,7,5,15,16,9,11,16,7,22,12,10,10,11,15,6,10,1,4,6,6,14,17,15,8,15,16,20,12,13,11,12,8,2,7,10,12,8,2,13,4,13,11,13,10,15,20,13,5,7,11,7,6,6,8,6,3,11,3,15,11,6,12,20,6,5,11,12,7,5,16,9,5,15,9,6,6,12,13,3,4,4,8,3,7,9,10,12,3,17,13,17,3,7,7,11,13,4,7,8,6,9,4,4,3,5,12,8,5,4,2,5,6,6,10,3,7,2,1,5,2,13,4,6,3,2,3,5,4,1,4,4,1,4,1,4,3,4,3,5,7,3,11,4,7,2,7,9,16,9,23,2,4,9,9,7,1,6,3,6,7,2,3,3,2,3,2,3,2,5,4,4,4,10,7,3,3,3,6,0,1,1,3,3,7,4,1,3,5,3,2,0,1,3,2,8,5,4,2,1,4,4,5,4,3,4,4,3,5,3,2,1,8,2,5,4,2,3,6,5,5,3,5,11,5,5,5,6,7,0,6,9,5,13,6,1,2,6,4,6,4,1,9,2,3,3,2,4,2,9,3,11,9,3,7,14,12,8,10,12,3,15,14,15,13,24,11,2,2,1,5,2,7,4,5,5,9,6,6,8,6,13,8,10,9,9,13,7,6,3,9,10,6,5,10,7,3,9,3,13,20,14,14,6,8,5,5,7,5,6,6,4,5,7,2,3,9,5,2,7,7,3,5,18,5,9,10,4,1,6,1,6,10,6,10,1,4,2,3,14,12,12,9,4,3,5,9,16,11,9,13,18,8,11,8,15,18,10,10,8,6,7,12,11,10,9,9,3,3,2,4,2,4,1,3,6,3,15,8,4,8,2,5,6,3,3,5,3,2,4,3,2,3,6,4,5,8,4,7,2,4,4,3,4,13,9,11,1,5,6,10,11,10,11,9,21,9,10,3,8,7,20,2,7,3,11,8,9,12,7,5,6,1,7,10,6,3,4,3,4,0,9,2,12,12,10,6,10,6,4,3,19,4,11,6,9,7,8,4,9,15,8,9,6,7,3,5,6,8,13,16,9,5,6,7,9,9,6,6,16,8,8,15,8,5,9,8,9,6,16,14,5,11,9,6,7,6,7,8,0,3,1,2,6,5,6,5,3,8,2,4,18,11,5,12,14,7,11,11,22,13,20,18,7,2,6,12,6,9,1,3,7,5,8,10,15,4,13,13,13,6,11,6,14,7,2,10,7,5,6,6,7,1,6,12,13,8,17,15,8,7,3,3,3,3,7,4,6,2,22,8,9,4,10,15,10,4,4,4,3,5,6,7,8,4,9,7,9,8,10,13,3,5,0,12,11,10,17,23,18,9,9,22,7,1,4,7,10,5,4,0,7,6,4,6,6,1,3,5,4,8,5,4,6,7,1,7,4,2,3,3,8,9,18,6,2,1,3,0,4,3,0,3,1,2,3,2,4,1,1,2,3,4,8,7,5,6,2,2,3,6,13,11,4,4,7,6,11,8,5,3,16,5,4,7,3,7,8,3,8,3,9,5,17,20,20,13,16,4,0,10,5,6,5,5,10,4,16,10,14,9,13,14,15,9,7,7,9,9,16,14,18,6,17,5,12,22,11,24,15,13,0,11,5,20,19,38,8,6,14,24,10,12,9,5,15,2,2,8,11,5,3,7,10,3,19,19,8,4,5,3,7,8,2,12,3,3,1,1,7,7,5,6,4,7,8,5,16,5,1,13,9,12,13,10,16,6,16,11,17,13,8,19,6,3,2,13,6,15,16,16,19,6,12,22,0
hpv39,32,21,17,20,24,9,11,9,6,6,14,18,23,3,18,16,18,15,15,19,11,6,5,10,4,4,5,7,14,3,17,3,2,7,2,7,5,4,4,4,10,6,11,8,11,2,13,8,18,21,14,19,7,8,4,2,6,9,11,21,14,5,8,17,22,17,8,22,21,11,2,11,12,11,22,24,20,7,13,26,11,12,9,10,7,5,3,7,8,4,1,2,9,11,12,9,3,1,4,3,4,5,0,3,4,1,9,5,9,1,4,6,9,23,13,13,5,4,2,2,9,10,11,15,4,3,7,9,9,4,3,3,14,3,6,8,1,3,3,3,13,2,13,6,6,10,12,6,6,8,1,7,2,1,3,3,5,3,6,2,16,11,7,11,13,6,4,6,10,3,5,7,12,2,13,7,12,15,10,13,5,0,2,2,8,4,11,20,8,2,7,11,16,12,8,17,23,9,5,21,12,6,11,11,35,7,35,30,12,1,4,3,10,3,1,10,0,1,4,2,5,2,2,3,20,5,4,14,23,7,3,11,15,9,10,12,18,10,26,18,17,9,9,26,7,10,1,2,8,9,16,18,18,13,18,27,20,11,5,13,17,6,5,13,5,5,4,5,21,9,14,10,22,9,19,8,12,8,3,11,3,2,1,4,14,1,6,6,7,12,5,14,14,9,3,5,18,13,7,10,16,4,13,10,7,9,9,23,7,7,0,5,2,5,10,14,20,3,16,21,12,6,2,12,10,15,1,8,9,5,9,6,10,4,7,14,9,6,3,5,2,0,2,5,4,3,2,1,8,3,6,2,7,2,1,2,3,3,1,2,1,1,0,3,2,2,3,0,9,4,1,9,5,6,3,9,4,13,5,13,12,9,4,8,6,1,4,3,4,5,2,0,1,3,2,0,3,1,1,2,3,3,5,0,5,1,2,3,2,1,0,1,0,0,4,1,1,2,2,5,1,2,1,0,6,1,5,2,5,4,4,2,5,2,3,3,1,2,0,2,3,5,7,4,0,0,1,7,8,5,1,10,16,7,5,10,5,3,1,11,11,2,14,11,2,6,3,2,10,2,0,6,2,0,3,1,5,1,6,0,8,5,3,8,18,7,4,7,11,6,5,6,14,5,12,10,7,6,2,11,2,3,1,12,1,6,3,4,7,2,4,11,14,8,12,13,6,8,3,7,3,3,7,6,9,3,5,7,9,13,11,13,9,2,4,7,3,2,8,2,8,4,4,6,3,3,1,0,6,7,2,2,12,1,1,7,4,3,5,0,9,10,5,19,2,6,1,0,15,9,8,5,7,4,4,10,11,14,5,12,18,4,3,6,12,11,13,9,14,4,7,16,5,5,9,11,8,2,2,4,0,1,1,2,2,3,7,11,3,6,1,1,2,2,2,0,2,2,1,3,2,1,6,1,4,4,1,10,1,4,0,1,7,6,6,5,3,2,2,5,17,10,5,12,17,8,4,10,3,5,10,7,14,3,13,7,10,10,8,11,7,2,0,4,4,3,3,2,7,1,2,3,8,8,5,10,6,2,0,1,12,1,4,6,11,3,7,5,8,14,4,17,2,4,3,4,4,9,11,14,4,6,5,5,17,14,6,7,15,12,4,9,5,5,11,10,24,3,26,15,3,7,3,1,7,3,2,6,1,1,3,2,4,3,8,4,3,8,2,5,19,5,3,4,20,12,5,10,25,11,22,18,3,9,4,11,3,5,3,2,8,6,6,12,21,8,11,8,24,13,10,14,20,9,1,8,4,3,10,5,19,6,10,11,20,8,24,26,10,6,3,13,1,4,5,7,22,5,18,8,7,9,2,13,9,2,0,5,5,9,6,9,19,0,12,10,19,18,12,46,4,3,2,5,20,21,17,32,20,8,23,28,4,4,4,8,9,4,4,2,5,4,4,4,4,4,4,4,7,11,8,9,6,2,3,3,0,1,1,2,4,6,10,11,1,2,0,1,2,1,1,0,3,0,4,4,0,1,6,1,2,7,5,6,2,4,1,0,4,7,6,8,6,4,1,2,15,9,7,6,11,6,3,4,2,6,6,2,13,3,10,10,23,8,20,24,12,5,1,9,3,1,2,4,7,2,12,6,19,18,11,11,19,3,7,6,3,4,9,11,15,4,14,6,19,9,14,35,6,12,2,11,3,13,18,38,15,5,19,25,20,7,7,12,24,4,3,13,9,2,6,9,25,2,15,23,3,5,7,10,8,6,1,9,1,2,1,3,6,1,9,6,6,6,7,9,15,8,0,5,13,8,7,11,20,5,12,18,19,20,11,17,13,6,2,6,11,7,14,21,22,4,20,39,1
hpv43,36,13,25,22,17,10,9,10,11,11,10,13,16,7,24,16,18,5,18,19,8,5,5,9,2,8,6,8,7,2,18,4,10,9,8,7,15,3,7,9,5,7,2,14,13,5,13,8,19,12,11,18,8,6,0,6,12,11,17,9,13,7,12,11,22,16,13,12,13,9,1,13,22,14,12,19,22,9,16,23,5,13,9,6,10,4,1,10,6,0,3,4,9,4,14,6,3,1,3,1,7,5,1,2,6,0,4,1,6,4,3,9,7,7,4,15,3,2,4,2,11,10,9,19,7,2,7,7,10,9,15,12,18,5,0,6,7,6,23,4,16,2,12,7,12,8,10,15,8,3,1,4,4,1,5,5,5,2,6,6,11,9,6,9,9,5,6,7,2,4,4,5,6,4,12,13,12,9,8,11,5,6,0,2,9,10,15,13,10,3,8,16,22,10,7,14,22,9,4,12,13,9,3,14,26,8,27,31,9,4,9,5,4,4,2,14,0,3,1,1,8,1,7,2,8,9,12,11,22,1,1,11,16,12,12,16,21,5,19,16,19,13,11,24,5,9,2,8,5,12,12,17,14,9,25,22,21,14,4,15,14,11,4,4,8,9,8,5,10,3,11,9,13,9,12,14,9,8,2,8,2,3,2,6,7,4,9,8,13,9,17,12,11,7,5,7,9,11,3,7,9,6,15,12,14,10,8,26,8,8,1,6,2,8,15,11,22,4,6,22,9,5,3,4,12,8,5,6,5,5,9,9,8,6,5,8,7,9,10,3,8,6,1,5,2,0,0,1,13,3,2,7,3,5,1,3,0,2,0,0,3,0,3,1,2,3,2,1,7,14,5,19,1,8,3,9,5,14,3,12,11,3,1,11,5,1,0,0,0,4,4,5,0,2,2,2,2,3,1,2,4,3,3,2,2,1,6,2,2,1,1,2,1,0,0,2,4,7,1,4,1,0,0,1,4,2,2,3,3,3,1,0,2,2,3,5,3,4,0,5,1,2,3,4,2,2,3,10,5,5,7,7,16,3,5,9,8,3,4,3,10,2,14,18,2,3,6,1,5,2,0,9,0,3,1,4,6,0,8,0,7,7,0,13,19,8,1,9,10,6,5,6,22,2,10,14,7,7,4,5,2,4,0,5,0,6,4,7,6,2,10,16,12,6,5,10,9,3,5,7,12,8,2,12,11,8,4,10,18,10,9,11,6,4,4,5,4,0,1,3,6,3,8,3,3,5,3,3,10,3,1,0,17,6,7,8,5,1,8,8,7,12,5,20,3,6,1,2,10,7,6,9,3,4,5,11,20,9,8,11,17,6,4,7,13,8,5,7,19,7,10,20,6,5,6,9,5,4,0,1,2,1,3,1,9,4,7,3,0,5,2,4,4,1,3,0,5,2,4,4,2,5,2,5,4,2,4,5,5,5,0,3,6,6,8,8,4,5,7,10,11,9,12,13,15,6,4,3,4,2,6,7,11,4,10,6,6,12,3,10,8,1,0,5,4,3,8,4,3,6,7,7,8,4,5,5,8,4,3,4,6,5,9,5,7,5,8,6,7,4,6,12,4,4,3,2,8,7,6,17,12,1,11,10,13,12,8,7,16,12,1,2,16,3,2,6,16,3,17,18,5,3,6,4,1,10,3,10,0,1,0,2,4,2,6,3,6,6,3,7,16,13,4,6,13,9,12,12,14,9,27,15,11,17,8,12,2,4,0,1,4,8,9,19,21,9,17,15,27,13,11,16,20,3,6,10,3,6,8,9,23,2,10,8,14,12,28,26,10,8,2,11,0,4,2,5,13,2,14,8,20,6,12,15,9,3,2,3,4,3,3,6,13,1,11,9,13,13,15,28,8,4,3,4,16,9,18,32,30,9,23,26,3,3,6,6,6,4,3,2,11,3,4,7,9,1,5,3,3,4,3,9,6,6,1,9,2,1,1,2,14,10,11,10,0,2,0,0,1,3,2,1,2,0,0,1,2,0,3,2,5,10,5,5,3,1,1,0,5,7,7,9,1,1,2,6,7,5,7,8,15,4,0,6,3,4,7,9,15,3,9,8,26,11,17,29,8,5,0,12,1,3,1,3,6,5,15,11,22,8,7,13,13,5,10,11,10,8,10,13,13,1,17,15,19,16,10,26,6,10,0,6,4,20,22,31,24,1,18,26,27,12,4,15,26,7,1,14,16,2,7,11,17,6,17,21,2,5,4,8,9,6,1,12,2,0,1,0,7,2,7,5,6,3,8,4,26,3,2,11,11,12,12,12,14,6,21,24,21,11,13,20,10,11,1,7,12,16,22,22,24,9,20,38,0
hpv53,23,25,11,19,35,6,15,12,8,12,9,12,27,8,14,15,24,19,17,20,6,3,6,5,5,6,4,11,10,0,11,9,6,7,7,6,14,4,2,10,6,8,6,12,10,1,13,5,14,18,11,27,7,11,3,7,6,10,11,16,12,6,12,10,23,20,9,18,24,12,3,8,21,10,14,24,17,11,19,17,7,14,10,7,6,7,2,5,5,2,3,3,13,7,13,5,7,1,2,1,6,4,1,3,1,2,5,5,11,1,5,4,10,9,4,12,1,3,0,2,7,6,11,19,5,3,2,13,12,5,5,5,16,5,7,7,6,4,9,7,10,4,14,4,17,3,9,8,7,4,0,5,1,1,4,1,8,5,5,8,12,9,3,11,13,9,5,5,8,4,3,5,10,6,14,9,15,11,6,12,4,4,1,5,4,7,10,18,13,3,6,10,18,7,9,19,16,15,3,11,11,8,9,12,39,7,22,30,5,3,8,8,11,6,2,15,1,0,3,1,8,3,13,2,12,7,10,10,18,9,3,9,10,11,14,8,28,3,18,21,15,11,10,21,6,3,0,4,13,6,11,20,15,9,20,21,16,19,7,14,26,5,8,9,5,6,9,3,12,8,8,12,14,10,23,10,13,5,4,17,0,3,2,4,9,0,12,5,12,10,13,13,11,7,3,5,15,5,6,9,12,6,10,16,8,4,6,21,4,11,0,9,5,10,7,13,13,0,10,21,8,9,3,5,17,12,3,9,9,1,7,2,8,4,4,11,4,8,4,6,7,11,1,9,4,2,1,1,8,5,9,3,5,2,0,3,2,2,0,2,2,0,5,1,2,0,3,4,8,8,5,15,4,13,1,8,9,8,5,20,5,4,3,13,5,2,3,2,3,1,1,2,0,0,2,1,1,0,3,1,7,2,3,0,2,2,0,4,0,0,1,1,3,1,1,1,0,2,0,1,0,5,0,1,4,5,2,4,4,0,2,6,2,5,4,6,3,2,1,0,0,3,7,5,4,3,3,6,11,1,5,9,13,7,3,6,4,4,5,6,14,4,15,14,3,1,3,2,8,3,0,8,0,1,1,3,4,1,8,2,9,5,3,8,16,7,4,8,11,3,5,6,17,5,14,21,0,4,4,9,3,4,2,3,0,5,5,5,11,2,10,14,16,9,11,12,11,3,0,5,7,7,3,10,12,6,3,2,12,6,11,13,4,6,2,2,4,2,3,2,4,3,9,1,2,5,1,4,4,1,2,5,13,9,2,6,5,5,5,3,9,6,6,15,2,5,1,1,15,6,11,13,2,1,3,6,18,14,10,9,9,12,2,5,13,8,9,10,12,4,5,11,7,7,2,8,3,9,2,2,0,1,4,2,6,7,8,11,0,3,0,1,3,1,1,0,0,3,4,3,3,4,3,4,1,4,6,13,4,1,2,5,5,8,3,8,5,3,6,8,14,5,10,7,15,5,1,2,5,7,6,4,12,4,16,2,8,12,7,12,6,2,2,12,2,2,3,7,3,4,7,4,7,6,7,7,9,1,3,5,6,3,4,4,9,6,4,2,3,12,4,13,5,6,2,2,5,6,10,12,6,1,9,13,24,8,6,12,19,6,4,9,7,3,8,9,15,11,18,15,5,4,4,4,5,6,2,4,1,2,0,4,5,0,7,5,7,3,4,3,13,11,2,5,14,10,6,12,19,8,22,20,8,12,6,19,6,5,0,3,6,8,9,18,18,9,10,18,23,15,12,19,8,6,3,4,6,5,11,4,19,6,18,11,20,12,18,21,15,6,1,14,2,3,4,4,12,3,11,8,7,13,5,9,8,4,0,6,1,10,6,12,17,2,11,8,22,17,17,35,11,7,1,9,13,13,14,28,30,6,25,28,7,5,1,8,7,3,1,4,5,7,5,8,2,5,7,5,7,12,3,6,6,1,3,9,1,1,0,3,9,7,12,6,0,1,1,0,1,1,0,1,0,1,1,3,1,1,4,4,7,8,4,7,0,2,2,0,4,13,6,10,2,2,4,3,16,7,9,9,8,3,2,6,1,1,13,6,13,1,12,5,19,11,21,12,9,8,5,11,1,2,2,5,10,2,11,9,17,6,12,15,17,7,6,7,9,6,8,8,9,3,13,12,30,10,13,28,5,5,3,10,8,15,15,34,22,7,23,26,16,5,6,14,23,8,3,8,12,3,7,11,23,6,13,31,8,7,10,5,4,4,1,7,0,0,1,2,9,0,5,2,13,4,4,10,16,6,1,10,15,13,6,11,17,7,18,16,18,15,13,24,15,4,1,6,12,14,20,15,26,6,21,38,1
hpv54,11,23,16,16,30,11,7,8,8,8,12,11,20,5,20,8,22,14,19,19,8,9,8,11,8,2,5,4,10,3,10,8,7,8,3,3,12,8,3,2,8,11,7,12,13,1,8,5,15,10,14,22,3,9,1,4,3,13,16,18,13,6,7,6,22,20,11,18,21,14,5,5,14,16,18,24,14,12,11,17,9,9,13,8,6,11,1,13,9,1,1,4,20,8,9,10,1,6,2,6,4,7,0,2,3,8,2,3,4,3,7,4,8,8,2,7,1,2,3,2,4,12,8,14,7,2,4,13,8,9,4,6,14,9,4,3,3,3,11,3,9,2,17,7,10,12,9,12,14,7,1,6,2,2,1,2,6,1,6,4,16,13,9,8,18,7,2,4,6,5,12,12,13,3,19,4,16,7,12,18,1,3,0,2,10,6,9,12,4,3,3,14,13,13,10,16,14,11,1,7,10,8,11,15,32,11,22,24,5,1,6,8,6,5,0,16,1,2,0,3,10,2,7,3,5,5,5,8,21,7,2,10,19,13,12,17,15,8,19,27,13,10,11,25,3,10,1,5,6,9,11,16,22,6,14,21,15,15,11,12,16,8,6,12,5,7,7,5,12,5,14,10,17,14,15,14,8,10,1,13,1,7,5,7,6,0,8,9,6,9,5,16,19,10,2,4,15,10,9,10,16,3,10,11,10,5,6,16,7,8,4,10,3,9,9,9,16,4,22,15,9,6,3,6,15,6,4,7,6,8,8,6,12,3,5,16,4,8,4,5,5,10,3,8,0,3,3,4,10,4,10,9,5,1,1,2,3,7,2,0,2,1,1,1,3,0,5,2,11,9,11,19,7,10,1,7,8,14,4,14,5,6,9,14,5,2,1,0,5,2,1,1,0,2,2,0,2,0,2,5,4,5,2,1,3,2,6,7,1,2,0,1,1,0,1,2,2,2,0,2,3,3,1,5,2,2,0,0,1,1,3,4,2,3,4,3,0,4,0,0,0,9,5,5,2,0,1,5,10,4,9,8,15,9,3,6,9,5,4,10,19,2,13,8,3,1,4,3,8,0,0,6,0,1,0,3,7,0,3,1,6,8,4,7,21,8,1,9,6,5,3,6,13,3,18,8,6,4,6,3,5,4,1,3,8,4,4,3,14,3,12,10,15,10,3,10,10,8,4,6,5,4,5,1,11,2,6,3,10,9,16,7,9,6,2,11,4,2,4,2,4,3,7,5,1,6,0,2,2,5,0,3,17,4,7,9,4,1,4,1,8,3,6,11,1,5,0,0,8,7,11,12,6,2,2,20,15,13,9,13,18,9,9,9,11,9,10,7,9,9,9,17,6,4,8,14,5,4,1,9,0,7,1,1,7,3,13,9,2,2,0,1,2,3,1,2,1,2,1,3,2,0,4,1,6,9,6,10,2,0,0,2,8,9,6,10,6,4,2,6,18,8,10,12,12,9,5,8,4,2,16,2,7,1,10,8,11,13,9,15,8,3,2,8,2,2,4,1,10,1,12,5,7,4,6,4,17,4,3,9,9,14,5,2,9,3,7,3,7,13,8,10,6,1,2,2,9,6,8,17,4,1,8,6,14,10,5,11,17,11,6,5,17,6,7,10,17,5,22,13,5,6,3,4,3,3,2,7,0,1,0,1,3,0,3,4,3,10,7,6,19,6,4,7,22,6,10,4,24,9,26,16,6,6,4,13,1,2,1,2,1,5,9,17,11,4,16,15,25,8,9,15,18,9,2,5,3,6,14,10,18,5,10,11,22,8,22,14,14,6,4,12,2,2,2,5,5,2,13,4,13,7,12,14,10,5,2,8,6,6,12,8,20,1,15,7,19,15,18,40,9,5,1,8,9,11,25,30,24,7,11,22,7,3,1,4,6,3,2,2,5,2,8,3,2,5,5,7,5,11,3,9,5,1,5,3,0,1,0,1,13,10,8,6,0,0,1,0,3,1,1,0,0,1,0,2,3,1,3,1,6,7,9,6,1,2,0,0,5,4,2,4,1,1,4,6,7,9,0,4,11,8,2,7,2,3,8,5,10,3,9,10,25,15,17,16,7,7,0,11,0,2,2,3,14,2,14,7,23,15,9,12,10,7,3,10,4,12,13,8,15,4,11,8,15,16,16,26,11,7,0,6,7,15,20,41,19,2,20,21,20,6,9,9,20,5,1,6,10,6,10,8,24,5,18,19,2,5,5,4,11,6,0,8,0,1,3,1,8,1,2,4,6,5,2,11,12,4,0,11,12,6,12,11,21,4,20,11,19,12,13,26,7,9,2,5,9,9,17,20,23,10,13,31,0
hpv57,14,11,9,8,16,3,9,8,6,5,8,8,8,5,10,6,12,6,20,13,7,5,2,5,5,4,4,3,7,2,14,5,10,8,5,8,6,7,9,2,6,9,9,10,4,4,3,11,8,11,5,7,4,9,3,3,5,7,9,10,5,4,8,2,10,9,10,8,14,10,4,13,12,18,16,16,20,7,7,15,8,8,8,5,7,10,3,14,5,4,5,6,8,8,13,5,5,7,4,2,8,5,7,4,5,3,6,3,3,2,10,6,7,4,1,9,8,5,1,2,10,9,17,19,2,3,3,7,11,7,9,5,20,11,6,5,8,4,12,6,11,2,14,4,9,8,13,10,11,11,2,9,2,4,8,7,5,1,12,1,15,13,11,11,10,11,5,7,11,9,6,12,8,7,13,4,7,7,7,7,7,9,3,2,6,8,11,8,3,9,3,10,12,9,8,7,13,17,4,7,8,3,8,9,10,12,17,9,2,3,10,8,11,7,3,10,1,1,5,1,3,3,11,4,5,7,10,11,12,4,5,10,15,9,10,9,10,13,19,9,4,6,3,13,3,10,3,6,6,13,7,9,3,8,12,12,8,5,6,12,14,7,1,10,9,8,11,4,7,9,6,5,5,13,18,8,8,8,5,13,2,5,4,3,6,8,18,3,11,19,12,9,18,15,6,10,16,16,15,11,12,9,18,9,12,10,10,14,6,10,2,6,8,7,10,13,7,7,10,14,6,10,11,5,13,16,5,9,11,8,11,10,10,6,10,3,5,8,12,6,6,22,9,15,8,7,7,2,9,6,24,12,3,4,6,1,3,10,3,8,5,5,6,5,1,6,2,3,8,6,4,8,6,10,3,9,8,18,12,19,9,4,9,16,6,2,2,1,3,2,9,1,6,2,5,4,2,0,4,1,6,4,9,3,10,8,2,4,0,4,6,3,2,2,10,4,3,10,7,6,5,7,7,5,3,6,10,8,4,5,5,4,3,2,1,4,2,4,4,6,0,12,5,12,4,0,5,3,9,5,3,5,9,5,5,6,6,1,4,1,12,5,10,6,4,4,4,9,9,7,1,2,2,1,5,0,6,5,7,4,8,8,1,12,21,14,8,14,14,11,14,13,16,8,29,15,1,2,6,6,6,4,4,5,3,7,2,6,8,6,11,10,12,8,7,4,8,5,3,6,11,10,8,4,7,1,7,3,9,15,14,15,6,13,8,7,9,11,5,10,3,2,6,4,7,10,6,7,9,8,4,4,23,5,5,8,7,7,4,2,4,12,5,12,2,3,0,5,11,10,11,10,5,6,6,9,10,8,7,12,10,5,4,8,17,17,19,17,9,8,13,12,10,19,12,10,10,9,3,13,1,7,4,2,6,6,10,10,1,4,3,3,8,8,3,4,7,10,9,3,4,7,13,1,4,7,5,6,3,3,1,6,6,15,15,17,2,5,4,4,6,10,13,9,17,10,15,6,13,13,16,4,5,5,13,12,7,6,12,16,13,8,4,7,5,8,8,9,6,5,9,3,6,11,12,8,11,9,10,5,9,12,19,10,10,10,13,7,5,10,6,11,5,10,9,4,10,9,21,7,5,5,9,6,6,8,4,6,14,4,5,7,2,7,5,6,14,7,9,7,4,4,13,5,5,12,8,8,2,2,11,6,5,4,17,4,8,10,3,4,20,17,5,8,18,11,15,14,8,17,15,12,2,7,3,7,6,9,2,4,11,9,6,8,11,3,11,10,8,12,5,5,13,4,3,4,5,1,7,6,9,4,8,5,11,7,10,13,8,8,5,9,2,4,4,5,5,4,17,3,4,5,7,7,7,3,2,3,5,3,9,3,5,1,8,3,12,8,8,15,11,9,3,7,9,7,13,18,9,5,11,10,5,5,4,2,7,3,1,5,11,6,12,5,7,3,8,8,9,8,8,8,8,11,9,9,0,6,5,2,3,8,10,11,2,0,4,1,3,1,0,2,9,6,6,7,2,1,4,2,3,8,2,10,4,1,3,5,5,15,8,13,2,7,2,8,8,3,9,3,13,11,5,3,3,6,8,6,15,3,11,9,15,9,36,13,17,8,6,12,4,7,7,6,9,5,22,7,14,14,16,10,15,5,8,6,14,8,15,10,10,6,16,10,9,11,6,15,12,10,5,18,9,21,21,25,7,7,17,16,3,2,4,7,5,4,1,9,7,4,3,1,7,6,11,13,6,5,7,4,8,11,1,12,2,2,7,2,9,1,6,7,2,7,9,11,20,8,6,11,7,3,8,6,7,7,13,11,9,4,3,11,7,9,4,8,9,16,9,15,6,11,15,18,0
hpv57c,10,10,9,8,17,3,9,11,7,6,9,9,6,4,9,6,10,8,20,14,6,7,1,4,5,4,4,5,8,2,18,5,10,9,5,6,5,8,9,2,8,9,8,10,6,3,2,10,8,9,3,8,3,7,3,4,5,8,9,8,4,4,9,3,8,9,10,8,17,10,4,14,15,18,13,17,19,8,7,18,7,9,6,5,5,12,3,13,4,1,4,4,10,7,11,5,6,5,5,5,7,6,7,4,6,2,7,3,3,2,9,5,8,5,2,12,5,5,0,4,10,8,19,20,4,3,3,6,12,8,9,7,23,7,5,4,7,5,12,5,10,2,13,6,9,10,15,8,9,13,3,7,3,4,7,8,7,1,13,3,15,14,12,9,9,12,3,7,11,8,8,12,10,7,12,3,6,7,9,6,7,10,3,2,6,7,11,7,4,8,2,10,11,10,8,4,16,12,4,5,8,4,7,11,10,9,17,12,3,3,6,7,8,7,5,10,2,1,4,1,4,3,12,4,6,6,8,10,15,4,4,10,17,9,11,8,9,14,21,10,4,7,4,12,1,12,3,3,9,11,8,7,5,10,12,10,7,8,5,8,13,6,0,11,11,9,10,4,7,9,6,5,5,12,16,8,9,7,3,13,2,5,6,3,8,7,19,3,14,15,10,12,18,13,6,12,14,13,17,10,13,9,17,9,11,11,11,13,6,9,2,8,8,6,11,15,7,5,11,14,4,10,11,7,10,11,6,9,8,10,10,9,10,6,10,3,4,7,11,6,6,18,11,19,8,9,6,2,11,6,27,9,4,4,4,2,4,11,1,6,6,8,4,3,2,3,3,3,8,6,4,11,6,12,3,10,11,16,15,18,7,6,6,13,7,4,2,1,3,2,7,1,5,3,7,3,2,0,7,2,6,4,7,5,10,9,4,3,1,4,5,2,2,3,6,3,3,12,7,3,6,5,8,4,3,6,9,10,2,5,7,4,3,0,1,4,3,4,3,3,0,13,4,11,2,0,5,3,8,4,3,5,11,5,5,7,8,1,6,0,13,6,12,7,4,3,6,7,9,7,1,5,2,0,3,0,8,4,8,5,7,12,3,11,17,16,9,16,16,12,12,13,14,11,28,14,1,5,6,4,7,3,6,4,1,9,1,7,7,4,10,9,14,9,8,5,11,6,5,6,8,8,9,2,9,1,7,3,9,17,15,13,6,12,4,7,12,11,4,8,4,2,7,4,7,10,6,7,9,8,4,5,24,5,5,9,4,8,4,2,4,11,7,12,2,3,0,4,7,11,12,12,6,5,4,9,9,7,10,10,9,6,4,10,19,17,20,15,10,7,13,11,13,12,13,10,9,15,3,12,1,7,5,2,6,7,11,7,1,4,5,3,8,8,3,3,6,10,8,4,1,7,12,0,2,8,6,6,4,3,1,7,7,19,11,15,3,5,6,4,8,11,12,8,15,10,17,8,14,14,17,3,5,4,13,10,5,6,12,17,12,7,4,8,5,7,10,5,4,6,8,4,6,11,12,9,10,9,8,5,9,10,17,11,11,11,16,5,6,10,5,12,8,7,9,5,9,11,18,11,4,4,9,5,9,7,3,6,15,5,3,6,1,10,5,5,13,7,10,7,3,6,13,10,5,10,8,8,2,2,12,7,4,5,15,4,6,10,2,3,23,16,4,10,16,10,15,14,11,17,15,10,2,4,3,6,5,8,2,3,10,9,6,9,12,3,9,12,6,13,9,4,11,3,4,5,4,1,7,6,6,3,8,6,11,8,12,17,6,7,5,9,2,4,4,3,7,3,13,4,5,5,8,6,10,3,3,5,4,4,9,3,5,2,8,3,10,6,9,15,8,11,3,7,10,8,13,19,10,5,11,11,7,4,3,2,5,5,2,4,9,4,11,7,7,4,10,5,8,8,7,8,8,9,8,9,1,5,6,3,2,11,11,11,3,0,4,1,3,1,1,1,7,3,9,8,2,1,4,2,2,9,3,9,5,2,1,4,5,15,8,14,2,6,3,7,9,5,4,4,13,10,6,4,4,4,7,7,17,3,9,6,16,9,37,11,17,10,4,13,4,7,6,5,9,5,25,8,15,13,17,11,15,5,8,6,15,8,13,10,10,6,14,10,10,12,6,15,14,10,8,18,6,22,22,24,5,6,18,18,4,2,4,7,6,5,1,9,7,6,2,2,4,7,11,11,6,4,6,2,9,10,1,12,2,3,8,1,7,0,7,5,3,5,9,11,18,8,5,11,7,3,8,5,9,8,10,13,10,5,4,11,5,9,3,9,8,13,8,17,7,9,15,19,0
hpv59,28,23,23,19,26,10,13,11,15,8,15,12,23,6,21,23,16,16,23,19,12,10,7,9,5,8,3,9,6,5,11,8,12,10,8,12,8,6,5,3,8,4,6,19,7,3,12,8,15,15,13,20,7,9,1,5,12,11,13,17,16,5,17,17,21,15,11,17,17,10,4,11,19,8,21,20,15,7,16,28,8,13,11,6,8,7,6,8,3,3,1,7,11,11,8,9,2,2,5,2,4,7,0,4,2,2,3,2,3,2,9,3,6,15,5,13,4,2,1,5,5,11,9,17,8,7,5,13,16,8,5,9,15,4,5,9,6,2,8,2,17,5,13,14,16,11,9,4,3,4,0,4,5,3,2,6,8,1,9,1,15,10,2,11,14,3,1,4,2,4,5,4,14,1,15,10,12,12,11,12,6,0,1,4,9,2,11,13,12,5,10,12,22,13,3,14,28,8,3,9,12,7,5,18,29,5,20,32,10,3,5,6,13,4,0,10,0,1,1,2,4,0,9,6,11,9,8,13,19,6,1,7,14,12,8,9,14,9,16,17,23,11,11,20,3,9,2,3,10,13,14,24,18,8,21,30,19,13,6,18,18,10,8,8,10,5,7,7,9,8,13,14,15,4,7,14,10,7,4,8,0,4,2,3,9,1,13,5,7,12,5,20,16,2,6,6,13,11,3,11,16,6,11,16,6,10,8,15,6,9,1,6,6,4,8,13,24,1,13,23,14,10,4,10,6,8,3,8,10,4,6,10,9,6,2,10,12,4,3,6,10,5,1,6,4,2,1,3,6,3,3,10,5,1,2,2,2,2,1,2,1,0,0,1,4,1,3,4,12,10,4,6,4,7,2,8,6,9,2,9,5,6,6,14,6,0,2,1,3,2,1,1,4,5,2,0,2,0,1,3,5,1,4,1,4,3,1,4,2,0,0,1,0,0,3,3,2,2,0,1,4,0,1,1,1,2,2,1,1,2,2,1,5,4,3,2,2,3,3,0,1,5,4,8,1,1,0,9,7,7,6,6,9,10,3,18,7,2,3,9,16,2,11,8,1,0,7,4,3,0,3,3,1,2,0,2,9,3,2,2,9,3,2,9,13,7,0,15,10,1,2,8,14,6,12,13,3,5,2,9,3,6,1,11,1,5,5,9,10,3,11,10,19,10,9,16,9,9,1,4,9,4,7,5,9,1,6,9,11,8,15,9,4,6,1,6,5,1,3,2,7,5,3,9,8,4,2,3,6,3,1,3,11,1,1,4,7,0,2,2,12,13,6,16,4,5,1,5,10,6,7,7,5,5,9,9,12,14,12,12,13,7,2,6,10,11,7,12,9,4,10,16,9,1,6,6,4,5,2,5,1,1,0,0,6,1,9,4,2,4,3,2,0,2,2,0,0,3,0,0,4,3,3,3,4,6,7,9,2,0,2,2,7,7,4,12,4,2,4,4,16,6,9,7,12,7,3,9,6,2,2,4,9,5,8,6,9,7,7,7,3,3,1,7,2,1,1,4,8,2,5,1,5,4,2,3,4,5,3,2,7,4,4,2,4,1,6,3,6,13,6,6,1,0,3,2,5,9,6,15,10,4,3,10,20,10,5,11,19,10,1,10,10,7,6,8,13,4,13,11,3,5,6,7,9,2,1,4,0,1,4,4,7,0,5,1,5,7,1,6,20,5,1,6,13,4,4,11,21,9,24,22,12,13,3,15,4,9,2,2,10,5,6,9,12,7,20,27,27,14,12,20,21,9,4,7,8,5,8,6,22,7,13,9,22,14,23,24,12,6,2,16,1,2,1,3,17,1,15,11,11,7,3,14,10,0,4,7,6,6,5,6,17,2,10,13,19,10,15,35,7,4,1,3,13,12,15,19,20,6,22,28,9,5,2,5,4,4,0,3,5,7,4,7,6,5,3,7,9,7,10,9,3,5,1,3,2,1,0,2,9,6,6,8,0,0,1,0,5,1,0,0,2,1,3,3,3,2,3,1,4,9,5,9,2,0,0,1,5,8,6,7,2,6,5,3,16,9,9,8,13,4,2,5,1,4,5,5,19,5,8,5,20,9,20,27,12,6,0,5,2,0,0,2,10,3,13,9,16,15,10,13,8,6,3,9,4,4,6,7,12,2,12,13,23,11,11,21,12,13,2,7,4,16,11,40,19,7,17,35,24,11,13,20,27,8,0,7,6,5,9,7,21,4,15,25,7,3,5,4,10,6,1,12,0,2,4,1,7,0,10,7,17,5,4,9,24,5,2,7,17,9,7,11,17,10,19,26,30,13,11,21,9,5,2,8,14,15,19,30,35,6,26,47,1
hpv6,17,20,16,16,32,8,12,11,10,11,15,13,21,6,28,17,28,20,17,23,10,6,7,9,5,8,7,10,7,3,12,9,13,10,4,9,10,7,7,5,6,5,6,13,13,1,14,8,11,8,8,21,6,5,3,5,10,17,16,12,15,10,13,19,21,21,9,21,28,19,3,9,13,12,19,21,29,9,19,22,15,9,9,4,6,8,2,13,3,1,4,5,10,4,16,5,2,4,5,4,6,7,2,3,4,1,6,6,4,4,5,5,8,9,4,8,3,4,3,2,4,11,9,17,5,3,3,12,19,4,12,7,14,8,4,4,4,2,7,5,9,3,13,10,9,12,5,11,12,4,1,4,2,3,3,2,6,1,4,2,18,6,6,9,14,5,4,5,6,2,11,8,13,2,12,3,9,7,8,15,6,5,2,1,7,7,16,11,8,3,4,9,21,9,7,6,19,6,1,12,12,7,9,11,39,13,38,22,8,2,7,8,10,3,1,11,1,1,1,2,5,0,4,4,8,6,11,13,30,6,4,8,16,12,10,15,21,4,33,18,21,13,8,23,8,10,3,4,8,14,13,21,26,8,16,21,15,16,10,19,18,12,11,7,7,6,3,6,13,3,9,18,21,15,17,13,15,14,2,12,4,4,4,3,8,3,10,3,11,11,5,11,12,7,1,6,17,9,9,8,7,5,14,12,11,8,13,21,7,8,0,4,3,9,9,11,22,4,18,17,16,9,5,6,12,7,3,6,8,5,7,4,7,2,2,16,5,5,3,3,4,10,1,9,2,4,0,2,8,3,16,9,4,2,1,0,2,2,0,2,1,1,0,3,2,0,4,3,14,9,5,14,3,9,2,8,9,13,5,24,7,4,6,8,3,1,3,0,2,2,4,2,0,3,7,0,2,0,2,2,2,3,5,2,5,3,2,6,0,2,0,2,1,0,3,2,4,4,0,2,2,2,0,3,2,2,2,0,3,2,3,7,4,6,0,1,5,2,0,3,0,5,7,2,2,1,2,6,14,10,5,7,12,3,3,6,7,2,0,7,15,3,10,11,3,1,2,1,4,1,0,9,0,2,1,3,2,0,5,6,8,6,2,5,22,7,2,10,8,5,7,4,16,6,12,22,2,5,3,8,0,2,1,6,0,4,4,7,10,3,10,12,15,7,8,19,12,5,3,6,16,7,6,10,2,6,6,6,5,6,14,23,5,4,1,7,5,4,3,3,1,3,5,3,4,0,1,4,6,3,0,1,12,10,4,6,8,1,2,2,7,10,2,14,2,4,0,0,8,6,8,10,8,5,4,10,13,14,5,11,20,15,8,7,9,7,12,9,9,5,6,20,10,5,7,11,4,5,3,9,1,1,0,1,11,6,7,5,0,3,3,2,1,6,2,0,4,3,0,3,1,3,3,2,11,4,3,10,1,0,1,2,3,10,7,9,2,1,2,7,15,17,17,5,20,3,7,1,4,3,10,4,11,2,8,5,5,10,7,6,2,7,0,9,4,2,5,1,8,2,12,3,10,6,10,0,5,6,2,3,10,3,7,11,9,5,6,10,11,9,8,16,3,3,2,2,4,6,12,12,7,5,8,8,19,15,3,12,19,6,3,10,10,5,5,4,23,5,22,14,6,5,4,6,4,3,1,8,0,2,0,2,2,1,5,4,7,4,1,5,20,9,3,5,20,10,10,11,26,7,19,16,8,14,7,18,3,5,1,4,4,8,8,11,15,6,8,16,22,20,15,18,26,7,4,7,3,5,6,7,12,4,12,16,18,18,17,20,7,5,3,7,1,2,3,2,13,3,14,8,14,9,8,11,9,4,2,1,4,4,8,3,11,7,11,2,14,12,16,56,10,8,2,4,17,16,19,43,20,6,21,25,10,4,3,5,6,2,1,2,8,2,5,4,8,3,5,4,6,9,5,9,2,1,2,5,1,0,1,1,13,9,12,6,1,1,1,0,3,1,0,1,1,2,0,3,4,3,2,1,3,2,4,7,0,1,0,1,5,7,3,6,4,1,4,8,12,4,7,8,12,4,0,5,1,2,8,4,11,1,9,10,27,25,20,21,14,7,0,10,2,2,2,4,13,1,10,5,22,15,5,15,7,5,6,14,8,9,11,11,19,1,13,8,25,16,8,32,7,6,0,6,6,19,16,43,30,4,17,22,21,10,6,19,23,7,1,10,13,2,5,9,21,3,25,25,5,3,6,5,11,3,1,12,2,0,4,3,7,1,7,3,8,5,1,8,21,9,1,6,13,5,12,11,18,2,20,17,25,9,11,25,8,10,4,4,10,11,16,18,19,9,21,38,0
hpv62,19,14,17,13,16,7,11,9,1,10,20,14,17,9,13,6,15,7,14,7,10,2,2,14,3,7,6,5,10,3,12,5,3,6,5,2,13,9,7,6,16,7,7,16,11,2,15,6,13,14,5,16,5,8,1,2,6,13,7,11,5,2,11,13,19,8,17,13,15,8,7,8,13,9,14,21,14,4,8,25,15,14,13,12,9,14,3,5,3,4,6,4,8,5,26,9,8,3,3,1,12,5,1,2,9,6,12,4,3,3,8,1,8,9,3,12,5,4,0,2,5,11,16,19,2,1,1,15,8,6,6,5,14,7,5,3,5,6,8,0,9,1,10,3,15,13,13,6,11,6,0,6,3,2,4,8,4,3,9,3,13,13,18,6,10,7,1,4,5,7,10,13,14,4,13,10,11,9,8,14,1,4,2,3,8,11,16,11,7,1,7,6,16,5,5,10,24,12,5,7,14,4,4,10,31,6,19,20,4,2,6,3,5,4,1,14,0,1,0,2,3,1,6,1,10,15,4,7,19,13,4,11,4,11,11,12,15,8,22,9,10,8,6,12,1,6,1,4,9,8,12,24,19,7,20,16,17,11,9,14,11,5,2,12,6,10,11,8,15,4,12,10,11,9,14,8,14,10,4,11,3,1,8,8,9,5,19,6,9,12,2,7,18,9,5,5,12,9,17,12,14,5,19,12,5,8,7,18,2,9,1,3,2,10,7,7,8,4,22,18,12,6,7,7,10,16,7,16,6,12,11,11,10,3,9,11,9,9,10,6,11,15,10,9,5,5,4,7,8,4,10,8,4,3,2,3,1,8,1,2,2,4,6,4,3,2,4,7,7,7,3,16,3,12,1,7,11,22,9,18,9,8,10,14,7,5,1,0,5,5,1,0,1,3,4,2,1,0,3,1,6,6,7,3,2,4,3,10,0,2,2,2,1,1,3,1,4,3,5,2,2,8,3,3,6,8,7,3,2,2,5,3,2,2,2,3,1,5,1,5,1,5,6,9,4,2,4,3,8,5,5,8,9,8,5,9,2,2,2,2,14,1,15,14,0,0,7,6,4,6,1,8,0,2,2,1,2,2,7,1,2,11,6,10,21,11,5,16,12,9,11,8,20,4,25,16,1,5,4,7,1,7,0,4,3,6,5,3,10,4,14,16,12,9,8,7,7,10,6,5,6,3,6,5,2,0,3,10,14,9,12,19,9,9,4,11,8,4,8,0,3,1,8,4,1,3,7,3,8,4,4,6,18,4,5,8,8,1,4,1,5,11,6,5,0,2,0,2,13,10,6,8,4,2,2,6,15,15,11,17,15,14,6,11,9,13,20,11,11,7,5,11,8,16,12,9,8,9,1,11,3,1,5,3,8,6,11,14,1,3,5,1,7,4,4,2,3,5,3,2,2,4,5,5,7,10,0,10,2,3,0,2,6,14,10,16,3,1,4,11,12,8,11,8,20,10,8,7,6,5,15,8,9,2,13,3,8,14,15,7,18,9,6,7,3,5,4,3,10,2,9,4,9,13,4,6,15,13,6,9,16,13,17,7,12,9,8,4,5,19,4,16,4,3,3,7,6,6,17,14,6,3,9,11,10,6,15,5,15,18,7,5,11,3,4,3,16,8,27,16,1,4,3,4,5,6,4,11,1,1,2,3,6,3,10,4,6,9,4,5,15,15,6,10,19,11,18,16,17,13,26,13,6,12,4,9,1,3,1,4,3,7,11,14,12,5,13,16,15,9,11,11,9,6,2,4,3,12,9,7,14,3,9,5,17,13,17,17,21,10,7,12,1,8,9,2,10,2,12,4,12,8,5,11,9,1,1,2,4,2,6,5,9,2,8,2,13,15,14,37,8,5,1,4,14,14,18,28,19,4,18,25,5,1,0,4,2,1,0,4,2,3,5,7,3,1,4,5,0,10,5,6,6,7,7,5,1,2,1,2,9,8,13,10,0,2,0,0,2,2,0,0,0,1,3,2,1,3,4,0,4,5,2,6,3,0,4,1,7,6,5,12,3,2,2,4,9,9,2,2,15,11,6,6,2,8,8,4,8,1,11,7,29,13,18,18,14,10,3,16,4,8,3,3,12,1,25,11,13,16,7,13,17,12,5,9,5,15,19,10,16,2,17,12,18,15,7,34,6,14,1,8,9,24,25,35,14,3,15,26,12,5,6,8,16,12,3,7,9,4,7,6,18,3,13,16,5,1,1,0,7,9,0,7,1,0,2,2,6,2,7,5,4,3,8,5,23,4,3,12,14,12,9,11,22,4,20,20,14,13,12,22,4,7,3,8,5,21,18,25,20,6,22,31,1
hpv67,45,25,22,22,27,15,18,8,10,11,19,18,22,5,22,16,16,16,18,21,14,4,3,8,8,6,5,9,8,3,5,6,12,7,4,5,12,7,2,9,11,8,1,16,11,2,8,13,15,14,13,25,4,11,2,5,18,9,15,18,9,4,17,12,15,12,14,23,25,10,6,10,15,17,18,15,23,11,9,16,10,10,8,17,5,6,2,8,3,1,3,0,13,6,13,5,8,6,1,3,7,4,1,2,3,2,5,7,5,4,4,5,6,6,5,16,3,7,0,3,8,8,8,17,5,4,3,17,18,10,5,4,12,5,4,9,2,3,7,1,9,4,16,13,11,5,6,10,9,2,1,5,2,1,1,2,11,2,3,2,13,13,7,11,13,8,4,4,3,2,3,3,16,2,12,12,16,11,12,8,4,2,0,1,10,13,11,12,4,0,4,17,16,7,5,13,19,9,6,15,14,1,10,17,25,10,27,29,10,0,4,2,8,7,1,8,0,2,2,1,7,4,9,7,15,9,8,20,15,7,2,8,15,8,9,11,22,9,16,22,9,16,7,23,8,6,1,4,11,11,12,25,31,10,18,26,21,15,12,11,19,5,6,4,6,8,7,5,17,6,20,10,14,10,13,7,15,7,2,12,1,5,4,3,10,1,8,7,9,11,5,18,9,8,3,7,11,10,2,15,11,1,18,7,6,13,10,19,3,4,2,13,5,6,5,12,16,5,11,23,9,9,3,7,7,13,3,7,8,5,4,6,6,4,7,20,3,7,5,4,3,6,2,11,2,2,3,1,7,2,12,11,4,0,0,2,2,2,2,1,3,1,0,2,1,0,3,3,10,10,6,10,5,7,3,6,8,15,2,16,9,3,4,9,8,2,1,1,2,2,3,0,0,0,3,0,3,1,2,1,6,2,5,4,2,4,0,5,0,2,0,1,0,0,2,2,2,1,2,4,2,3,0,0,1,0,2,3,2,1,3,5,2,0,3,3,0,4,1,0,1,3,3,4,3,1,2,7,13,2,4,7,19,1,1,6,5,2,3,5,12,1,11,17,4,1,6,1,6,5,1,6,0,4,1,2,2,1,5,3,5,8,3,5,20,5,3,7,4,4,4,9,14,7,15,12,6,5,3,7,3,6,0,9,1,4,3,4,9,3,9,18,26,14,6,16,10,5,1,5,7,7,1,4,8,4,7,2,12,9,9,11,5,6,2,5,4,1,3,4,3,4,8,6,3,8,1,1,5,0,0,0,18,4,1,3,3,1,3,1,6,11,5,9,2,3,1,2,15,5,7,16,5,2,3,20,24,10,5,15,10,11,3,9,14,3,9,9,14,3,11,14,9,6,5,7,3,3,2,4,0,2,0,1,6,6,6,5,0,1,2,2,3,2,0,1,2,2,0,0,1,0,3,3,8,5,2,7,2,1,2,2,1,3,8,7,4,1,3,10,17,3,7,9,16,5,3,6,9,0,7,2,6,2,11,5,8,6,6,11,8,1,1,6,2,2,2,1,5,2,1,4,8,4,1,1,4,2,1,2,4,3,4,6,6,1,5,6,11,9,8,19,2,2,0,1,3,13,5,10,8,2,6,18,18,8,7,16,16,11,4,6,9,6,5,14,21,3,14,19,6,1,6,6,3,10,4,3,0,1,0,1,3,1,2,2,9,4,4,3,30,6,0,9,10,3,5,12,16,11,16,14,9,14,6,9,1,4,1,2,3,7,6,10,24,8,17,17,22,14,18,16,15,4,3,5,5,4,9,7,20,7,11,14,22,16,25,20,11,4,0,12,5,2,5,2,12,5,20,10,13,4,3,18,6,2,1,2,4,7,7,8,22,3,17,4,14,11,14,38,7,6,0,7,14,12,16,23,25,8,28,30,11,3,4,8,2,2,1,0,6,2,7,7,5,4,1,5,6,7,5,9,8,7,2,9,1,2,0,5,10,7,10,4,0,0,0,0,5,3,0,0,1,0,1,2,1,1,1,2,2,6,2,8,2,3,2,0,4,9,3,8,3,10,2,3,19,6,6,7,11,6,2,6,2,2,9,5,13,1,14,11,29,20,18,17,8,5,1,7,1,1,1,3,6,3,13,10,13,12,8,8,12,3,2,6,6,4,8,6,23,1,11,11,20,17,11,27,13,12,1,6,6,16,11,31,23,5,14,24,24,10,9,16,29,6,3,20,10,2,8,10,19,6,13,26,6,3,6,6,10,4,2,14,0,1,1,1,6,1,8,6,9,4,3,11,19,3,1,8,12,8,6,14,23,5,17,18,35,23,14,24,9,14,1,6,12,9,19,24,32,9,20,39,0
hpv68,33,27,19,19,20,5,16,11,6,10,11,10,24,4,19,17,13,12,20,20,5,10,4,8,5,5,8,9,23,3,17,3,4,5,1,6,12,5,4,3,8,8,7,11,11,3,7,6,16,19,18,22,11,4,2,5,7,10,11,21,10,6,10,17,19,16,6,18,14,11,5,10,18,8,22,25,17,9,19,24,14,13,8,11,8,4,1,11,3,4,4,3,12,3,8,5,4,5,3,2,6,8,1,0,7,2,10,3,8,3,6,4,14,17,5,20,6,2,3,1,9,12,13,18,4,4,6,11,10,8,5,8,17,3,4,5,1,5,6,2,12,0,15,7,13,5,12,7,7,8,1,3,4,1,1,6,2,1,6,0,12,11,5,11,19,6,1,2,7,3,6,4,10,2,17,8,10,15,12,15,3,3,2,7,6,7,10,10,10,2,5,13,21,9,7,15,29,12,5,15,11,7,10,16,34,8,31,25,10,5,5,7,6,0,1,9,0,0,3,1,6,1,8,2,18,5,4,16,20,6,0,10,12,13,8,14,24,13,18,25,14,14,17,19,7,7,0,2,10,9,17,19,17,11,16,24,19,8,8,11,17,10,7,13,3,6,2,5,18,6,18,9,14,8,12,11,16,5,6,11,3,5,1,2,12,4,10,7,11,14,6,13,13,5,4,4,16,9,4,12,21,4,13,11,10,11,7,19,5,4,2,7,4,5,12,18,20,5,20,20,10,5,2,9,11,13,1,10,8,2,4,8,13,3,5,14,4,7,5,4,5,5,1,6,1,2,1,1,7,6,9,4,5,2,0,0,5,1,1,2,2,1,3,3,1,1,4,2,14,6,4,14,4,8,1,4,9,12,1,12,5,5,4,8,4,2,4,1,4,5,3,2,2,1,2,0,2,0,1,1,7,3,4,0,5,2,2,4,2,0,1,0,2,1,0,2,5,4,1,2,1,1,1,1,6,1,8,0,2,3,4,1,4,3,2,3,1,1,2,6,2,5,3,5,2,1,0,6,9,8,5,12,16,4,1,12,3,2,3,9,13,4,19,13,4,3,5,0,4,4,1,5,2,2,1,1,5,0,2,0,9,8,4,6,20,6,1,10,6,4,9,5,14,4,11,11,3,3,2,4,3,3,2,5,1,4,4,7,10,1,6,11,19,7,5,10,10,8,3,9,4,3,10,4,11,7,2,8,9,10,15,11,10,4,3,3,4,4,8,4,5,3,8,4,4,5,2,1,4,5,1,0,10,1,1,5,2,3,2,2,8,14,3,12,1,5,0,1,15,5,7,6,5,3,8,6,11,20,6,15,16,10,3,9,12,12,13,10,9,2,11,21,7,8,4,10,3,7,1,7,3,2,3,1,7,3,6,7,1,6,2,2,2,0,0,3,2,1,1,0,2,3,3,1,3,3,5,8,1,1,1,1,4,5,2,6,0,1,2,5,12,11,5,10,15,6,9,8,7,1,5,3,9,3,8,6,7,19,7,13,9,2,2,6,5,4,1,1,3,0,2,0,5,12,5,2,9,5,1,1,8,6,4,8,8,5,4,4,6,12,5,16,2,3,2,5,5,9,7,19,4,2,9,8,15,10,8,12,18,7,6,9,8,4,9,8,26,3,25,19,7,4,1,4,7,2,3,8,0,3,1,3,8,3,8,7,3,7,2,4,23,6,1,4,12,7,5,11,19,9,19,22,8,4,6,12,1,4,2,4,6,10,10,14,19,7,6,18,27,10,5,24,18,4,1,13,3,5,11,8,22,5,10,9,23,10,26,27,16,5,1,6,2,1,5,6,16,2,17,11,12,5,5,14,8,4,3,2,5,10,8,9,18,5,11,11,18,17,16,45,10,3,0,4,17,16,16,35,29,2,17,25,6,6,2,9,4,4,2,4,6,4,2,6,8,4,4,6,1,7,5,10,4,1,2,2,0,1,1,3,12,5,11,6,1,1,0,0,1,4,1,0,1,0,1,4,1,3,2,2,3,7,3,7,1,3,1,1,5,8,8,4,3,3,4,4,15,9,7,9,9,6,4,5,2,3,4,4,14,4,9,8,25,11,24,23,8,6,4,10,0,0,1,2,12,2,9,6,16,11,5,11,17,7,8,1,3,6,8,9,19,2,15,10,25,10,10,39,10,13,1,8,3,13,15,35,14,6,26,23,21,9,7,7,23,5,2,10,14,4,10,12,23,2,9,16,2,2,7,11,6,3,0,12,0,1,1,3,1,2,7,5,10,4,3,9,20,10,1,5,13,9,4,16,27,6,18,11,19,19,15,15,11,7,1,4,9,13,11,22,22,4,27,31,1
hpv68a,35,30,20,17,22,9,13,13,7,8,13,11,20,4,16,16,18,13,17,21,9,10,3,8,5,5,6,8,18,4,15,4,3,5,3,7,10,4,4,2,6,9,10,12,11,3,7,8,15,20,16,20,8,6,1,6,8,9,11,18,10,4,11,19,20,19,11,25,17,9,4,9,16,10,22,22,19,10,18,27,12,8,6,16,9,4,2,9,4,5,3,5,14,3,10,7,8,2,3,2,7,5,1,1,5,2,7,3,6,3,5,4,15,23,5,17,2,6,4,4,10,12,13,16,4,0,4,10,8,6,7,4,16,2,6,6,2,4,6,3,11,1,11,8,10,5,13,5,6,6,1,5,3,1,2,5,4,1,5,0,13,12,4,9,16,5,4,3,6,5,7,4,16,1,16,9,13,10,12,14,3,1,3,5,6,7,7,16,11,3,5,10,21,10,6,18,32,8,3,18,10,5,10,14,23,7,31,24,7,4,5,5,10,3,1,7,0,0,1,0,6,1,8,2,11,7,6,14,21,3,0,11,14,12,9,17,19,12,23,20,13,20,11,19,4,7,1,4,12,4,17,20,19,11,22,22,20,7,8,9,18,10,6,8,6,5,6,7,20,5,18,12,13,3,12,10,12,3,6,11,3,5,0,2,15,1,15,4,7,16,6,10,12,3,4,5,15,9,4,14,21,5,12,9,12,9,6,18,4,7,0,9,5,5,13,16,18,5,19,23,10,6,1,12,8,10,1,11,5,2,5,8,11,4,4,15,6,8,4,5,3,4,1,8,4,1,0,1,7,7,8,3,4,4,1,1,3,2,1,3,4,2,2,1,1,0,7,2,12,8,2,13,2,5,2,7,10,10,3,12,6,5,5,8,8,1,4,0,5,7,1,2,2,3,3,0,2,0,2,0,6,4,4,2,3,2,2,4,1,1,1,0,2,0,0,3,7,4,3,2,2,2,1,1,5,1,2,3,0,2,4,1,3,2,2,3,2,2,2,2,3,6,3,8,1,1,3,6,9,6,3,17,20,9,2,11,2,3,1,6,13,0,17,14,1,1,3,0,3,4,0,6,1,1,3,2,6,0,4,3,6,10,5,6,19,4,1,10,8,4,9,7,12,5,14,12,4,4,3,5,2,1,2,2,1,5,3,7,6,2,6,12,20,10,3,9,11,6,2,6,3,3,8,5,8,5,2,8,16,12,14,12,8,4,4,6,5,4,8,3,6,4,9,4,3,4,2,1,3,7,1,2,13,2,0,8,4,1,2,3,10,12,4,10,1,4,0,0,11,4,10,5,7,4,7,7,11,15,7,11,10,11,3,11,13,9,13,12,9,3,13,19,7,6,5,7,4,5,1,6,2,3,4,1,4,1,8,7,1,7,4,1,5,1,0,1,4,1,2,1,1,2,4,2,4,3,3,9,0,1,0,1,3,6,5,6,0,1,3,7,16,8,4,15,19,7,9,8,4,1,6,2,8,2,10,8,7,15,5,12,8,3,4,4,7,5,2,3,1,1,4,1,4,15,3,2,8,5,3,0,9,3,2,7,7,3,5,5,6,17,6,14,2,2,2,3,5,8,6,20,6,4,10,6,15,14,7,8,17,7,2,10,9,4,9,8,30,3,25,16,6,4,0,7,6,2,4,8,1,3,1,5,4,2,9,5,3,9,3,3,21,5,4,4,15,7,4,9,27,16,22,21,6,7,8,14,1,7,3,2,5,12,9,12,18,3,8,17,27,10,8,21,18,5,3,14,2,4,10,6,23,7,10,8,28,11,27,31,13,7,4,9,2,0,3,5,22,7,12,6,12,5,4,13,8,4,2,1,4,8,8,8,13,3,15,9,18,20,13,37,8,4,0,2,14,17,17,35,28,3,16,25,3,2,5,7,3,2,2,4,5,3,2,5,6,3,4,4,4,8,5,6,7,3,2,2,0,0,2,3,10,5,9,7,0,2,0,0,1,3,1,0,3,1,0,2,2,3,4,3,4,8,2,5,1,1,1,1,4,6,7,9,6,1,4,1,10,10,4,4,14,6,4,7,2,5,8,5,15,2,7,9,21,11,25,25,8,5,3,7,2,0,3,1,12,0,11,7,19,12,3,15,13,7,9,3,4,7,10,6,20,3,14,11,22,7,10,43,10,15,3,10,4,13,19,42,17,5,20,24,21,10,6,5,28,9,3,8,13,3,8,12,22,4,10,18,3,2,7,5,4,5,0,10,0,1,1,5,3,1,5,2,8,5,6,10,21,11,1,5,12,9,5,15,24,5,19,13,19,17,14,16,10,4,1,3,11,17,12,22,23,2,26,30,1
hpv68b,35,26,18,18,20,5,18,11,5,9,12,11,26,5,17,17,15,13,17,19,5,9,3,9,5,6,9,9,25,3,15,3,4,5,1,6,12,5,3,3,9,9,8,10,13,3,7,5,16,18,16,21,11,4,3,4,7,9,11,22,10,5,10,20,23,14,7,18,14,12,6,8,13,9,22,25,17,8,20,24,17,14,7,11,7,4,1,11,1,4,5,3,15,3,8,4,3,4,4,2,9,8,1,2,8,2,9,4,8,3,7,4,14,16,5,21,4,2,2,1,10,11,12,18,3,3,6,11,8,8,5,7,17,3,4,4,1,5,6,2,11,0,14,7,13,6,11,8,7,8,2,3,3,0,2,6,2,1,4,0,14,11,4,12,19,6,3,2,7,3,7,3,10,2,15,9,12,16,10,17,3,3,2,8,6,8,9,10,9,2,5,10,21,10,6,14,29,14,7,13,11,6,11,15,30,9,30,24,10,4,6,7,6,0,1,9,1,0,3,0,6,1,7,2,19,6,4,16,19,6,1,8,12,13,8,14,24,12,18,24,14,14,15,20,7,6,0,0,9,9,18,20,19,14,18,24,21,8,8,13,18,10,6,11,3,6,3,5,17,7,18,12,15,8,10,12,17,5,6,10,2,7,1,2,11,2,10,7,8,14,6,11,14,6,4,2,17,10,4,11,21,5,13,11,9,10,7,17,5,4,1,7,5,5,12,18,19,4,21,22,10,7,1,10,11,13,2,10,8,1,4,8,12,2,4,15,4,7,5,3,5,5,3,5,2,2,1,3,7,6,7,4,4,2,0,0,4,2,1,2,3,1,3,3,2,0,4,3,12,8,5,13,4,8,1,3,10,12,2,12,7,6,4,8,4,2,4,0,4,4,3,1,2,1,2,0,2,0,1,1,7,4,4,0,6,2,2,5,2,1,1,0,2,2,0,2,6,5,2,2,1,1,1,1,6,1,8,0,2,2,6,1,5,3,2,3,1,2,2,4,2,5,3,6,2,1,0,7,7,6,5,12,15,4,2,12,4,3,3,8,15,3,18,14,3,2,5,0,5,4,0,5,1,2,1,1,4,0,2,0,9,8,5,6,20,4,1,11,5,3,8,6,12,4,11,11,4,3,2,4,2,4,1,6,0,5,4,7,9,1,6,11,17,9,4,10,10,8,3,9,5,4,10,5,7,5,4,8,10,9,15,11,10,4,3,3,4,4,8,4,6,3,7,4,5,4,2,1,4,5,1,0,9,1,1,5,3,3,2,2,7,16,3,11,1,5,0,1,15,5,7,5,5,2,8,8,10,20,6,17,16,9,3,9,12,12,12,10,9,4,11,21,5,7,5,10,3,7,1,6,3,2,3,1,6,3,7,10,2,5,1,2,1,1,1,2,3,1,1,1,2,4,3,1,2,2,6,8,1,2,2,1,4,5,2,5,1,1,1,4,14,11,7,10,14,6,9,9,6,1,4,4,10,3,8,7,7,18,7,13,9,2,1,6,4,4,2,2,3,0,2,1,5,11,5,2,9,6,1,1,7,7,4,8,7,5,5,3,6,12,6,15,3,3,2,3,7,9,6,19,4,2,9,8,16,11,7,12,19,8,6,9,8,4,9,8,31,3,24,18,7,3,2,5,7,2,3,9,0,3,1,3,6,3,7,6,3,9,2,4,24,6,1,4,12,6,5,10,19,9,19,23,7,5,6,12,1,4,2,4,5,9,10,15,18,6,6,18,24,11,7,24,16,3,2,15,3,4,11,7,21,5,10,8,22,10,27,27,18,5,1,8,2,3,5,7,14,1,19,9,11,5,5,14,8,4,3,2,6,10,7,10,18,5,11,8,19,19,17,44,10,3,0,4,18,15,16,33,29,2,17,25,7,4,3,9,4,4,1,3,6,4,4,7,5,3,5,6,2,8,4,9,4,2,3,2,0,1,1,2,10,4,14,7,1,1,0,0,1,4,1,0,1,0,2,3,1,2,2,2,2,7,2,8,1,2,0,1,4,8,6,3,2,3,5,4,14,9,8,7,10,7,4,6,3,3,4,4,14,4,9,8,26,9,24,24,5,5,4,12,1,0,1,2,11,3,10,4,17,11,4,12,16,5,7,2,3,6,7,9,20,2,15,10,23,11,11,41,10,13,1,7,3,13,15,35,15,6,25,23,22,9,7,6,23,6,2,9,12,4,10,11,23,2,10,17,3,3,8,7,5,5,0,12,0,1,1,3,3,0,5,6,7,4,3,9,20,10,1,5,15,8,4,17,31,6,18,11,19,18,14,16,11,8,2,4,9,13,12,24,21,4,28,30,1
hpv69,22,24,18,29,35,9,9,9,9,8,8,10,22,2,17,22,23,17,25,14,14,5,5,11,5,4,4,7,4,3,12,7,13,7,3,10,10,3,6,8,5,9,9,11,11,2,10,9,18,13,12,25,4,7,0,6,6,7,18,18,16,10,25,17,17,16,12,26,22,7,6,9,15,17,13,22,22,9,14,19,10,16,10,9,4,10,3,4,5,0,2,1,12,8,8,12,5,4,2,3,4,3,2,3,1,1,0,4,7,3,11,4,7,11,7,16,3,0,0,5,8,10,12,12,6,4,5,9,20,7,12,9,15,6,5,3,5,6,6,3,14,2,13,10,15,6,13,6,6,3,0,2,4,2,4,4,8,3,5,4,7,3,7,6,13,5,3,5,5,0,6,9,12,4,13,5,16,10,8,8,5,1,1,3,9,5,11,16,8,3,6,16,22,7,10,17,24,10,4,11,17,5,7,20,23,7,24,29,11,1,5,6,6,6,0,6,1,1,0,1,10,1,9,5,18,5,2,5,10,5,1,12,15,9,16,12,24,7,18,12,16,14,11,23,8,8,1,3,11,4,16,20,24,12,16,27,17,10,4,15,17,10,4,8,9,5,9,6,10,7,14,17,19,6,12,16,15,4,2,9,2,1,0,8,8,1,12,7,13,14,10,12,13,6,5,10,7,9,5,10,9,6,13,12,9,8,12,13,6,4,3,8,4,5,11,8,14,3,8,25,9,5,3,5,8,16,2,10,12,5,3,7,5,3,5,11,4,2,5,2,2,3,3,10,3,1,4,1,6,4,10,1,8,0,1,0,2,1,0,1,3,1,4,2,3,0,0,2,10,9,4,10,4,13,0,5,6,8,3,13,7,5,4,13,6,3,6,1,3,0,6,1,0,2,0,1,4,1,1,3,4,2,3,0,2,1,2,1,2,0,1,1,1,0,2,2,2,2,0,2,0,1,2,0,2,0,1,3,1,0,3,5,4,3,5,1,0,4,1,1,3,5,4,9,3,0,4,3,7,4,8,9,15,8,3,12,4,3,2,7,14,5,10,10,3,5,4,0,4,1,2,10,1,1,0,1,6,1,3,4,7,5,0,10,13,5,1,14,7,6,4,8,15,3,13,9,5,8,3,4,2,7,1,6,1,5,6,4,10,2,13,8,16,12,5,9,11,9,5,4,9,9,7,7,9,2,6,13,11,11,10,11,5,6,1,4,4,3,2,4,5,0,5,3,7,4,3,0,9,1,1,1,9,3,1,4,4,0,2,2,8,8,7,12,4,4,0,3,8,7,9,10,9,1,5,12,8,11,10,12,17,4,1,5,11,9,10,7,8,7,7,15,5,7,7,4,5,4,1,4,0,3,1,1,4,4,3,9,3,4,0,5,1,1,2,1,2,1,1,2,3,1,6,3,6,8,4,5,4,3,1,4,6,7,6,8,2,1,4,6,8,7,8,6,13,4,2,7,8,4,8,2,4,4,10,5,5,11,9,10,2,5,0,9,3,3,0,4,5,4,4,3,6,8,2,5,8,3,3,1,7,4,4,4,7,5,6,9,5,7,5,10,9,1,1,1,6,9,14,15,5,2,11,12,18,12,6,17,12,6,3,8,9,3,3,11,24,4,15,9,5,7,7,6,4,1,1,4,1,0,1,2,0,1,6,1,8,5,2,8,16,11,3,4,13,7,5,13,22,6,23,28,8,12,5,12,4,5,2,0,2,9,10,11,16,4,19,23,38,16,8,10,16,7,2,5,6,5,10,9,27,6,12,16,18,10,20,23,11,6,0,16,3,4,0,6,24,4,13,7,15,4,4,17,8,1,2,1,2,5,5,9,18,2,16,10,22,20,18,33,9,3,0,8,12,9,14,25,25,6,13,25,12,7,4,5,6,3,2,4,11,3,5,4,7,2,2,5,3,11,5,9,2,1,2,3,1,0,3,2,11,6,9,7,0,2,0,1,2,1,0,0,0,0,1,1,0,2,4,1,5,10,1,8,1,1,2,0,2,8,4,7,5,6,3,4,8,12,6,14,12,6,0,2,1,0,3,2,13,4,10,9,17,8,12,21,13,5,3,8,3,0,1,4,9,5,16,4,14,13,13,10,14,7,2,10,7,11,8,11,7,3,22,11,28,9,8,33,11,4,1,3,5,15,9,39,21,6,11,31,25,7,6,18,20,9,3,17,10,1,9,8,32,4,11,21,9,2,7,4,14,0,3,13,0,1,1,3,8,1,3,8,7,5,2,13,19,8,3,4,15,11,12,10,17,3,14,20,27,15,9,29,8,10,1,11,13,16,16,19,30,12,16,38,1
hpv6b,17,19,16,16,31,10,12,11,9,11,15,13,24,5,26,16,25,19,18,22,10,6,7,10,5,8,7,8,8,4,10,8,13,9,3,9,10,7,6,4,7,4,7,13,12,1,14,10,10,9,8,20,5,6,3,5,11,14,15,11,14,10,13,17,22,21,7,22,26,20,4,11,14,12,21,22,29,10,18,19,14,9,9,5,5,7,2,14,3,1,2,6,12,6,16,4,2,4,5,4,6,7,2,3,5,1,8,5,4,4,5,4,11,9,4,7,3,3,3,2,4,8,10,16,4,4,3,11,17,4,12,7,13,9,5,3,3,2,6,5,9,3,14,10,9,13,6,12,13,4,1,4,2,3,3,2,5,1,3,2,16,7,6,9,13,5,4,6,7,2,11,9,14,2,13,3,8,7,8,16,5,6,2,0,7,7,16,11,9,3,5,10,23,7,6,5,22,6,1,10,12,7,9,10,34,10,29,23,7,2,7,8,9,3,1,10,0,2,1,1,6,0,5,4,8,7,12,14,28,6,4,8,16,12,8,16,18,4,23,18,17,13,8,23,10,8,3,5,9,11,14,23,26,9,15,18,14,16,9,19,19,12,10,6,7,4,4,5,11,4,8,18,21,16,19,13,15,13,1,13,4,4,5,4,8,3,10,5,11,12,4,10,13,7,1,5,15,10,10,9,7,4,14,14,10,8,12,20,7,6,0,7,4,9,8,11,21,6,19,16,15,9,5,6,15,7,3,3,8,5,6,4,7,2,2,16,4,5,2,3,3,10,2,9,3,4,0,2,8,3,15,11,4,2,2,0,3,2,0,1,1,1,0,1,2,0,4,4,15,10,5,14,4,9,2,9,8,13,6,22,8,4,5,9,3,0,3,0,2,3,4,2,0,4,7,0,1,1,2,2,2,4,5,3,5,3,2,6,0,2,1,2,1,0,3,1,5,4,0,2,2,2,0,3,2,2,2,2,3,2,2,6,4,6,0,2,4,3,0,3,0,5,7,2,1,1,2,7,15,11,5,6,11,4,3,8,5,2,2,7,16,2,10,10,3,1,2,2,4,1,0,8,0,2,1,3,2,0,5,7,8,3,4,6,18,8,3,8,9,6,7,3,17,7,12,18,3,5,4,7,0,3,1,6,0,5,2,7,9,4,10,12,14,8,8,18,10,5,2,5,15,7,5,12,2,6,6,6,5,6,15,22,5,4,2,8,5,4,4,3,0,2,6,2,3,1,1,4,7,3,1,1,12,10,4,6,8,1,2,2,8,9,3,13,2,4,0,0,9,7,9,12,8,5,3,10,12,13,5,10,21,14,9,7,8,7,12,9,7,5,7,22,10,5,7,12,4,5,3,9,1,1,0,1,11,6,7,5,0,4,3,1,1,6,3,0,4,3,0,4,2,3,3,2,9,4,2,9,1,0,1,2,3,9,6,9,2,1,2,7,16,15,17,5,21,3,7,2,4,4,10,3,12,2,10,5,5,9,7,5,2,7,0,9,3,3,5,2,8,2,12,3,11,7,9,3,4,6,3,3,11,3,6,9,9,4,5,11,11,8,8,16,2,3,2,2,4,7,12,11,7,5,9,8,18,15,5,11,20,4,3,8,10,5,6,4,16,6,20,15,4,7,4,3,5,4,1,8,0,2,0,3,2,1,4,4,6,4,1,4,19,10,3,5,20,10,10,12,20,7,15,12,8,14,8,16,3,5,1,5,3,9,7,9,17,6,8,16,23,21,15,18,24,6,4,8,3,5,7,7,10,4,11,14,21,20,17,19,7,5,2,7,1,2,3,2,15,2,12,7,13,8,8,13,10,5,2,1,4,4,8,4,12,7,11,1,13,13,15,43,10,7,1,3,17,16,20,29,18,5,22,25,9,4,3,3,7,1,1,5,7,2,5,4,7,3,5,5,7,9,5,7,2,2,2,5,1,0,1,1,13,9,11,6,0,1,1,1,4,1,0,1,1,2,0,3,4,3,2,1,2,3,5,8,0,1,0,1,6,7,3,7,5,1,4,8,12,3,7,8,12,4,0,3,2,2,9,5,11,0,11,9,24,25,18,21,14,7,0,10,3,2,2,4,10,1,9,6,21,15,6,15,7,5,6,13,10,9,10,9,17,1,14,9,26,14,9,23,7,6,1,6,4,18,17,30,28,5,12,22,21,9,6,17,24,7,1,10,15,4,3,10,19,3,23,22,5,4,5,7,10,3,1,13,3,0,4,3,8,1,9,3,8,5,1,7,23,7,1,5,12,3,13,10,17,2,19,19,25,10,12,21,8,11,5,5,9,11,15,18,16,10,20,35,0
hpv72b,16,14,18,12,24,6,14,6,2,13,16,12,15,6,9,12,10,12,18,14,14,7,1,6,3,5,7,10,6,3,11,4,4,3,4,5,15,5,5,4,11,6,10,17,7,2,19,4,9,6,3,17,5,10,2,1,7,14,10,11,10,3,9,17,17,10,7,11,17,7,3,13,11,14,19,24,19,10,10,13,11,9,11,10,11,7,6,12,2,3,0,6,7,5,18,5,6,3,0,1,10,5,1,1,6,6,10,7,5,4,8,3,5,7,7,14,1,4,2,0,10,14,9,14,5,4,7,6,10,7,6,4,13,6,7,5,4,2,11,5,10,2,7,5,13,7,16,9,8,6,3,5,7,3,2,2,7,3,5,4,17,13,14,11,12,7,0,9,6,4,11,12,8,4,15,9,13,8,9,6,4,4,1,4,4,17,17,14,5,2,6,11,13,10,10,6,14,9,3,4,10,5,11,8,31,13,14,24,6,2,5,6,10,9,2,14,0,3,0,2,7,1,12,5,7,10,9,5,20,10,4,10,7,14,16,13,9,7,22,8,10,11,7,17,3,6,1,5,10,9,11,14,19,7,18,22,14,19,7,10,9,9,5,5,6,6,9,6,6,5,18,9,8,12,22,13,10,10,3,9,2,4,8,4,13,1,14,7,11,13,9,4,16,11,5,5,18,9,10,11,11,6,19,12,9,9,12,22,3,12,0,8,4,13,8,8,15,3,11,15,10,5,7,8,15,13,3,13,6,9,8,8,11,3,6,15,7,9,8,9,4,7,2,13,3,8,2,4,9,7,16,9,1,6,1,1,0,13,2,1,2,1,4,4,2,3,4,6,10,5,5,11,2,13,3,12,13,18,5,19,7,2,10,16,4,3,4,2,4,7,1,1,2,3,1,2,1,1,1,1,6,6,8,5,6,5,4,7,2,2,2,0,2,1,2,2,3,5,2,2,6,3,1,1,3,6,8,3,5,7,4,3,3,2,2,2,1,4,3,1,2,9,2,6,2,1,2,7,9,3,5,5,11,5,6,10,4,6,5,7,8,3,23,12,0,1,3,4,5,9,1,6,0,2,3,3,7,1,7,4,8,12,4,11,13,17,7,10,10,9,6,6,16,4,16,17,4,4,2,9,0,5,1,7,1,7,6,15,8,6,17,11,13,8,5,9,12,8,2,1,6,4,5,8,7,3,9,8,13,9,16,13,6,9,6,6,3,5,4,4,5,2,8,5,5,8,3,3,6,2,2,7,23,5,5,4,5,4,2,5,5,6,4,10,1,7,2,4,9,5,11,5,4,2,6,8,20,7,12,16,20,10,11,6,15,12,16,10,16,7,12,12,8,14,5,9,6,8,5,12,3,1,7,3,8,7,11,7,6,4,7,2,10,2,2,1,4,2,4,4,1,1,2,3,4,12,5,13,2,1,2,4,8,10,6,9,3,5,6,11,15,6,7,13,17,12,5,4,9,5,16,3,8,7,15,7,11,16,12,10,7,7,3,8,5,4,2,2,10,4,9,6,6,10,10,7,11,6,9,9,15,12,21,4,8,5,10,3,5,11,2,14,7,3,3,5,11,16,12,11,8,0,6,11,14,13,6,6,13,10,4,8,8,2,3,9,15,7,13,9,5,4,6,5,6,2,6,10,0,5,2,1,3,6,5,5,4,8,5,5,27,14,7,12,19,13,10,12,15,13,24,18,7,6,5,12,2,5,0,0,3,8,7,11,19,6,19,13,17,9,13,11,9,5,4,12,2,6,14,6,7,4,6,10,14,7,12,12,11,10,1,14,2,3,10,2,9,1,14,6,7,7,6,12,8,4,2,3,3,8,8,4,13,1,12,4,16,9,15,33,10,6,1,12,11,12,21,22,16,7,18,26,3,6,1,3,3,2,1,3,5,2,5,6,6,3,5,4,4,12,7,7,12,4,4,4,1,4,2,2,7,11,10,14,0,0,0,0,5,2,1,4,0,2,2,4,1,1,5,0,3,8,5,8,3,3,1,3,4,5,11,11,4,2,6,9,6,7,6,8,17,2,3,10,4,7,9,6,6,4,7,7,25,18,17,23,15,13,4,13,5,6,8,3,15,1,17,13,15,10,7,17,20,9,3,10,9,13,12,7,11,2,21,10,18,14,9,22,8,13,1,9,5,18,23,39,14,4,15,28,14,4,7,10,7,12,4,8,10,4,4,6,19,6,16,22,2,2,4,3,9,4,0,12,0,2,3,1,7,2,7,7,8,2,8,3,23,4,4,14,13,6,9,13,23,7,23,18,14,10,10,25,6,9,4,11,7,21,17,31,13,11,22,37,0
hpv81,21,15,15,18,20,8,8,13,7,8,15,10,14,9,17,7,15,10,11,16,9,7,5,4,3,4,2,5,8,2,17,9,4,5,6,4,8,10,7,7,12,10,6,12,11,2,16,7,14,15,8,13,8,8,2,0,3,9,14,10,9,0,10,14,18,10,10,11,13,10,4,14,12,11,20,21,21,6,12,22,17,12,10,9,14,4,5,9,5,2,5,6,6,4,18,7,5,3,2,3,7,8,1,2,6,2,5,3,5,3,6,4,6,12,4,10,2,3,0,3,7,11,14,15,8,3,5,10,11,3,7,7,8,6,4,2,2,6,14,1,8,1,14,5,13,14,6,3,10,6,2,7,4,0,2,5,5,4,8,3,18,13,16,6,13,14,3,7,6,10,6,8,14,4,12,8,6,8,14,15,2,5,2,3,10,10,16,13,10,1,6,11,19,5,8,13,27,13,4,8,8,4,7,14,28,3,17,20,4,3,6,4,7,6,1,11,0,2,1,1,3,0,7,2,11,6,4,10,18,11,3,9,6,13,19,15,15,7,20,11,8,8,4,17,2,2,1,6,7,10,17,21,19,8,21,16,14,12,10,10,14,9,5,11,3,13,8,9,10,3,5,11,8,10,20,11,13,9,4,10,3,4,3,4,10,1,15,9,11,6,7,9,11,5,4,6,16,11,13,12,13,4,19,12,9,12,10,15,1,7,0,5,5,10,11,13,13,3,21,22,10,11,8,6,11,14,3,8,9,6,13,7,12,2,12,14,5,8,7,8,4,11,5,8,4,9,4,3,8,4,9,10,8,6,0,1,4,6,2,3,1,0,7,4,2,4,0,7,8,7,6,7,3,10,1,10,9,18,6,17,13,9,6,15,6,5,3,1,4,5,2,1,1,2,3,2,2,0,2,0,4,4,4,5,7,3,2,6,0,0,2,1,1,1,3,3,1,5,6,2,2,2,2,0,6,5,5,3,0,3,6,4,3,2,2,2,1,4,2,3,2,6,1,4,6,2,2,5,13,3,4,8,12,6,6,7,5,2,2,5,8,2,12,8,1,1,1,3,5,3,2,8,0,0,3,1,4,0,10,2,1,7,3,12,20,14,6,19,7,8,17,8,17,7,14,17,5,7,4,10,1,8,2,8,1,10,7,6,10,4,11,18,15,10,6,8,7,4,1,5,7,6,7,6,5,1,5,9,9,9,16,11,7,9,5,10,1,6,8,2,2,1,2,4,3,3,4,0,8,7,0,5,24,9,4,7,7,2,2,3,3,9,5,10,2,3,0,1,13,9,8,8,4,1,6,6,14,15,13,10,21,10,7,9,10,6,15,15,9,5,13,17,9,12,11,17,3,11,5,7,4,3,1,3,6,7,8,14,2,2,6,0,4,3,0,0,5,4,3,3,1,3,3,2,10,8,1,6,1,5,2,3,6,22,10,12,2,1,7,12,14,3,9,11,21,9,7,4,7,7,19,7,8,3,12,2,11,13,9,11,16,7,4,12,3,2,9,1,7,2,11,5,6,11,10,5,13,16,6,5,14,12,16,4,8,5,14,4,7,17,3,14,4,6,3,3,7,13,19,13,6,2,4,10,9,8,10,5,12,13,7,8,12,2,8,9,19,12,16,15,2,4,3,3,2,8,3,12,1,4,1,2,6,1,7,8,7,9,4,6,25,8,1,14,17,10,8,17,16,10,25,17,7,9,7,10,2,6,1,1,5,7,6,13,20,7,14,16,19,12,9,11,11,4,0,7,2,6,10,11,21,5,9,6,17,12,17,23,19,7,4,11,6,4,3,7,12,4,13,4,10,6,6,15,9,3,0,2,1,7,7,7,12,4,12,6,19,16,10,30,6,7,2,6,10,13,20,22,11,7,18,22,4,3,2,2,4,2,0,4,2,3,4,5,4,0,2,6,4,4,7,6,7,2,5,7,2,1,2,1,8,9,15,12,0,1,0,0,2,1,0,3,2,0,4,3,1,0,4,2,4,4,3,7,0,0,1,0,1,8,10,11,3,5,6,6,8,6,7,1,12,11,4,2,0,5,8,4,9,2,10,10,24,16,27,25,16,10,3,10,3,5,2,2,12,4,28,11,12,12,8,12,16,7,4,13,6,13,19,16,19,4,20,6,16,13,12,31,5,10,1,13,7,19,16,38,11,5,19,31,10,6,7,15,18,9,3,10,12,6,5,6,20,4,20,15,4,2,4,2,7,4,0,13,0,0,4,3,5,0,6,8,3,7,6,3,29,6,2,13,14,9,10,9,24,5,21,21,18,16,14,22,7,8,3,4,6,23,12,31,21,3,26,32,0
hpv82,31,20,26,22,27,9,11,8,14,7,14,14,18,8,23,19,16,17,9,17,11,7,2,9,6,5,3,6,9,3,12,8,14,8,4,4,11,8,1,5,9,5,8,11,13,0,9,5,14,16,8,20,8,8,2,1,8,11,13,23,18,5,11,19,28,17,10,24,23,14,4,6,13,11,17,18,17,8,11,24,12,18,11,12,9,7,1,10,4,1,4,0,13,6,12,11,6,4,4,3,5,4,0,3,1,3,6,2,6,3,4,2,15,13,2,10,3,5,1,1,5,7,13,15,6,2,9,11,12,7,8,8,11,8,4,6,4,1,7,1,10,4,10,9,15,10,11,8,7,5,2,8,3,0,1,1,6,2,4,1,10,7,6,11,10,8,2,6,6,5,3,12,17,3,12,8,6,11,13,12,4,2,0,1,7,5,10,12,8,2,3,9,10,5,8,14,23,9,5,7,10,6,8,11,29,4,27,24,7,5,5,3,6,5,1,8,2,4,3,2,4,1,7,2,10,9,5,9,16,7,3,11,12,12,9,9,27,8,19,26,11,21,16,22,6,9,0,6,10,15,11,18,26,7,26,28,23,19,9,18,15,4,5,10,4,7,5,6,14,4,20,15,27,12,14,9,18,8,4,11,5,2,4,4,8,0,7,3,11,10,4,11,16,12,3,5,5,11,9,13,11,4,16,6,4,4,6,20,4,5,4,8,5,8,8,12,18,2,18,26,11,7,6,10,20,11,3,3,11,4,6,5,5,4,10,16,6,6,5,6,4,4,2,6,1,4,0,2,9,3,6,8,2,1,0,2,2,5,3,5,2,2,2,0,2,1,2,2,10,9,0,15,3,9,2,6,9,14,8,6,11,7,2,14,7,2,0,1,3,7,0,2,1,3,2,1,4,0,1,3,5,2,3,4,3,6,2,3,1,2,2,0,3,2,5,2,1,2,2,0,4,2,2,0,5,1,3,4,1,0,3,3,3,2,3,2,2,1,0,3,1,2,5,3,2,0,3,6,13,4,6,10,14,9,3,14,4,0,3,3,5,6,14,12,1,0,6,2,8,1,3,6,0,3,0,3,4,1,3,2,9,2,2,13,15,6,5,7,9,6,6,10,12,4,10,9,7,4,3,11,4,7,2,3,2,5,2,7,12,2,10,10,15,8,4,13,7,9,3,10,8,5,3,4,9,2,3,6,13,8,17,12,11,6,2,3,4,1,4,1,5,1,6,5,4,5,0,3,7,1,0,0,16,5,3,4,0,0,3,4,7,11,6,9,2,3,1,0,7,4,6,13,7,4,3,14,22,8,4,15,14,12,7,7,7,13,9,9,8,4,8,16,11,6,4,8,8,4,3,6,0,3,0,4,6,3,7,11,1,7,2,2,1,3,1,2,2,1,5,3,2,1,4,4,6,8,3,5,2,2,2,2,9,8,7,6,6,2,2,7,9,10,4,6,22,2,5,5,7,3,10,3,5,1,7,10,10,11,7,12,6,4,2,7,5,2,4,4,1,1,6,6,8,6,5,2,8,5,3,0,6,5,8,7,13,7,8,3,8,13,4,16,5,3,1,4,3,8,12,18,6,2,4,13,17,5,4,10,16,12,1,7,9,5,6,12,17,5,17,21,3,5,6,9,3,1,2,5,0,1,0,0,3,1,6,3,4,5,1,5,10,5,5,9,15,11,3,13,16,6,36,27,7,15,4,10,1,4,2,2,5,9,9,9,20,7,14,20,30,8,10,15,10,7,1,4,4,6,11,3,17,5,9,13,23,10,19,22,13,6,1,19,2,4,1,4,18,6,15,12,6,6,5,15,10,1,1,3,4,5,6,12,18,3,6,7,12,12,15,35,6,4,4,5,13,14,15,32,27,10,22,28,8,2,2,4,5,4,1,2,5,8,6,5,4,5,4,8,5,7,6,9,2,1,1,4,0,7,2,1,6,8,12,4,1,0,1,1,6,2,1,2,0,2,0,2,0,1,1,3,2,10,5,7,1,2,1,1,3,4,3,8,2,5,3,2,12,10,8,5,14,5,1,4,0,1,9,2,14,1,12,6,19,17,17,12,13,6,1,9,3,3,4,6,12,3,15,8,10,19,10,10,18,4,8,8,4,5,12,8,10,3,18,11,19,10,12,30,12,5,0,5,4,14,15,52,20,5,22,33,23,8,6,10,21,9,2,23,9,4,10,8,24,4,16,30,5,2,7,7,10,1,4,11,1,3,1,0,13,2,2,5,12,8,4,6,24,11,3,11,13,9,11,10,16,4,20,18,22,15,8,31,10,6,1,11,13,20,21,24,18,12,28,39,1
hpv83,18,10,19,9,20,1,8,9,4,10,19,11,14,7,12,8,17,9,15,14,13,5,4,7,4,5,1,4,12,1,9,4,7,6,2,3,11,9,3,4,11,5,10,13,12,3,14,7,9,12,11,12,7,10,3,1,11,9,9,17,3,5,6,8,14,7,10,14,22,12,3,6,11,19,21,26,22,8,18,8,14,12,9,8,5,10,7,6,2,6,3,8,13,9,11,9,5,2,2,2,8,4,1,3,9,5,6,6,6,3,2,3,10,8,9,19,4,4,0,2,7,9,13,10,4,4,4,9,8,5,9,3,9,6,6,8,1,7,6,1,7,3,9,8,8,8,17,5,11,6,6,8,3,5,3,2,8,4,8,1,13,16,20,10,8,9,4,8,9,6,8,10,9,2,14,16,11,13,10,9,2,9,1,3,9,11,19,16,4,6,5,12,10,6,4,9,15,9,9,5,13,4,12,12,26,7,22,20,6,3,4,5,13,5,0,10,0,2,4,4,6,1,8,3,9,9,8,11,15,9,4,7,7,15,11,9,21,7,25,9,4,13,7,14,4,8,0,7,7,9,10,22,19,6,20,14,13,11,11,8,14,8,2,8,3,7,8,9,13,5,16,2,10,12,22,11,16,10,4,10,3,1,7,3,12,3,11,3,8,10,8,11,12,12,5,10,22,14,5,13,17,4,23,9,6,7,8,23,3,5,3,9,3,8,15,9,5,2,16,18,9,10,2,9,12,16,4,13,8,5,13,3,8,5,8,12,7,7,7,4,9,13,8,16,3,6,3,9,14,4,12,7,2,2,1,3,5,13,1,1,0,3,5,4,8,4,8,8,10,12,7,12,2,13,2,10,14,12,9,16,6,5,8,15,4,2,1,1,4,3,1,4,1,1,5,0,2,1,1,2,4,3,11,3,7,8,3,5,1,1,2,0,5,0,1,0,4,4,4,1,3,3,3,6,5,2,7,5,5,3,8,2,6,4,7,1,0,6,1,3,2,6,7,7,3,1,5,4,15,4,6,11,13,11,5,9,4,5,3,13,12,7,16,13,2,1,5,4,6,6,3,6,0,1,1,1,3,0,6,5,4,8,3,8,22,11,4,12,10,7,14,4,13,4,27,6,3,5,1,10,2,3,0,6,2,5,4,7,10,7,9,13,11,10,3,10,13,9,1,4,8,5,4,6,4,3,6,5,9,13,18,13,3,6,4,8,2,7,7,2,6,3,8,6,2,3,1,4,4,6,3,8,21,2,5,10,3,5,5,2,5,6,7,9,1,5,0,1,10,6,6,3,8,3,7,13,18,12,7,12,19,11,6,8,15,12,14,19,10,5,6,13,5,16,8,13,6,12,2,7,2,4,2,8,8,8,10,9,1,8,4,1,6,5,2,0,3,5,6,3,2,1,9,1,8,14,4,10,3,3,0,2,0,17,5,13,3,2,4,6,15,12,9,10,24,7,8,5,7,7,22,6,6,1,9,11,14,17,8,10,10,4,3,6,6,5,5,7,12,2,9,4,13,11,9,3,15,6,7,4,10,12,17,7,10,3,12,4,2,16,2,13,3,4,4,3,8,16,13,10,10,1,8,7,8,11,10,10,14,15,3,16,5,4,13,7,17,7,18,12,4,0,5,3,4,13,5,10,0,1,3,3,6,3,8,1,7,10,2,4,20,17,6,13,21,15,13,12,18,15,25,22,5,9,3,12,1,8,0,4,4,8,7,9,17,7,17,10,14,7,11,14,8,11,3,5,3,5,8,10,13,6,12,7,9,9,22,18,11,7,7,17,2,3,11,5,16,3,11,8,8,10,4,9,11,4,2,0,5,8,13,5,11,3,13,9,9,13,15,31,7,8,4,7,13,12,12,32,22,9,19,20,2,3,8,1,2,1,1,2,3,3,6,5,4,2,3,8,4,10,5,8,5,11,4,8,1,4,4,3,6,6,18,9,0,0,0,0,2,1,0,2,1,2,2,5,2,2,3,1,8,4,5,7,3,1,1,0,2,11,8,11,6,0,2,9,7,8,4,4,16,5,3,6,1,6,5,8,12,2,6,10,23,16,24,16,14,9,4,16,4,2,7,4,11,2,17,10,16,13,9,13,23,5,9,9,12,12,14,7,9,6,13,4,20,15,10,31,7,13,1,9,4,23,22,47,12,5,10,28,13,6,6,8,16,7,4,8,9,4,3,4,13,5,13,25,2,2,3,5,4,4,4,13,0,1,2,0,9,1,10,8,3,3,7,7,22,6,3,8,13,9,7,7,24,4,19,18,21,8,9,20,5,6,3,11,7,17,15,27,12,5,20,19,0
hpv84,18,15,17,12,28,5,9,8,3,8,19,8,14,4,11,5,16,15,16,16,5,9,2,6,2,4,6,5,7,0,10,3,8,5,1,4,8,10,4,5,13,12,12,13,7,3,13,5,14,8,10,14,3,6,1,1,6,10,14,12,8,4,14,11,12,8,8,14,13,18,7,10,8,18,12,18,19,11,9,10,11,14,14,6,11,10,8,8,7,2,1,3,11,4,14,8,3,5,3,3,9,5,2,3,7,4,6,5,6,6,5,3,7,2,4,14,2,4,1,2,6,10,12,14,6,0,5,7,9,3,9,3,9,6,7,5,1,2,6,4,5,0,11,5,12,8,8,1,11,10,6,9,4,3,2,5,5,3,8,5,13,12,17,9,15,13,4,6,7,8,12,11,9,9,14,9,10,9,5,6,5,3,3,3,3,12,14,10,6,7,4,14,14,6,7,14,12,11,2,8,7,3,14,8,19,10,23,14,7,2,5,5,6,5,1,14,0,3,1,3,0,2,4,3,8,9,4,10,18,6,6,12,13,7,14,15,20,9,17,11,7,10,6,18,2,7,2,6,8,7,10,19,16,2,15,21,20,13,5,6,11,8,6,3,2,7,11,4,13,2,11,15,12,14,8,11,17,15,8,10,3,6,6,9,7,2,14,5,8,10,9,8,14,14,6,11,15,10,13,12,10,7,13,17,7,6,6,15,4,9,1,3,3,10,5,13,9,3,12,14,13,9,4,7,15,16,7,11,8,9,17,10,7,1,9,10,10,11,13,7,13,15,1,13,4,3,5,9,7,5,11,13,5,2,3,4,3,8,2,1,2,5,3,2,3,5,6,9,11,12,5,9,3,13,3,6,8,11,14,12,7,4,5,22,4,0,3,3,4,2,2,4,1,3,2,0,3,2,4,3,4,6,8,3,7,2,4,9,0,3,2,1,1,0,5,4,3,4,1,5,2,6,4,2,2,5,7,4,1,4,4,5,4,2,3,4,0,9,1,6,2,10,3,5,5,1,5,4,6,2,8,9,9,8,6,5,3,3,1,8,7,3,11,18,1,0,3,2,7,7,2,3,0,4,4,0,4,1,7,1,4,7,2,6,23,9,5,19,9,12,13,9,14,7,22,14,6,3,5,8,1,4,1,3,3,6,6,3,12,5,14,16,9,11,6,4,11,4,1,4,8,7,6,7,7,2,7,8,9,11,16,9,6,5,2,10,5,6,2,4,1,5,5,3,5,3,1,0,2,7,2,2,21,4,4,8,5,3,3,2,7,10,2,12,2,2,2,2,10,6,8,7,7,3,5,6,18,8,11,12,15,13,8,4,12,15,17,15,5,3,7,11,9,18,8,10,11,11,5,7,2,6,3,8,7,9,8,9,1,4,0,4,4,7,1,3,1,3,7,2,4,3,6,2,6,6,4,9,1,1,1,2,4,23,10,16,5,3,4,12,10,11,14,12,18,8,5,2,7,2,20,4,13,6,9,8,12,12,13,9,13,6,6,8,4,4,5,4,2,1,14,4,12,7,6,9,13,7,4,5,18,6,26,11,14,7,14,5,8,15,7,14,9,5,3,6,5,12,19,16,5,3,9,9,15,9,7,6,14,11,6,7,5,5,9,5,14,6,22,9,2,7,7,7,5,9,5,11,0,4,1,3,10,3,11,5,3,6,5,3,18,20,2,14,22,8,11,13,15,13,19,16,6,4,6,16,5,5,1,5,5,7,4,12,17,7,17,12,15,11,10,12,13,5,1,5,5,5,14,9,12,3,13,9,5,8,16,13,17,8,1,11,4,3,8,2,12,2,13,7,3,9,2,9,5,6,2,3,2,12,9,8,8,1,10,7,13,9,14,25,10,9,3,3,12,15,22,25,17,7,13,23,1,3,1,8,2,3,2,3,7,3,4,4,3,2,6,7,3,6,9,4,6,6,7,8,1,3,3,3,12,7,12,8,1,1,0,1,5,2,1,3,3,2,2,5,0,2,3,1,1,8,2,7,0,1,3,3,1,12,7,15,4,2,4,6,7,6,2,6,14,7,3,3,0,6,9,5,10,0,7,5,21,14,30,13,14,16,3,7,1,5,4,5,17,1,26,11,19,10,9,13,16,7,5,8,7,10,16,14,20,3,20,7,15,12,9,27,9,13,1,14,7,20,18,32,16,5,10,26,13,7,11,8,7,7,3,14,8,5,7,5,21,6,18,19,3,1,3,4,4,6,2,11,3,0,6,0,4,1,13,7,6,5,9,3,19,5,2,10,7,9,9,13,14,8,19,16,20,14,8,22,3,7,5,11,7,16,18,23,19,12,18,25,0
hpv86,13,15,14,11,21,10,5,6,5,9,18,8,21,5,10,5,22,14,13,12,11,7,3,10,2,2,5,4,3,1,7,4,7,7,3,4,8,7,7,7,12,16,8,14,4,3,10,10,12,8,9,19,4,5,1,3,8,7,11,13,9,5,12,7,15,11,13,14,21,13,6,10,8,20,18,18,14,5,13,17,8,8,10,10,11,10,4,3,5,1,0,4,16,5,11,13,4,2,2,3,5,9,0,1,6,3,9,5,4,4,7,2,8,8,7,7,2,5,2,4,6,16,11,16,9,0,0,4,9,7,11,3,14,3,5,2,5,2,8,3,11,0,11,2,16,8,12,6,11,10,4,7,5,1,2,4,11,2,11,3,9,12,20,14,14,11,8,6,11,9,9,9,9,7,16,10,10,4,7,8,1,3,4,3,6,11,15,9,8,6,4,13,8,11,7,9,17,9,4,4,7,4,12,10,22,8,23,22,2,1,2,8,10,5,1,15,0,4,1,4,6,1,8,3,12,10,9,5,20,7,5,7,10,10,9,16,13,9,24,10,12,10,5,19,5,6,1,5,4,12,18,26,14,3,12,21,12,9,8,7,12,5,4,5,8,8,8,9,10,3,12,16,10,14,14,12,14,5,1,14,4,6,5,6,11,5,11,3,11,3,11,7,15,15,4,14,15,12,18,11,10,5,18,9,8,7,9,16,1,10,3,7,3,12,9,14,12,4,20,16,5,7,5,7,16,13,6,9,9,10,15,8,9,8,9,15,9,10,12,6,13,13,5,8,5,6,3,8,7,4,7,8,5,2,2,5,5,7,1,2,1,5,0,0,3,6,4,7,12,8,6,16,4,12,3,10,10,12,10,14,7,7,7,15,7,0,0,4,6,3,2,4,1,4,2,0,1,2,3,3,6,2,6,5,6,6,4,7,0,1,1,1,1,0,3,2,2,4,0,5,5,4,3,2,5,1,7,4,0,3,4,2,2,3,4,3,2,8,2,3,1,7,5,5,5,1,2,5,11,1,11,7,15,9,4,9,6,3,2,9,8,5,14,14,0,0,5,3,6,4,1,10,0,2,5,2,6,0,10,2,8,9,5,7,20,11,1,16,9,8,8,9,18,5,17,9,13,4,3,6,0,6,0,2,3,4,2,4,11,5,9,10,14,7,8,11,9,9,3,3,3,8,6,2,7,1,8,8,13,13,13,12,3,7,4,7,3,5,8,5,3,4,6,4,8,3,1,2,10,6,1,4,25,4,4,8,4,2,3,1,6,10,4,13,3,5,3,1,10,7,4,4,4,2,6,6,12,7,15,15,10,7,8,10,11,16,14,15,14,6,10,11,6,8,13,17,7,11,6,7,3,6,1,4,12,8,10,8,1,10,3,1,3,5,0,0,2,4,6,1,4,2,4,1,5,16,2,10,1,2,2,3,9,12,7,9,4,0,2,9,11,11,5,10,17,8,10,6,7,5,23,1,13,8,7,8,10,9,12,9,14,7,3,11,6,4,9,2,6,4,6,3,9,11,7,5,9,11,5,3,9,9,26,12,8,6,16,7,6,13,7,10,5,6,5,6,7,16,14,15,3,8,7,13,13,8,5,5,12,6,2,12,8,4,9,10,9,7,19,16,3,2,6,4,8,6,5,9,2,7,1,3,4,3,8,8,4,6,7,3,19,18,5,11,20,8,13,15,19,11,18,19,3,11,7,15,5,13,0,3,2,3,6,16,14,8,19,9,14,11,10,12,19,7,1,1,5,4,18,8,10,4,9,4,8,9,24,13,8,9,2,14,2,2,5,2,13,3,25,2,4,11,3,11,9,5,0,2,3,7,8,9,11,1,10,11,9,9,11,27,5,11,2,7,15,12,21,25,21,6,22,21,4,1,0,5,3,1,1,1,4,2,9,1,3,2,6,9,1,18,7,8,6,5,7,8,1,2,2,4,7,12,18,7,1,1,0,0,6,2,2,3,2,2,2,3,1,3,3,3,5,5,5,8,1,2,2,1,4,8,6,10,6,1,4,7,13,6,3,7,14,7,4,5,1,10,8,6,8,2,4,5,17,16,26,21,13,8,3,13,4,2,1,4,15,2,17,7,17,14,9,12,12,9,5,8,7,9,14,12,19,6,16,12,13,12,13,30,7,11,2,11,6,19,22,38,20,6,14,19,15,8,12,6,10,9,1,18,8,5,4,4,17,5,17,18,5,3,3,5,10,11,2,10,0,0,2,1,7,2,2,5,5,5,4,4,21,1,0,7,13,8,12,13,18,6,26,21,13,13,6,17,6,8,2,6,9,10,20,25,10,6,24,21,0
hpv87,12,14,15,10,22,7,10,4,6,13,13,12,16,5,7,8,19,10,20,9,6,10,4,9,2,2,7,8,5,1,10,3,9,7,1,6,9,11,6,5,11,7,12,15,12,4,14,10,12,10,9,19,6,7,1,2,6,6,11,9,7,7,8,14,18,13,18,17,22,11,5,5,13,19,22,18,15,6,11,15,8,12,4,8,11,10,0,11,5,6,2,2,14,7,13,11,4,2,3,2,4,4,3,2,7,1,4,6,6,5,8,3,4,5,5,19,4,4,2,1,10,11,13,10,7,4,2,8,14,4,8,3,14,7,5,5,3,1,7,3,7,1,12,3,11,9,10,8,11,8,3,7,7,1,1,3,10,2,7,4,13,10,17,8,15,3,4,5,12,8,16,8,4,7,23,12,14,10,6,10,4,5,1,0,9,10,13,10,11,1,7,12,12,7,7,9,21,10,3,11,8,2,12,7,27,6,18,22,3,3,8,7,10,4,3,13,0,0,2,4,5,3,4,3,8,10,8,9,16,7,3,9,12,13,5,13,16,8,16,12,11,7,5,18,2,8,1,10,5,12,17,26,22,4,10,20,13,14,15,6,10,8,6,10,9,5,11,13,14,2,13,11,15,14,12,6,13,7,3,13,3,3,4,7,9,2,12,5,11,7,8,8,13,11,3,12,13,7,13,15,15,4,16,13,7,12,4,11,3,8,2,5,4,10,8,12,10,1,23,15,8,7,6,6,11,14,4,9,6,7,10,10,8,4,10,13,10,9,12,6,11,7,2,15,3,6,2,8,18,5,7,9,4,1,3,3,6,10,2,1,1,4,2,0,0,4,9,5,13,12,10,16,1,7,2,12,10,13,8,15,8,4,11,14,7,1,0,5,3,3,2,4,1,3,3,0,2,0,1,3,7,4,3,2,4,7,3,6,1,1,2,1,2,1,1,1,0,8,1,2,2,3,2,1,2,2,3,4,2,2,7,3,2,0,2,5,1,7,3,6,2,5,8,8,4,1,0,8,7,2,7,8,17,12,2,9,3,7,5,6,10,6,14,22,1,0,2,3,4,4,1,3,0,4,2,0,10,1,3,5,8,10,2,9,23,12,1,13,13,8,9,12,16,3,13,9,11,5,3,8,3,7,2,3,1,3,4,8,6,6,14,9,15,8,6,7,9,7,1,4,5,6,5,6,7,5,5,7,15,9,15,13,4,8,4,9,4,6,2,6,4,1,5,6,6,4,1,2,10,3,3,3,22,5,5,10,4,1,4,0,4,10,4,13,3,4,2,0,10,6,6,6,4,3,6,7,17,11,13,12,11,9,7,11,9,11,10,13,9,5,11,14,7,9,7,11,11,14,8,8,1,6,1,4,10,6,10,8,4,9,1,1,2,4,0,1,3,2,2,3,1,3,5,4,5,11,3,9,1,0,1,2,4,19,14,6,6,1,1,8,10,9,9,10,21,7,8,4,9,6,22,3,10,5,9,7,12,12,10,5,10,11,5,9,6,4,5,5,3,1,11,4,12,9,9,5,7,16,7,0,13,11,26,8,7,5,8,9,2,15,5,7,5,3,2,6,4,15,20,20,11,4,11,8,9,10,7,9,20,5,1,11,5,1,8,6,13,9,18,14,4,4,7,3,6,9,4,9,0,3,1,4,3,1,15,5,2,6,6,5,19,16,4,9,20,14,16,15,14,14,21,18,7,14,7,18,1,6,0,2,4,7,4,14,12,6,23,11,11,7,8,13,17,7,2,1,3,7,16,9,13,4,7,10,17,10,25,19,9,7,4,14,2,2,5,1,15,7,17,7,3,13,4,7,6,4,0,3,2,8,14,6,9,1,8,8,12,13,12,30,9,11,1,8,15,13,18,25,20,10,23,20,5,2,1,5,3,2,1,3,6,2,6,7,2,3,2,7,2,8,10,10,4,4,9,5,2,1,2,4,9,4,16,9,1,0,0,0,4,2,0,1,0,1,3,5,2,5,1,1,2,12,3,8,0,1,1,4,5,6,7,10,6,6,2,5,5,7,5,6,14,8,3,3,0,9,10,3,12,3,6,7,23,13,20,24,9,15,1,12,1,1,2,4,13,0,24,7,13,13,13,16,15,13,7,13,8,9,13,9,16,2,21,10,17,12,7,32,8,13,2,12,4,18,24,29,20,3,11,24,11,8,14,8,13,7,4,15,11,3,5,7,17,8,21,15,5,2,4,1,10,5,1,13,1,0,4,1,7,1,6,6,5,2,6,5,22,2,0,13,10,13,9,9,22,10,25,19,13,13,11,17,6,8,3,5,8,15,16,28,14,6,20,19,0
hpv90,20,15,10,13,14,13,12,8,6,10,12,6,15,8,15,8,13,11,12,10,11,10,3,17,4,0,7,9,4,3,12,5,4,12,2,4,16,7,6,3,7,8,8,8,7,3,5,7,9,5,8,18,7,9,1,4,4,11,11,14,4,3,8,11,18,12,13,12,18,14,10,10,17,15,22,16,17,6,11,15,15,12,11,5,7,11,9,8,6,4,3,2,16,7,14,13,4,3,7,1,5,4,1,0,5,2,5,9,6,1,7,7,4,4,3,10,2,8,2,0,3,13,19,20,3,2,5,7,6,9,7,4,18,6,2,5,2,4,9,3,8,0,11,2,16,12,11,10,7,3,3,10,3,4,6,6,11,3,9,4,13,17,17,7,17,6,4,5,7,8,10,8,13,2,15,10,8,10,7,6,1,4,0,3,8,9,13,8,7,1,9,9,9,8,10,7,16,9,1,9,8,3,9,11,22,9,23,14,5,2,14,3,5,11,4,14,0,3,1,3,3,0,6,7,7,10,3,10,23,4,5,13,8,13,15,11,16,4,20,20,6,5,4,14,5,8,1,2,6,8,11,13,9,7,12,20,18,17,10,7,9,11,4,6,6,11,8,6,12,7,13,10,17,11,18,12,12,8,6,10,4,4,7,5,4,3,16,5,11,6,10,7,16,11,10,10,21,14,11,18,9,3,17,12,12,10,6,14,2,11,4,4,4,10,9,12,12,3,7,11,7,8,9,11,16,7,5,6,3,11,10,7,9,4,10,5,6,4,7,8,7,14,5,15,5,7,10,5,13,11,10,8,2,8,1,4,6,8,1,3,3,3,8,8,1,5,3,4,12,12,6,18,1,15,0,11,13,16,7,21,11,5,9,14,5,1,1,0,3,5,5,5,1,5,6,0,2,1,4,2,5,4,6,4,4,5,4,5,1,1,0,1,3,3,1,2,4,3,3,3,3,1,0,4,6,2,4,4,1,5,8,10,2,0,6,0,2,4,3,3,3,7,3,8,5,2,6,6,11,1,5,7,17,7,1,6,5,6,5,8,12,8,14,14,1,2,2,2,8,6,4,8,0,1,2,1,8,2,7,3,6,11,2,8,21,8,4,13,17,10,11,5,15,8,15,22,4,8,1,11,3,9,0,8,6,3,3,11,8,3,9,14,9,8,5,12,12,9,3,3,5,7,3,3,3,1,6,3,12,18,18,12,14,9,2,8,7,5,4,1,5,4,8,3,5,4,2,2,9,3,2,8,23,3,5,9,1,1,2,2,3,7,5,13,3,7,0,0,7,9,11,9,1,3,5,9,22,7,9,15,17,13,5,11,10,13,26,14,12,9,13,9,6,9,7,9,2,12,2,9,1,4,4,3,5,5,14,9,1,6,4,4,6,5,0,2,4,3,2,2,1,4,7,5,6,8,7,13,4,2,1,7,6,9,12,7,6,7,3,8,15,12,7,6,22,14,7,4,9,6,19,1,9,5,7,6,12,15,12,13,8,7,3,8,9,3,0,5,3,5,9,7,8,14,5,4,10,6,5,6,12,2,16,14,15,6,13,6,8,14,2,11,2,10,3,0,8,10,15,17,6,6,11,12,10,13,4,7,20,8,5,7,7,4,4,9,13,5,19,7,4,3,3,2,8,10,6,4,0,3,1,4,6,1,12,5,3,8,5,9,21,16,4,5,17,10,12,10,7,19,18,17,6,10,7,10,0,9,0,2,4,15,13,22,15,6,18,13,11,7,9,14,11,8,1,7,5,4,8,7,10,5,6,5,13,12,22,15,6,8,4,15,0,1,3,6,8,2,19,4,6,9,4,8,8,3,1,6,3,7,9,5,14,1,14,5,10,13,12,23,12,7,2,8,14,15,16,25,12,7,18,17,5,3,0,4,7,2,0,1,4,8,6,4,4,2,1,4,8,9,6,6,9,4,11,10,3,3,5,3,14,4,19,9,0,1,0,0,2,1,1,4,1,0,1,5,0,2,4,3,2,7,8,7,0,1,1,2,5,8,5,12,4,6,6,5,8,5,3,3,17,8,3,6,1,7,6,2,9,4,14,8,20,15,34,16,12,10,2,10,2,5,5,5,17,3,15,11,15,13,10,13,22,13,8,9,6,15,14,14,6,2,14,9,16,16,9,27,7,10,2,18,6,20,18,28,15,2,28,25,11,5,5,5,9,9,3,11,7,5,6,6,11,7,14,19,2,3,3,4,8,7,0,20,1,1,3,1,7,1,5,6,3,5,6,8,20,6,4,15,9,19,11,5,30,6,19,11,10,9,12,16,4,9,5,7,6,19,17,20,15,9,23,23,0
hpv94,8,9,16,21,11,4,6,7,9,14,10,16,11,6,22,10,11,5,11,8,11,4,3,1,3,1,2,5,8,3,7,10,13,6,9,9,13,14,6,4,12,9,6,4,9,3,13,10,13,5,4,11,7,8,2,6,6,10,13,19,10,4,12,14,12,5,12,11,17,14,7,10,12,15,13,13,11,8,8,16,14,10,8,14,5,8,1,12,6,4,7,2,6,6,12,3,3,2,6,6,9,5,3,3,6,3,5,7,2,6,9,4,4,5,2,5,3,5,3,7,4,10,14,14,7,6,7,13,15,10,6,8,15,4,7,4,9,6,15,4,10,6,22,7,17,12,12,9,16,5,2,4,5,2,5,5,4,2,9,8,12,11,9,14,11,2,9,5,6,6,12,7,5,7,9,5,7,7,5,10,1,6,1,4,11,7,15,13,5,5,2,11,11,4,9,11,11,5,6,6,12,4,11,8,10,8,8,22,3,4,9,6,4,7,3,14,0,1,4,2,6,5,3,2,12,9,7,10,15,7,4,9,16,13,8,12,14,7,23,17,7,9,4,19,5,8,2,4,12,11,14,19,10,9,21,16,18,9,14,7,6,4,0,8,13,10,11,4,11,6,12,9,11,10,10,17,19,6,7,14,4,8,12,8,3,8,12,9,11,6,16,14,23,6,5,11,9,8,8,10,8,2,17,7,6,8,10,13,6,5,3,5,6,7,9,9,10,6,17,12,14,4,10,7,7,16,4,12,10,10,4,6,7,5,12,12,5,8,7,6,7,6,3,5,2,1,4,4,5,2,14,8,4,1,4,2,4,9,1,4,5,1,5,3,3,5,2,1,6,3,4,8,3,8,2,5,10,16,11,21,8,5,4,11,3,2,3,6,4,4,4,4,1,2,7,2,5,2,2,2,5,2,9,4,8,4,3,5,2,1,2,3,1,3,5,4,6,5,4,2,3,3,6,0,8,6,2,5,1,4,5,4,2,2,1,5,1,6,6,7,1,11,3,7,0,1,2,6,9,2,3,4,8,5,1,2,4,5,4,3,8,0,8,8,3,3,7,1,7,3,3,6,2,3,4,1,4,1,7,6,4,13,1,7,17,9,8,13,10,12,15,13,13,8,26,11,1,4,4,14,6,4,3,6,2,8,6,10,14,7,7,10,15,6,6,10,9,9,4,7,8,7,6,9,3,7,8,11,6,23,15,11,8,8,6,7,8,9,1,6,4,2,9,5,8,7,5,8,5,5,5,4,22,7,11,3,4,2,7,1,7,5,6,13,4,10,0,1,18,9,13,13,5,3,8,4,14,8,9,15,18,14,12,9,16,15,10,7,12,4,10,16,7,9,10,12,4,4,4,8,2,6,1,2,4,5,12,10,4,11,1,3,5,4,2,3,4,3,6,2,3,4,9,4,2,7,5,7,2,2,2,2,7,15,11,15,6,5,6,11,10,10,11,9,19,11,6,4,13,7,15,4,10,2,17,5,11,22,9,9,3,3,4,10,8,6,6,3,4,2,6,4,5,11,15,6,14,5,4,5,15,5,8,6,7,6,16,3,7,13,6,4,5,9,4,3,7,11,17,15,4,3,7,4,12,8,4,5,13,7,4,10,12,5,4,10,10,5,16,16,5,6,8,2,13,5,5,6,1,3,4,5,1,6,12,4,6,14,2,10,21,11,5,15,19,6,13,13,28,9,18,14,3,3,6,7,3,8,0,5,4,6,4,7,15,3,14,13,13,4,13,11,9,2,1,6,7,6,4,6,8,4,6,10,12,10,17,7,8,8,3,5,2,2,6,2,2,5,14,9,7,11,4,14,9,2,1,4,3,3,6,9,8,5,9,5,9,10,15,11,5,5,2,4,8,9,14,20,14,6,19,26,8,1,7,5,6,2,9,1,9,5,8,8,7,2,1,1,9,12,5,4,10,3,3,4,1,7,2,3,6,5,20,7,3,2,1,0,2,2,2,3,2,5,5,2,2,5,2,0,6,1,5,4,6,4,3,4,4,6,14,8,2,3,9,3,9,7,10,6,17,10,7,8,5,4,6,4,6,5,12,6,13,17,18,20,11,8,2,12,4,5,2,9,12,1,28,12,17,13,11,12,23,10,4,6,8,11,12,14,17,4,20,6,13,12,19,28,14,8,2,9,13,23,16,34,10,7,10,24,9,4,7,7,14,7,1,12,8,2,2,6,17,3,19,19,10,5,6,2,6,5,2,12,3,2,2,1,5,5,10,5,10,6,9,2,15,6,3,16,8,12,9,9,17,9,19,9,16,18,4,18,9,5,3,10,9,15,14,18,17,8,14,30,0
hpv97,41,17,15,28,28,7,14,4,10,11,15,15,34,6,29,13,22,20,17,20,9,7,8,11,8,2,3,9,6,1,11,5,11,6,3,6,10,5,3,6,11,3,4,11,18,3,11,4,17,15,18,28,8,11,0,9,13,7,11,24,17,4,10,15,22,16,10,21,21,9,2,11,19,11,14,23,19,11,15,31,11,9,6,3,5,4,0,8,5,1,1,5,6,3,17,11,5,8,2,5,5,4,0,0,1,3,3,2,4,6,5,5,6,17,3,13,4,2,2,6,6,6,12,19,8,9,4,10,20,4,4,7,15,8,5,6,9,5,7,4,13,2,11,18,12,5,8,15,8,5,0,4,0,1,2,3,4,2,11,3,12,3,5,10,7,6,2,2,2,4,2,5,16,3,12,5,16,10,13,17,5,1,0,2,8,4,17,16,5,4,5,12,25,13,7,11,31,2,2,12,16,7,8,18,21,9,21,33,6,2,4,9,11,3,1,9,2,1,0,1,6,3,12,4,15,12,5,11,9,1,3,9,12,13,8,14,24,6,19,30,20,19,16,25,5,6,3,8,8,12,12,12,25,6,25,36,15,15,9,19,15,15,4,9,6,6,6,3,10,9,11,17,14,4,16,15,9,3,3,8,2,2,1,4,11,1,10,4,10,14,8,15,12,7,1,6,9,3,3,12,12,2,17,14,4,7,8,16,2,6,1,8,4,5,13,11,23,4,6,31,12,6,3,6,6,8,4,6,7,7,5,6,6,2,5,9,4,6,3,3,2,0,5,2,3,5,0,2,9,2,4,4,6,2,0,1,2,5,0,3,1,1,1,0,1,4,3,3,10,12,2,9,3,5,0,4,6,7,5,14,4,5,7,17,7,1,4,0,3,2,6,1,0,2,1,0,2,0,2,6,4,4,2,1,2,1,2,6,1,0,0,0,2,0,1,2,2,0,1,2,3,2,1,2,1,1,2,0,1,1,0,3,3,2,4,1,3,5,2,4,2,2,4,7,2,1,3,7,10,3,3,8,19,5,2,18,4,0,3,4,12,2,7,16,3,3,3,2,2,2,2,5,1,1,0,2,5,0,3,5,6,5,3,5,12,5,2,7,7,10,4,10,18,5,10,16,6,4,1,10,5,6,0,8,0,1,7,6,18,2,8,12,15,10,13,14,12,7,3,3,6,3,5,9,8,2,5,6,10,9,8,10,3,5,1,7,8,2,2,3,1,6,6,7,5,4,1,5,8,2,0,5,8,3,2,3,5,1,4,2,12,11,6,8,1,3,0,0,9,4,6,10,11,6,5,15,17,17,6,11,12,4,2,6,16,8,5,10,8,2,8,17,6,2,6,10,4,4,1,7,1,0,1,1,9,2,5,8,1,0,1,3,3,2,1,1,1,3,0,2,1,2,4,4,4,5,4,7,2,1,1,1,4,5,4,8,3,1,0,9,7,11,10,8,9,3,2,4,3,3,6,5,10,1,10,6,8,7,10,4,5,7,1,8,2,3,2,6,5,1,4,3,3,2,6,5,5,6,2,2,6,1,2,1,4,4,4,3,11,12,7,17,3,4,2,2,5,7,6,12,7,1,6,4,16,8,3,21,17,6,3,13,14,5,5,11,26,9,25,15,5,5,4,2,6,4,4,6,0,0,1,3,3,3,4,4,5,6,4,3,18,6,2,2,14,5,9,13,19,8,16,21,7,9,8,12,3,7,2,4,2,12,8,11,22,4,12,16,30,11,14,21,24,6,1,7,4,4,3,9,26,11,10,10,23,10,26,31,8,2,0,11,2,3,3,4,21,6,16,15,9,10,13,18,10,3,2,3,2,8,4,10,21,2,13,6,23,14,17,32,10,4,3,8,17,6,16,34,29,8,23,31,7,4,2,9,10,2,1,3,5,0,4,6,2,2,5,7,6,7,10,6,5,1,4,2,0,4,1,3,9,5,6,10,0,2,0,1,1,0,0,1,2,1,0,1,4,2,3,1,4,10,2,8,2,3,1,2,3,8,10,8,6,4,3,4,18,9,5,6,10,3,2,9,3,5,2,3,12,1,6,7,27,8,19,15,9,3,0,6,2,3,2,2,9,2,5,5,19,13,5,10,14,7,8,7,7,9,4,9,26,3,14,7,18,15,11,40,5,10,0,6,3,15,14,29,22,10,19,31,25,14,7,17,23,8,5,15,16,6,8,9,27,5,20,27,8,6,4,3,10,3,1,10,0,0,3,4,10,2,10,4,12,1,1,7,30,6,2,3,14,8,8,13,23,2,16,15,30,19,14,32,8,5,2,6,11,16,16,27,30,9,25,37,1
hpvxs2,20,12,14,11,15,9,7,8,12,12,5,16,12,6,10,11,16,12,9,12,14,5,3,6,8,2,3,6,7,1,6,6,16,4,8,10,9,6,4,6,8,5,7,8,13,4,7,10,14,6,7,14,4,8,4,4,7,8,10,9,12,4,7,9,18,10,7,19,25,16,10,12,16,14,23,15,14,5,13,21,11,11,9,9,9,8,2,5,7,4,1,4,10,6,17,6,7,8,6,4,8,3,1,2,3,1,9,6,2,8,11,5,6,4,5,8,1,3,1,1,4,9,12,15,4,3,4,13,15,10,10,9,18,1,3,3,8,6,14,4,10,1,20,7,11,7,16,5,11,4,2,4,5,1,6,6,5,2,9,8,10,14,20,11,7,8,8,6,9,5,14,6,10,3,12,5,6,10,10,8,5,4,2,7,6,9,10,10,6,5,4,13,13,7,6,8,17,7,2,4,10,6,4,11,9,7,18,26,5,5,5,4,5,6,4,10,1,2,3,3,5,2,4,4,8,14,5,9,11,6,4,12,13,13,6,13,15,7,21,11,9,12,10,18,3,7,0,3,8,10,16,20,14,10,18,13,17,13,10,9,12,8,6,2,5,6,7,4,14,2,11,7,15,10,25,15,14,8,6,9,5,8,8,9,8,0,13,8,12,10,9,9,11,8,8,10,18,15,14,9,10,8,13,10,6,6,10,19,5,8,2,3,4,7,9,10,14,3,13,17,12,6,6,8,13,12,6,9,9,6,9,8,10,6,6,11,7,9,10,5,7,9,2,7,2,7,0,3,4,7,9,5,3,1,3,5,5,6,3,5,2,0,2,2,2,3,3,5,7,5,3,9,4,10,2,8,9,16,8,15,5,2,3,17,6,3,3,1,5,4,2,8,2,2,6,1,3,4,2,3,5,4,11,5,3,3,4,4,1,2,2,1,2,1,5,3,3,4,1,0,4,3,2,1,3,4,5,4,1,5,9,2,1,2,1,3,0,12,2,2,4,6,5,8,2,2,6,7,5,2,6,7,10,5,3,4,5,7,2,2,11,3,13,11,1,4,5,2,5,2,2,7,1,3,1,4,4,1,4,4,6,10,4,7,15,10,7,10,7,7,13,12,11,6,19,10,2,4,4,9,1,3,2,7,4,3,5,5,13,6,12,10,8,7,11,10,9,8,5,6,9,4,7,7,8,5,5,6,10,25,16,14,5,3,4,9,9,4,4,8,3,5,9,4,8,6,7,5,6,5,4,3,26,8,9,7,3,3,3,3,2,11,4,9,2,6,3,3,14,11,12,11,4,1,11,6,15,9,8,6,16,6,7,6,11,12,17,11,12,4,6,12,8,8,8,11,7,3,6,5,1,7,2,4,7,5,8,8,1,9,1,3,4,3,1,4,3,6,2,6,2,3,6,4,1,9,4,12,2,2,1,0,9,8,9,12,6,6,5,7,10,9,6,8,21,5,12,5,12,5,22,3,7,5,11,8,8,14,7,7,8,6,5,9,7,4,5,3,6,1,8,2,6,16,8,9,11,5,5,4,20,6,6,8,7,6,10,9,6,12,4,7,6,7,3,3,8,7,16,22,6,3,11,8,8,6,6,5,16,15,3,4,11,5,3,6,14,3,13,12,3,7,7,5,14,11,2,8,1,5,2,1,7,3,8,4,5,14,7,6,17,10,3,10,14,7,15,12,17,13,25,24,8,7,6,6,7,4,2,5,4,11,9,16,12,5,18,16,12,7,10,9,13,3,1,4,12,3,9,7,7,7,8,8,13,16,18,12,7,8,3,15,3,0,4,3,5,0,12,6,8,5,8,14,13,2,2,5,3,1,4,6,8,3,12,5,12,7,10,18,9,3,0,5,11,7,14,24,19,5,23,23,4,3,1,1,11,3,7,2,4,5,7,7,5,3,5,3,6,12,5,8,8,5,2,8,2,1,3,2,3,6,14,8,2,1,1,0,8,2,1,0,0,3,3,3,1,2,3,3,6,4,4,9,5,1,5,4,5,9,10,4,4,2,5,4,5,6,8,6,21,11,8,5,4,5,8,4,6,4,15,4,14,10,17,17,13,8,3,11,1,5,4,5,13,1,16,11,14,9,13,11,14,12,4,6,7,10,15,14,11,5,22,12,12,14,10,24,11,12,2,10,14,18,17,39,13,8,19,23,12,6,13,10,16,6,2,11,9,4,5,9,13,4,12,21,0,7,6,5,7,4,0,6,1,1,3,1,7,9,12,3,6,7,5,7,15,9,1,9,13,9,12,13,17,9,23,18,22,12,7,16,7,3,2,16,9,10,17,26,18,7,14,29,0
