,Taxid,Species,Genome,Proteome,Tr.level,Tr.primary,Tr.direct.contact,Tr.faecal.oral,Tr.food.borne,Tr.respiratory,Tr.vector,Tr.vertical,Tr.multiple,Tp.primary,Tp.cardiac,Tp.circulatory,Tp.endocrine,Tp.gastrointestinal,Tp.hepatic,Tp.joints,Tp.muscular,Tp.neural,Tp.renal,Tp.reproductive,Tp.respiratory,Tp.sensory,Tp.skin,Tp.vascular,Tp.multiple
0,338079,African green monkey simian foamy virus,NC_010820.1,"YP_001956721.2,YP_001956722.2,YP_001956723.2,YP_001956725.2,YP_001956724.2",2,direct contact,1.0,0.0,0.0,0.0,0.0,0.0,0.0,circulatory,0,1,0,0,0,0,0,0,0,0,0,0,0,0,0
1,693997,Alphacoronavirus 1,MZ420153.1,"QWY12680.1,QWY12681.1,QWY12682.1,QWY12683.1,QWY12684.1,QWY12685.1,QWY12686.1,QWY12687.1,QWY12688.1,QWY12689.1,QWY12690.1",2,faecal-oral,0.0,1.0,0.0,0.0,0.0,0.0,0.0,,0,0,0,0,0,0,0,0,0,0,0,0,0,0,0
2,2955291,Alphainfluenzavirus influenzae,"HE584745.1,HE584746.1,HE584747.1,HE584748.1,HE584749.1,HE584750.1,HE584751.1,HE584752.1","CCD30998.1,CCD30999.1,CCD31000.1,CCD31001.1,CCD31002.1,CCD31003.1,CCD31004.1,CCD31005.1,CCD31006.1,CCD31007.1",4,direct contact,1.0,0.0,0.0,1.0,0.0,1.0,1.0,respiratory,0,0,0,1,0,0,0,1,0,0,1,1,0,0,1
3,77763,Banna virus,"NC_004201.1,NC_004219.1,NC_004220.1,NC_004211.1,NC_004217.1,NC_004218.1,NC_004221.1,NC_004198.1,NC_004204.1,NC_004202.1,NC_004203.1,NC_004200.1","NP_694459.1,NP_694477.1,NP_694478.1,NP_694469.1,NP_694475.1,NP_694476.1,NP_694479.1,NP_694456.1,NP_694462.1,NP_694460.1,NP_694461.1,NP_694458.1",2,vector,0.0,0.0,0.0,0.0,1.0,0.0,0.0,neural,0,0,0,0,0,0,0,1,0,0,0,0,0,0,0
4,11020,Barmah Forest virus,MN115377.1,"QGR26074.1,QGR26075.1",3,vector,0.0,0.0,0.0,0.0,1.0,0.0,0.0,viraemic,0,0,0,0,0,0,0,0,0,0,0,0,0,0,0
5,694003,Betacoronavirus 1,ON554069.1,"WDE19672.1,WDE19673.1,WDE19674.1,WDE19675.1,WDE19676.1,WDE19677.1,WDE19678.1,WDE19679.1",4,respiratory,0.0,0.0,0.0,1.0,0.0,0.0,0.0,respiratory,0,0,0,1,0,0,0,1,0,0,1,0,0,0,1
6,2955465,Betainfluenzavirus influenzae,"PP882635.1,PP882636.1,PP882637.1,PP882638.1,PP882639.1,PP882640.1,PP882641.1,PP882642.1","XBP28103.1,XBP28104.1,XBP28105.1,XBP28106.1,XBP28107.1,XBP28108.1,XBP28109.1,XBP28110.1,XBP28111.1,XBP28112.1,XBP28113.1",4,direct contact,1.0,0.0,0.0,1.0,0.0,0.0,1.0,respiratory,0,0,0,1,0,0,0,0,0,0,1,0,0,0,1
7,1821749,Cardiovirus A,NC_001479.1,"NP_056777.1,YP_006383902.1",2,,,,,,,,,viraemic,0,0,0,0,0,0,0,1,0,0,0,0,0,0,0
8,1821750,Cardiovirus B,AB983594.1,BAP34790.1,4,faecal-oral,0.0,1.0,0.0,0.0,0.0,0.0,0.0,gastrointestinal,1,0,0,1,0,0,0,1,0,0,1,0,0,0,1
9,37124,Chikungunya virus,KF590567.1,"AIL00836.1,AIL00837.1",4,vector,0.0,0.0,0.0,0.0,1.0,1.0,0.0,viraemic,0,0,0,0,1,1,0,1,0,0,0,0,0,0,1
10,2748762,Colorado tick fever coltivirus,"MZ484422.1,MZ484423.1,MZ484424.1,MZ484425.1,MZ484426.1,MZ484427.1,MZ484428.1,MZ484429.1,MZ484430.1,MZ484431.1,MZ484432.1,MZ484433.1","UVC65861.1,UVC65862.1,UVC65863.1,UVC65864.1,UVC65865.1,UVC65866.1,UVC65867.1,UVC65868.1,UVC65870.1,UVC65869.1,UVC65871.1,UVC65872.1,UVC65873.1",3,vector,0.0,0.0,0.0,0.0,1.0,1.0,0.0,viraemic,0,0,0,0,0,0,0,1,0,0,0,0,0,0,0
11,40053,Corriparta virus,"MW809639.1,MW809640.1,MW809641.1,MW809642.1,MW809643.1,MW809644.1,MW809645.1,MW809646.1,MW809647.1,MW809648.1","QWE80471.1,QWE80472.1,QWE80473.1,QWE80474.1,QWE80475.1,QWE80476.1,QWE80477.1,QWE80478.1,QWE80479.1,QWE80480.1,QWE80481.1,QWE80482.1",2,vector,0.0,0.0,0.0,0.0,1.0,0.0,0.0,,0,0,0,0,0,0,0,0,0,0,0,0,0,0,0
12,1330491,Cosavirus A,MT023104.1,QIK01928.1,4,faecal-oral,0.0,1.0,0.0,0.0,0.0,0.0,0.0,gastrointestinal,0,0,0,1,0,0,0,0,0,0,0,0,0,0,0
13,2003649,Cosavirus B,NC_012801.1,YP_002956075.1,4,faecal-oral,0.0,1.0,0.0,0.0,0.0,0.0,0.0,gastrointestinal,0,0,0,1,0,0,0,0,0,0,0,0,0,0,0
14,2003650,Cosavirus D,NC_012802.1,YP_002956076.1,4,faecal-oral,0.0,1.0,0.0,0.0,0.0,0.0,0.0,gastrointestinal,0,0,0,1,0,0,0,0,0,0,0,0,0,0,0
15,2003651,Cosavirus E,NC_012798.1,YP_002956072.1,4,faecal-oral,0.0,1.0,0.0,0.0,0.0,0.0,0.0,gastrointestinal,0,0,0,1,0,0,0,0,0,0,0,0,0,0,0
16,2003652,Cosavirus F,MN784123.1,QHN64364.1,4,faecal-oral,0.0,1.0,0.0,0.0,0.0,0.0,0.0,gastrointestinal,0,0,0,1,0,0,0,0,0,0,0,0,0,0,0
17,11021,Eastern equine encephalitis virus,MT782294.1,"QNS29840.1,QNS29841.1",2,vector,0.0,0.0,0.0,0.0,1.0,0.0,0.0,neural,0,0,0,0,0,0,0,1,0,0,0,0,0,0,0
18,138948,Enterovirus A,ON730871.1,WGM83099.1,4,direct contact,1.0,1.0,0.0,1.0,0.0,1.0,1.0,gastrointestinal,1,0,0,1,1,0,1,1,0,0,1,1,1,0,1
19,138949,Enterovirus B,MZ229642.1,UWT50242.1,4,direct contact,1.0,1.0,0.0,0.0,0.0,1.0,1.0,gastrointestinal,1,0,0,1,1,0,0,1,0,0,1,1,1,0,1
20,138950,Enterovirus C,MH484165.1,QCP69019.1,4,direct contact,1.0,1.0,0.0,1.0,0.0,1.0,1.0,gastrointestinal,0,0,0,1,1,0,0,1,0,0,1,0,0,0,1
21,138951,Enterovirus D,MT081371.1,QJA10582.1,4,direct contact,1.0,1.0,0.0,0.0,0.0,1.0,1.0,gastrointestinal,0,0,0,1,0,0,0,1,0,0,1,1,0,0,1
22,12064,Enterovirus E,NC_001859.1,NP_045756.1,2,,,,,,,,,,0,0,0,0,0,0,0,0,0,0,0,0,0,0,0
23,47000,Equine rhinitis A virus,NC_039209.1,YP_009513027.1,2,,,,,,,,,,0,0,0,0,0,0,0,0,0,0,0,0,0,0,0
24,312185,Erbovirus A,NC_003983.1,NP_653077.1,2,,,,,,,,,,0,0,0,0,0,0,0,0,0,0,0,0,0,0,0
25,2083198,Everglades virus,NC_038671.1,"YP_009507796.1,YP_009507797.1",2,vector,0.0,0.0,0.0,0.0,1.0,0.0,0.0,neural,0,0,0,0,0,0,0,1,0,0,0,0,0,0,0
26,2747210,Eyach coltivirus,"NC_003697.1,NC_003702.1,NC_003703.1,NC_003700.1,NC_003704.1,NC_003705.1,NC_003706.1,NC_003707.1,NC_003696.1,NC_003701.1,NC_003699.1,NC_003698.1","NP_620281.1,NP_620286.1,NP_620287.1,NP_620284.1,NP_620288.1,NP_620289.1,NP_620290.1,NP_620291.1,NP_620292.1,NP_620280.1,NP_620285.1,NP_620283.1,NP_620282.1",2,vector,0.0,0.0,0.0,0.0,1.0,0.0,0.0,,0,0,0,0,0,0,0,0,0,0,0,0,0,0,0
27,12110,Foot-and-mouth disease virus,NC_039210.1,YP_009513028.1,2,direct contact,1.0,0.0,0.0,0.0,0.0,0.0,0.0,respiratory,0,0,0,0,0,0,0,0,0,0,1,0,0,0,0
28,2955935,Gammainfluenzavirus influenzae,"OQ733376.1,OQ733377.1,OQ733378.1,OQ733379.1,OQ733380.1,OQ733381.1,OQ733382.1","WFD62643.1,WFD62644.1,WFD62645.1,WFD62646.1,WFD62647.1,WFD62649.1,WFD62648.1,WFD62650.1,WFD62651.1",4,direct contact,1.0,0.0,0.0,1.0,0.0,0.0,1.0,respiratory,0,0,0,0,0,0,0,0,0,0,1,0,0,0,0
29,59300,Getah virus,NC_006558.1,"YP_164438.1,YP_164439.1,YP_006491251.1",2,vector,0.0,0.0,0.0,0.0,1.0,0.0,0.0,viraemic,0,0,0,0,0,0,0,0,0,0,0,0,0,0,0
30,204269,Great Island virus,"NC_014522.1,NC_014523.1,NC_014524.1,NC_014525.1,NC_014526.1,NC_014527.1,NC_014528.1,NC_014529.1,NC_014530.1,NC_014531.1","YP_003896058.1,YP_003896061.1,YP_003896062.1,YP_003896064.1,YP_003896066.1,YP_003896067.1,YP_003896068.1,YP_003896060.1,YP_003896063.1,YP_003896059.1,YP_003896065.1",2,vector,0.0,0.0,0.0,0.0,1.0,0.0,0.0,neural,0,0,0,0,0,0,0,1,0,0,0,0,0,0,0
31,3052223,Henipavirus hendraense,NC_001906.3,"NP_047106.1,NP_047107.2,NP_047108.1,NP_047109.1,NP_047110.2,NP_047111.2,NP_047112.2,NP_047113.3",2,direct contact,1.0,0.0,0.0,0.0,0.0,0.0,0.0,systemic,0,0,0,0,1,0,0,1,1,0,1,0,0,0,1
32,3052225,Henipavirus nipahense,JN808857.1,"AEZ01379.1,AEZ01375.1,AEZ01376.1,AEZ01377.1,AEZ01378.1,AEZ01380.1,AEZ01381.1,AEZ01382.1,AEZ01383.1",3,direct contact,1.0,1.0,1.0,1.0,0.0,0.0,1.0,neural,0,0,0,0,0,0,0,1,1,0,1,0,0,1,1
33,3052230,Hepacivirus hominis,NC_030791.1,"YP_009272536.1,YP_009305096.1",4,direct contact,1.0,0.0,0.0,0.0,0.0,1.0,0.0,hepatic,0,1,1,1,1,0,0,1,0,0,0,0,0,0,1
34,12475,Hepatitis delta virus,OR428249.1,WNN93006.1,4,direct contact,1.0,0.0,0.0,0.0,0.0,0.0,0.0,hepatic,0,0,0,0,1,0,0,1,0,0,0,0,0,0,1
35,12092,Hepatovirus A,KX035096.1,ANY58560.1,4,faecal-oral,1.0,1.0,1.0,0.0,0.0,1.0,1.0,hepatic,0,0,0,1,1,0,0,0,0,0,0,0,0,0,1
36,11024,Highlands J virus,NC_012561.1,"YP_002802299.1,YP_002802300.1,YP_006491229.1",2,vector,0.0,0.0,0.0,0.0,1.0,0.0,0.0,viraemic,0,0,0,0,0,0,0,0,0,0,0,0,0,0,0
37,11137,Human coronavirus 229E,OK662398.1,"UPG58711.1,UPG58712.1,UPG58713.1,UPG58714.1,UPG58715.1,UPG58716.1,UPG58717.1",4,respiratory,0.0,0.0,0.0,1.0,0.0,0.0,0.0,respiratory,0,0,0,1,0,0,0,1,0,0,1,0,0,0,1
38,290028,Human coronavirus HKU1,NC_006577.2,"YP_173236.1,YP_009944268.1,YP_173237.1,YP_173238.1,YP_173239.1,YP_173240.1,YP_173241.1,YP_173242.1,YP_173243.1",4,respiratory,0.0,0.0,0.0,1.0,0.0,0.0,0.0,respiratory,0,0,0,1,0,0,0,0,0,0,1,0,0,0,1
39,277944,Human coronavirus NL63,MG428704.1,"AWK59960.1,AWK59961.1,AWK59962.1,AWK59963.1,AWK59964.1,AWK59965.1",4,respiratory,0.0,0.0,0.0,1.0,0.0,0.0,0.0,respiratory,0,0,0,0,0,0,0,0,0,0,1,0,0,0,0
40,11676,Human immunodeficiency virus 1,MN887110.1,"QIE10108.1,QIE10109.1,QIE10110.1,QIE10111.1,QIE10112.1,QIE10113.1,QIE10114.1,QIE10115.1,QIE10116.1",4,direct contact,1.0,0.0,0.0,0.0,0.0,1.0,0.0,circulatory,0,1,0,0,0,0,0,0,0,0,0,0,0,0,0
41,11709,Human immunodeficiency virus 2,KU168287.1,"ALX35368.1,ALX35369.1,ALX35370.1,ALX35371.1,ALX35372.1,ALX35373.1,ALX35374.1,ALX35375.1,ALX35376.1",4,direct contact,1.0,0.0,0.0,0.0,0.0,1.0,0.0,circulatory,0,1,0,0,0,0,0,0,0,0,0,0,0,0,0
42,67605,Human torovirus,KJ645983.1,"AIC64083.1,AIC64084.1",4,faecal-oral,0.0,1.0,0.0,0.0,0.0,0.0,0.0,gastrointestinal,0,0,0,1,0,0,0,0,0,0,0,0,0,0,0
43,72149,Kobuvirus aichi,OP255993.1,WJK44413.1,4,faecal-oral,0.0,1.0,1.0,0.0,0.0,0.0,0.0,gastrointestinal,0,0,0,1,0,0,0,0,0,0,0,0,0,0,0
44,40057,Lebombo virus,"NC_038594.1,NC_038595.1,NC_038596.1,NC_038597.1,NC_038598.1,NC_038599.1,NC_038600.1,NC_038601.1,NC_038602.1,NC_038603.1","YP_009507707.1,YP_009507708.1,YP_009507709.1,YP_009507710.1,YP_009507711.1,YP_009507712.1,YP_009507713.1,YP_009507714.1,YP_009507715.1,YP_009507716.1,YP_009507717.1",2,vector,0.0,0.0,0.0,0.0,1.0,0.0,0.0,viraemic,0,0,0,0,0,0,0,0,0,0,0,0,0,0,0
45,90961,Lyssavirus australis,AF418014.1,"AAN05306.1,AAN05307.1,AAN05308.2,AAN05309.1,AAN05310.1",2,direct contact,1.0,0.0,0.0,0.0,0.0,0.0,0.0,neural,0,0,0,0,0,0,0,1,0,0,0,0,0,0,0
46,38767,Lyssavirus duvenhage,NC_020810.1,"YP_007641402.1,YP_007641403.1,YP_007641404.1,YP_007641405.1,YP_007641406.1",2,direct contact,1.0,0.0,0.0,0.0,0.0,0.0,0.0,neural,0,0,0,0,0,0,0,1,0,0,0,0,0,0,0
47,2951618,Lyssavirus hamburg,MW551946.1,"QVU02221.1,QVU02222.1,QVU02223.1,QVU02224.1,QVU02225.1",2,direct contact,1.0,0.0,0.0,0.0,0.0,0.0,0.0,neural,0,0,0,0,0,0,0,1,0,0,0,0,0,0,0
48,2951619,Lyssavirus helsinki,NC_009528.2,"YP_001285393.1,YP_001285394.2,YP_001285395.1,YP_001285396.1,YP_001285397.1",2,direct contact,1.0,0.0,0.0,0.0,0.0,0.0,0.0,neural,0,0,0,0,0,0,0,1,0,0,0,0,0,0,0
49,249583,Lyssavirus irkut,NC_020809.1,"YP_007641397.1,YP_007641398.1,YP_007641399.1,YP_007641400.1,YP_007641401.1",2,direct contact,1.0,0.0,0.0,0.0,0.0,0.0,0.0,neural,0,0,0,0,0,0,0,1,0,0,0,0,0,0,0
50,12538,Lyssavirus mokola,NC_006429.1,"YP_142350.1,YP_142351.1,YP_142352.1,YP_142353.1,YP_142354.1",2,,,,,,,,,neural,0,0,0,0,0,0,0,1,0,0,0,0,0,0,0
51,11292,Lyssavirus rabies,EF437215.1,"ABO15576.1,ABO15577.1,ABO15578.1,ABO15579.1,ABO15580.1",3,direct contact,1.0,0.0,0.0,1.0,0.0,1.0,1.0,neural,1,0,1,1,0,0,1,1,1,0,1,0,1,0,1
52,338478,Macaque simian foamy virus,JN801175.1,"AFA44808.1,AFA44809.1,AFA44810.1,AFA44812.1,AFA44811.1",2,direct contact,1.0,0.0,0.0,0.0,0.0,0.0,0.0,circulatory,0,1,0,0,0,0,0,0,0,0,0,0,0,0,0
53,1239565,Mamastrovirus 1,LC694990.1,"BDG57720.1,BDG57721.1,BDG57722.1",4,faecal-oral,0.0,1.0,0.0,0.0,0.0,0.0,0.0,gastrointestinal,0,0,0,1,0,0,0,0,0,0,0,0,0,0,0
54,1239570,Mamastrovirus 6,MZ707081.1,"USJ75243.1,USJ75244.1,USJ75245.1",4,faecal-oral,0.0,1.0,0.0,0.0,0.0,0.0,0.0,gastrointestinal,0,0,0,1,0,0,0,0,0,0,0,0,0,0,0
55,1239572,Mamastrovirus 8,GQ415660.1,"ACX85471.1,ACX85470.1,ACX85472.1",4,faecal-oral,0.0,1.0,0.0,0.0,0.0,0.0,0.0,gastrointestinal,0,0,0,1,0,0,0,0,0,0,0,0,0,0,0
56,1239573,Mamastrovirus 9,NC_013060.1,"YP_003090286.1,YP_003090287.1,YP_003090288.1",4,faecal-oral,0.0,1.0,0.0,0.0,0.0,0.0,0.0,gastrointestinal,0,0,0,1,0,0,0,0,0,0,0,0,0,0,0
57,351073,Mammalian orthoreovirus,"NC_013225.1,NC_013226.1,NC_013227.1,NC_013228.1,NC_013229.1,NC_013230.1,NC_013232.1,NC_013233.1,NC_013234.1,NC_013231.1","YP_003199418.1,YP_003199419.1,YP_003199420.1,YP_003199421.1,YP_003199422.1,YP_003199423.1,YP_003199425.1,YP_003199426.1,YP_003199427.1,YP_003199424.1,YP_009344826.1",4,faecal-oral,0.0,1.0,0.0,1.0,0.0,0.0,1.0,systemic,1,0,0,1,1,0,1,1,0,0,1,0,0,0,1
58,3052299,Mammarenavirus brazilense,"NC_006313.1,NC_006317.1","YP_089665.1,YP_089666.1,YP_089659.1,YP_089660.1",3,respiratory,0.0,0.0,0.0,1.0,0.0,0.0,0.0,systemic,0,0,1,0,1,0,0,0,1,0,1,0,0,0,1
59,3052300,Mammarenavirus caliense,"NC_006447.1,NC_006439.1","YP_138543.1,YP_138544.1,YP_138534.1,YP_138535.1",2,,,,,,,,,systemic,0,0,1,0,1,0,0,0,1,0,1,0,0,0,1
60,3052302,Mammarenavirus chapareense,"NC_010562.1,NC_010563.1","YP_001816782.1,YP_001816783.1,YP_001816784.1,YP_001816785.1",2,respiratory,0.0,0.0,0.0,1.0,0.0,0.0,0.0,systemic,0,0,1,0,1,0,0,0,1,0,1,0,0,0,1
61,3052303,Mammarenavirus choriomeningitidis,"LC413283.1,LC413284.1","BBF88770.1,BBF88771.1,BBF88772.1,BBF88773.1",3,respiratory,1.0,0.0,0.0,1.0,0.0,1.0,1.0,neural,0,0,0,0,0,0,0,1,0,1,1,0,0,0,1
62,3052307,Mammarenavirus guanaritoense,"NC_005082.1,NC_005077.1","NP_899220.1,NP_899221.1,NP_899210.1,NP_899211.1",3,respiratory,1.0,0.0,0.0,1.0,0.0,0.0,1.0,systemic,0,0,1,0,1,0,0,1,1,0,1,0,0,0,1
63,2169991,Mammarenavirus juninense,"NC_005080.1,NC_005081.1","NP_899216.1,NP_899217.1,NP_899218.1,NP_899219.1",3,respiratory,1.0,0.0,0.0,1.0,0.0,0.0,1.0,systemic,0,0,1,1,1,0,0,1,1,0,1,0,0,0,1
64,3052310,Mammarenavirus lassaense,"PP826286.1,PP826287.1","XBA96065.1,XBA96066.1,XBA96067.1,XBA96068.1",3,respiratory,1.0,0.0,0.0,1.0,0.0,1.0,1.0,systemic,0,0,1,1,1,0,0,1,1,0,1,1,0,1,1
65,3052314,Mammarenavirus lujoense,"NC_012776.1,NC_012777.1","YP_002929490.1,YP_002929491.1,YP_002929492.1,YP_002929493.1",3,direct contact,1.0,0.0,0.0,0.0,0.0,0.0,0.0,systemic,0,0,0,0,1,0,0,0,0,0,0,0,1,0,1
66,3052317,Mammarenavirus machupoense,"NC_005078.1,NC_005079.1","NP_899212.1,NP_899213.1,NP_899214.1,NP_899215.1",3,respiratory,1.0,0.0,0.0,1.0,0.0,0.0,1.0,systemic,0,0,1,0,1,0,0,1,1,0,1,0,0,1,1
67,3052325,Mammarenavirus praomyidis,"NC_007904.1,NC_007903.1","YP_516228.1,YP_516229.1,YP_516226.1,YP_516227.1",2,respiratory,0.0,0.0,0.0,1.0,0.0,0.0,0.0,,0,0,0,0,0,0,0,0,0,0,0,0,0,0,0
68,3052331,Mammarenavirus whitewaterense,"NC_010703.1,NC_010700.1","YP_001911119.1,YP_001911120.1,YP_001911113.1,YP_001911114.1",2,respiratory,1.0,0.0,0.0,1.0,0.0,0.0,1.0,systemic,0,0,1,0,1,0,0,1,1,0,1,0,0,1,1
69,59301,Mayaro virus,KY618135.1,"ASY08164.1,ASY08165.1,ASY08166.1",2,vector,0.0,0.0,0.0,0.0,1.0,0.0,0.0,viraemic,0,0,0,0,0,0,0,0,0,0,0,0,0,0,0
70,3047384,Metapneumovirus avis,NC_039231.1,"YP_009513220.1,YP_009513221.1,YP_009513222.1,YP_009513223.1,YP_009513224.1,YP_009513225.1,YP_009513226.1,YP_009513227.1,YP_009513228.1",2,,,,,,,,,,0,0,0,0,0,0,0,0,0,0,0,0,0,0,0
71,3048148,Metapneumovirus hominis,OL794386.1,"WAB07763.1,WAB07764.1,WAB07765.1,WAB07766.1,WAB07767.1,WAB07768.1,WAB07769.1,WAB07770.1,WAB07771.1",4,direct contact,1.0,0.0,0.0,1.0,0.0,0.0,1.0,respiratory,0,0,0,0,0,0,0,0,0,0,1,0,0,0,0
72,1335626,Middle East respiratory syndrome-related coronavirus,NC_019843.3,"YP_009047202.1,YP_009047203.1,YP_009047204.1,YP_009047205.1,YP_009047206.1,YP_009047207.1,YP_009047208.1,YP_009047209.1,YP_009047210.1,YP_009047211.1,YP_009047212.1",3,respiratory,1.0,0.0,0.0,1.0,0.0,0.0,1.0,respiratory,0,0,0,0,0,0,0,0,1,0,1,0,1,0,0
73,3052342,Morbillivirus canis,NC_001921.1,"NP_047201.1,NP_047202.1,NP_047203.1,NP_047204.1,NP_047205.1,NP_047206.1,NP_047207.1",2,direct contact,1.0,0.0,0.0,1.0,0.0,0.0,1.0,viraemic,0,0,0,0,0,0,0,0,0,0,0,0,0,0,0
74,3052345,Morbillivirus hominis,OP236009.1,"WDW19391.1,WDW19392.1,WDW19393.1,WDW19394.1,WDW19395.1,WDW19396.1,WDW19397.1,WDW19398.1",4,direct contact,1.0,0.0,0.0,1.0,0.0,1.0,1.0,systemic,1,0,0,1,1,0,0,1,1,1,1,1,1,0,1
75,2083199,Mosso das Pedras virus,NC_038857.1,"YP_009508088.1,YP_009508089.1",2,vector,0.0,0.0,0.0,0.0,1.0,0.0,0.0,,0,0,0,0,0,0,0,0,0,0,0,0,0,0,0
76,60875,Mucambo virus,NC_038672.1,"YP_009507798.1,YP_009507799.1",2,vector,0.0,0.0,0.0,0.0,1.0,0.0,0.0,viraemic,0,0,0,0,0,0,0,0,0,0,0,0,0,0,0
77,59302,Ndumu virus,NC_016959.1,"YP_008888544.1,YP_005351232.1,YP_005351233.1,YP_006491255.1",2,vector,0.0,0.0,0.0,0.0,1.0,0.0,0.0,,0,0,0,0,0,0,0,0,0,0,0,0,0,0,0
78,118027,Nelson Bay orthoreovirus,"NC_038665.1,NC_038661.1,NC_038664.1,NC_038666.1,NC_038667.1,NC_038659.1,NC_038663.1,NC_038658.1,NC_038660.1,NC_038662.1","YP_009507776.1,YP_009507777.1,YP_009507778.1,YP_009507779.1,YP_009507780.1,YP_009507781.1,YP_009507782.1,YP_009507783.1,YP_009507784.1,YP_009507785.1,YP_009507786.1,YP_009507787.1",3,,,,,,,,,respiratory,0,0,0,1,0,0,0,0,0,0,1,0,0,0,1
79,11983,Norwalk virus,NC_039897.1,"YP_009538340.1,YP_009538341.1,YP_009538342.1",4,faecal-oral,1.0,1.0,1.0,0.0,0.0,0.0,1.0,gastrointestinal,0,0,0,1,0,0,0,0,0,0,0,0,0,0,0
80,2169701,Onyong-nyong virus,MF409176.1,"AVN98161.1,AVN98162.1",3,vector,0.0,0.0,0.0,0.0,1.0,0.0,0.0,viraemic,0,0,0,0,0,1,0,0,0,0,0,1,0,0,1
81,3051375,Orthoavulavirus javaense,OR636618.1,"WOK24249.1,WOK24250.1,WOK24251.1,WOK24254.1,WOK24252.1,WOK24253.1",2,direct contact,1.0,0.0,0.0,0.0,0.0,0.0,0.0,viraemic,0,0,0,0,0,0,0,0,0,0,0,1,0,0,0
82,1714619,Orthobornavirus bornaense,MH190827.1,"AYO61022.1,AYO61023.1,AYO61024.1,AYO61025.1,AYO61026.1,AYO61027.1",2,,,,,,,,,neural,0,0,0,0,0,0,0,1,0,0,0,0,0,0,0
83,1897087,Orthobornavirus sciuri,MN092363.1,"QIX04697.1,QIX04698.1,QIX04699.1,QIX04700.1,QIX04701.1,QIX04702.1",2,direct contact,1.0,0.0,0.0,0.0,0.0,0.0,0.0,neural,0,0,0,0,0,0,0,1,0,0,0,0,0,0,0
84,3052381,Orthobunyavirus bunyamweraense,"JX857328.1,JX857329.1,JX857330.1","AFY23385.1,AFY23386.1,AFY23387.1,AFY23388.1",2,vector,0.0,0.0,0.0,0.0,1.0,0.0,0.0,viraemic,0,0,0,0,0,0,0,0,0,0,0,0,0,0,0
85,3052384,Orthobunyavirus bwambaense,"NC_034479.1,NC_034480.1,NC_034490.1","YP_009362049.1,YP_009362050.1,YP_009362051.1,YP_009362064.1",3,vector,0.0,0.0,0.0,0.0,1.0,0.0,0.0,viraemic,0,0,0,0,0,0,0,0,0,0,0,0,0,0,0
86,3052387,Orthobunyavirus caraparuense,"KM092512.1,KM092513.1,KM092514.1","AJZ73167.1,AJZ73168.1,AJZ73169.1,AJZ73170.1",2,vector,0.0,0.0,0.0,0.0,1.0,0.0,0.0,viraemic,0,0,0,0,0,0,0,0,0,0,0,0,0,0,0
87,3052389,Orthobunyavirus catuense,"NC_038728.1,NC_038727.1,NC_038726.1","YP_009507868.1,YP_009507869.1,YP_009507870.1",2,vector,0.0,0.0,0.0,0.0,1.0,0.0,0.0,viraemic,0,0,0,0,0,0,0,0,0,0,0,0,0,0,0
88,3052390,Orthobunyavirus encephalitidis,"NC_055117.1,NC_055118.1,NC_055119.1","YP_010084297.1,YP_010084298.1,YP_010084299.1,YP_010084300.1",2,vector,0.0,0.0,0.0,0.0,1.0,0.0,0.0,neural,0,0,0,0,0,0,0,1,0,0,0,0,0,0,0
89,3052396,Orthobunyavirus guamaense,"NC_038736.1,NC_038735.1,NC_038737.1","YP_009507878.1,YP_009507879.1,YP_009507880.1",2,vector,0.0,0.0,0.0,0.0,1.0,0.0,0.0,viraemic,0,0,0,0,0,0,0,0,0,0,0,0,0,0,0
90,3052397,Orthobunyavirus guaroaense,"NC_034486.1,NC_034487.1,NC_034506.1","YP_009362058.1,YP_009362059.1,YP_009362060.1,YP_009362061.1,YP_009362080.1",2,vector,0.0,0.0,0.0,0.0,1.0,0.0,0.0,viraemic,0,0,0,0,1,0,0,0,0,0,0,0,0,0,0
91,3052401,Orthobunyavirus insulae,"NC_038738.1,NC_038739.1,NC_038740.1","YP_009507881.1,YP_009507882.1,YP_009507883.1,YP_009507884.1",2,vector,0.0,0.0,0.0,0.0,1.0,0.0,0.0,viraemic,0,0,0,0,0,0,0,0,0,0,0,0,0,0,0
92,3052413,Orthobunyavirus madridense,"MG029278.1,MG029279.1,MG029280.1","AVX48958.1,AVX48959.1,AVX48961.1,AVX48960.1",2,vector,0.0,0.0,0.0,0.0,1.0,0.0,0.0,viraemic,0,0,0,0,0,0,0,0,0,0,0,0,0,0,0
93,3052418,Orthobunyavirus maritubaense,"NC_078946.1,NC_078945.1,NC_078944.1","YP_010840699.1,YP_010840700.1,YP_010840701.1,YP_010840702.1",2,vector,0.0,0.0,0.0,0.0,1.0,0.0,0.0,viraemic,0,0,0,0,0,0,0,0,0,0,0,0,0,0,0
94,3052426,Orthobunyavirus nyandoense,"NC_034492.1,NC_034491.1,NC_034481.1","YP_009362066.1,YP_009362065.1,YP_009362052.1,YP_009362053.1",2,vector,0.0,0.0,0.0,0.0,1.0,0.0,0.0,viraemic,0,0,0,0,0,0,0,0,0,0,0,0,0,0,0
95,3052428,Orthobunyavirus oribocaense,"NC_034475.1,NC_034488.1,NC_034476.1","YP_009362043.1,YP_009362044.1,YP_009362045.1,YP_009362062.1",2,vector,0.0,0.0,0.0,0.0,1.0,0.0,0.0,viraemic,0,0,0,0,0,0,0,0,0,0,0,0,0,0,0
96,3052429,Orthobunyavirus oropoucheense,"NC_005777.1,NC_005776.1,NC_005775.1","NP_982303.1,NP_982305.1,NP_982306.1,NP_982304.1",3,vector,1.0,0.0,0.0,0.0,1.0,0.0,1.0,viraemic,0,0,0,0,0,1,0,1,0,0,0,0,0,0,1
97,3052431,Orthobunyavirus patoisense,"NC_043689.1,NC_043690.1,NC_043691.1","YP_009667040.1,YP_009667041.1,YP_009667042.1,YP_009667043.1",2,vector,0.0,0.0,0.0,0.0,1.0,0.0,0.0,,0,0,0,0,0,0,0,0,0,0,0,0,0,0,0
98,3052440,Orthobunyavirus shuniense,"ON920928.1,ON920929.1,ON920930.1","UXE46267.1,UXE46268.1,UXE46269.1,UXE46270.1",2,vector,0.0,0.0,0.0,0.0,1.0,0.0,0.0,viraemic,0,0,0,0,0,0,0,0,0,0,0,0,0,0,0
99,3052444,Orthobunyavirus tacaiumaense,"MK896460.1,MK896461.1,MK896462.1","QLA46887.1,QLA46888.1,QLA46889.1",2,vector,0.0,0.0,0.0,0.0,1.0,0.0,0.0,viraemic,0,0,0,0,0,0,0,0,0,0,0,0,0,0,0
100,3052456,Orthobunyavirus wyeomyiae,"NC_039186.1,NC_039187.1,NC_039188.1","YP_009512925.1,YP_009512926.1,YP_009512927.1",2,vector,0.0,0.0,0.0,0.0,1.0,0.0,0.0,viraemic,0,0,0,0,0,0,0,0,0,0,0,0,0,0,0
101,3052458,Orthoebolavirus bundibugyoense,NC_014373.1,"YP_003815432.1,YP_003815433.1,YP_003815434.1,YP_003815435.1,YP_003815436.1,YP_003815437.1,YP_003815438.1,YP_003815439.1,YP_003815440.1",3,direct contact,1.0,0.0,0.0,0.0,0.0,0.0,0.0,systemic,0,0,0,0,0,0,0,0,0,0,0,0,0,0,0
102,3052459,Orthoebolavirus restonense,KY798006.1,"ARU80312.1,ARU80313.1,ARU80314.1,ARU80316.1,ARU80315.1,ARU80317.1,ARU80318.1,ARU80319.1",2,direct contact,1.0,0.0,0.0,0.0,0.0,0.0,0.0,viraemic,0,0,0,0,0,0,0,0,0,0,0,0,0,0,0
103,3052460,Orthoebolavirus sudanense,EU338380.1,"ABY75321.1,ABY75322.1,ABY75323.1,ABY75325.1,ABY75324.1,ABY75326.1,ABY75327.1,ABY75328.1",3,direct contact,1.0,0.0,0.0,0.0,0.0,0.0,0.0,systemic,0,0,1,1,1,0,0,1,1,1,1,1,0,1,1
104,3052461,Orthoebolavirus taiense,NC_014372.1,"YP_003815423.1,YP_003815424.1,YP_003815425.1,YP_003815426.1,YP_003815427.1,YP_003815428.1,YP_003815429.1,YP_003815430.1,YP_003815431.1",2,direct contact,1.0,0.0,0.0,0.0,0.0,0.0,0.0,systemic,0,0,1,1,1,0,0,1,1,1,1,1,0,1,1
105,3052462,Orthoebolavirus zairense,KJ660346.2,"AHX24646.1,AHX24647.1,AHX24648.1,AHX24649.2,AHX24650.1,AHX24651.1,AHX24652.1,AHX24653.1,AHX24654.2",4,direct contact,1.0,0.0,0.0,0.0,0.0,1.0,0.0,systemic,0,0,1,1,1,0,0,1,1,1,1,1,0,1,1
106,3047375,Orthoflavivirus aroaense,NC_009026.2,YP_001040004.1,2,vector,0.0,0.0,0.0,0.0,1.0,0.0,0.0,viraemic,0,0,0,0,0,0,0,0,0,0,0,0,0,0,0
107,3047385,Orthoflavivirus bagazaense,NC_012534.1,YP_002790883.1,2,vector,0.0,0.0,0.0,0.0,1.0,0.0,0.0,viraemic,0,0,0,0,0,0,0,0,0,0,0,0,0,0,0
108,3047395,Orthoflavivirus banziense,NC_043110.1,YP_009222007.1,2,vector,0.0,0.0,0.0,0.0,1.0,0.0,0.0,viraemic,0,0,0,0,0,0,0,0,0,0,0,0,0,0,0
109,3048300,Orthoflavivirus bravoense,JQ582840.1,AFG73004.1,2,respiratory,0.0,0.0,0.0,1.0,0.0,0.0,0.0,,0,0,0,0,0,0,0,0,0,0,0,0,0,0,0
110,3052463,Orthoflavivirus cacipacoreense,KF917536.1,AIU94740.1,2,vector,0.0,0.0,0.0,0.0,1.0,0.0,0.0,viraemic,0,0,0,0,0,0,0,0,0,0,0,0,0,0,0
111,3052464,Orthoflavivirus denguei,JQ287663.1,AEX65548.1,4,vector,0.0,0.0,0.0,0.0,1.0,1.0,0.0,systemic,0,0,0,0,1,0,0,1,1,0,1,0,1,1,1
112,3047817,Orthoflavivirus edgehillense,NC_030289.1,YP_009256192.1,2,vector,0.0,0.0,0.0,0.0,1.0,0.0,0.0,viraemic,0,0,0,0,0,0,0,0,0,0,0,0,0,0,0
113,3052465,Orthoflavivirus encephalitidis,MN114635.1,QMS55021.1,2,vector,1.0,1.0,1.0,0.0,1.0,0.0,1.0,neural,0,0,0,0,1,0,0,1,0,0,0,0,0,0,1
114,3046277,Orthoflavivirus flavi,MK583170.1,QHB50159.1,4,vector,0.0,0.0,0.0,0.0,1.0,0.0,0.0,systemic,1,0,0,0,1,0,0,1,0,0,0,0,0,1,1
115,3047837,Orthoflavivirus gadgetsense,NC_033723.1,YP_009345034.1,2,vector,0.0,0.0,0.0,0.0,1.0,0.0,0.0,viraemic,0,0,0,0,0,0,0,0,0,0,0,0,0,0,0
116,3052466,Orthoflavivirus ilheusense,MF461639.1,ATG32103.1,2,vector,0.0,0.0,0.0,0.0,1.0,0.0,0.0,neural,0,0,0,0,0,0,0,1,0,0,0,0,0,0,0
117,3048158,Orthoflavivirus japonicum,HM596272.1,ADX31663.1,3,vector,0.0,0.0,0.0,0.0,1.0,1.0,0.0,neural,0,0,0,1,0,0,0,1,0,0,0,1,0,0,1
118,3048168,Orthoflavivirus kokoberaorum,NC_009029.2,YP_001040007.1,2,vector,0.0,0.0,0.0,0.0,1.0,0.0,0.0,viraemic,0,0,0,0,0,1,0,0,0,0,0,0,0,0,0
119,3048170,Orthoflavivirus kyasanurense,JF416957.1,AFF18426.1,2,vector,1.0,0.0,0.0,0.0,1.0,0.0,1.0,viraemic,0,0,0,1,1,0,0,1,1,0,1,0,0,0,1
120,3048175,Orthoflavivirus langatense,NC_003690.1,NP_620108.1,2,vector,0.0,0.0,0.0,0.0,1.0,0.0,0.0,viraemic,0,0,0,0,0,0,0,0,0,0,0,0,0,0,0
121,3052468,Orthoflavivirus louisense,EU566860.1,ACB58159.1,2,vector,0.0,0.0,0.0,0.0,1.0,0.0,0.0,neural,0,0,0,0,1,0,0,1,1,0,1,1,0,1,1
122,3048184,Orthoflavivirus loupingi,KJ495985.1,AHY99586.1,2,direct contact,1.0,0.0,0.0,0.0,1.0,0.0,1.0,neural,0,0,0,0,0,0,0,1,0,0,0,0,0,1,1
123,3048215,Orthoflavivirus murrayense,KX229766.1,APW77688.1,2,vector,0.0,0.0,0.0,0.0,1.0,0.0,0.0,neural,0,0,0,0,0,0,0,1,0,0,0,0,0,0,0
124,3048448,Orthoflavivirus nilense,MH021189.1,AVP26556.1,3,vector,0.0,0.0,0.0,0.0,1.0,1.0,0.0,neural,0,0,0,0,1,0,0,1,0,0,1,0,0,0,1
125,3048225,Orthoflavivirus ntayaense,JX236040.3,AFS89612.2,2,vector,0.0,0.0,0.0,0.0,1.0,0.0,0.0,viraemic,0,0,0,0,0,0,0,0,0,0,0,0,0,0,0
126,3048233,Orthoflavivirus omskense,NC_005062.1,NP_878909.1,2,direct contact,1.0,0.0,0.0,1.0,1.0,0.0,1.0,vascular,0,0,0,0,0,0,0,1,1,0,1,0,0,1,1
127,3048287,Orthoflavivirus powassanense,EU670438.1,ACD88752.1,2,vector,0.0,0.0,0.0,0.0,1.0,0.0,0.0,neural,0,0,0,0,0,0,0,1,0,0,1,0,0,0,1
128,3048360,Orthoflavivirus tembusu,KJ958533.1,AIN44012.1,2,vector,0.0,0.0,0.0,0.0,1.0,0.0,0.0,viraemic,0,0,0,0,0,0,0,0,0,0,0,0,0,0,0
129,3048440,Orthoflavivirus ugandaense,NC_033698.1,YP_009344968.1,2,vector,0.0,0.0,0.0,0.0,1.0,0.0,0.0,viraemic,0,0,0,0,0,0,0,0,0,0,0,0,0,0,0
130,3048443,Orthoflavivirus usutuense,HM569263.1,AEF13245.1,3,vector,0.0,0.0,0.0,0.0,1.0,0.0,0.0,neural,0,0,0,0,0,0,0,1,0,0,0,0,0,0,0
131,3048447,Orthoflavivirus wesselsbronense,JN226796.1,AFK88571.1,2,vector,1.0,0.0,0.0,0.0,1.0,0.0,1.0,viraemic,0,0,0,0,0,0,0,1,0,0,0,0,0,0,0
132,3048459,Orthoflavivirus zikaense,NC_035889.1,YP_009428568.1,4,vector,1.0,0.0,0.0,0.0,1.0,0.0,1.0,viraemic,0,0,0,0,0,0,0,0,0,0,0,0,0,0,0
133,1980456,Orthohantavirus andesense,"NC_003468.2,NC_003467.2","NP_604473.1,NP_604472.1",3,respiratory,0.0,0.0,0.0,1.0,0.0,0.0,0.0,systemic,0,0,0,1,0,0,1,1,1,0,1,0,0,1,1
134,3052470,Orthohantavirus bayoui,"NC_038299.1,NC_038300.1,NC_038298.1","YP_009505595.1,YP_009505596.1,YP_009505597.1",2,respiratory,0.0,0.0,0.0,1.0,0.0,0.0,0.0,systemic,0,0,0,1,0,0,1,1,1,0,1,0,0,0,1
135,3052474,Orthohantavirus chocloense,"NC_038373.1,NC_038374.1","YP_009506069.1,YP_009506070.1",2,respiratory,0.0,0.0,0.0,1.0,0.0,0.0,0.0,systemic,0,0,0,1,0,0,1,1,1,0,1,0,0,0,1
136,3052477,Orthohantavirus dobravaense,"MH251334.1,MH251335.1,MH251336.1","QBH69875.1,QBH69876.1,QBH69877.1",2,respiratory,0.0,0.0,0.0,1.0,0.0,0.0,0.0,vascular,0,0,0,0,1,0,0,0,1,0,0,0,0,1,1
137,3052480,Orthohantavirus hantanense,"NC_005222.1,NC_005218.1,NC_005219.1","NP_941978.1,NP_941982.1,NP_941977.1",2,respiratory,0.0,0.0,0.0,1.0,0.0,0.0,0.0,vascular,0,0,0,0,0,0,0,0,1,0,0,0,0,1,1
138,3052489,Orthohantavirus negraense,"JQ611712.1,JQ611713.1,JQ611714.1","AFH88145.1,AFH88146.1,AFH88147.1",2,respiratory,0.0,0.0,0.0,1.0,0.0,0.0,0.0,systemic,0,0,0,1,0,0,1,1,1,0,1,0,0,0,1
139,3052490,Orthohantavirus nigrorivense,"NC_043073.1,NC_043074.1,NC_043075.1",,2,respiratory,0.0,0.0,0.0,1.0,0.0,0.0,0.0,systemic,0,0,0,1,0,0,1,1,1,0,1,0,0,0,1
140,3052493,Orthohantavirus puumalaense,"NC_005225.1,NC_005224.1,NC_005223.1","NP_941983.1,NP_941984.1,YP_004928150.1",2,respiratory,0.0,0.0,0.0,1.0,0.0,0.0,0.0,vascular,0,0,0,0,1,0,0,0,1,0,0,0,0,1,1
141,3052496,Orthohantavirus sangassouense,"NC_034517.1,NC_034516.1,NC_034526.1","YP_009362094.1,YP_009362095.1,YP_009362101.1",2,respiratory,0.0,0.0,0.0,1.0,0.0,0.0,0.0,,0,0,0,0,0,0,0,0,0,0,0,0,0,0,0
142,3052498,Orthohantavirus seoulense,"MZ343375.1,MZ343376.1,MZ343377.1","QXT50473.1,QXT50474.1,QXT50475.1",2,respiratory,0.0,0.0,0.0,1.0,0.0,0.0,0.0,vascular,0,0,0,0,1,0,0,0,1,0,0,0,0,1,1
143,3052499,Orthohantavirus sinnombreense,"NC_005215.1,NC_005216.1,NC_005217.1","NP_941975.1,YP_004928152.1,NP_941976.1,NP_941974.1",2,respiratory,0.0,0.0,0.0,1.0,0.0,0.0,0.0,systemic,0,0,0,1,0,0,1,1,1,0,1,0,0,0,1
144,3052501,Orthohantavirus thailandense,"AM998806.1,AM998807.1,AM998808.2","CAQ53172.1,CAQ53173.1,CAQ53174.2",2,respiratory,0.0,0.0,0.0,1.0,0.0,0.0,0.0,vascular,0,0,0,0,0,0,0,0,1,0,0,0,0,1,1
145,3052503,Orthohantavirus tulaense,"NC_005227.2,NC_005228.1,NC_005226.1","NP_942586.1,YP_004928153.1,YP_004928154.1,NP_942124.1",2,respiratory,0.0,0.0,0.0,1.0,0.0,0.0,0.0,vascular,0,0,0,0,0,0,0,0,1,0,0,0,0,1,1
146,3052505,Orthomarburgvirus marburgense,NC_024781.1,"YP_009055222.1,YP_009055223.1,YP_009055224.1,YP_009055225.1,YP_009055226.1,YP_009055227.1,YP_009055228.1",3,direct contact,1.0,0.0,0.0,1.0,0.0,1.0,1.0,systemic,0,0,1,1,1,0,0,1,1,1,1,1,0,1,1
147,3052514,Orthonairovirus dugbeense,"NC_004157.1,NC_004159.1,NC_004158.1","NP_690574.1,NP_690576.1,NP_690575.1",2,vector,0.0,0.0,0.0,0.0,1.0,0.0,0.0,viraemic,0,0,0,0,0,0,0,1,0,0,0,0,0,0,0
148,3052518,Orthonairovirus haemorrhagiae,"PP729064.1,PP729065.1,PP729066.1","XAF84303.1,XAF84304.1,XAF84305.1",3,vector,1.0,0.0,0.0,0.0,1.0,0.0,1.0,systemic,1,0,1,0,1,0,0,1,1,0,1,0,0,1,1
149,3052537,Orthonairovirus thiaforaense,"NC_039220.1,NC_039221.1,NC_039222.1","YP_009513191.1,YP_009513192.1,YP_009513193.1",2,vector,0.0,0.0,0.0,0.0,1.0,0.0,0.0,viraemic,0,0,0,0,0,0,0,0,0,0,0,0,0,0,0
150,2956252,Orthopicobirnavirus hominis,"KJ663815.1,KJ663816.1","AHX00959.1,AHX00960.1",4,faecal-oral,0.0,1.0,0.0,0.0,0.0,0.0,0.0,gastrointestinal,0,0,0,1,0,0,0,0,0,0,0,0,0,0,0
151,3049954,Orthopneumovirus hominis,OR466341.1,"WNL51870.1,WNL51871.1,WNL51872.1,WNL51873.1,WNL51874.1,WNL51875.1,WNL51876.1,WNL51877.1,WNL51878.1,WNL51879.1,WNL51880.1",4,direct contact,1.0,0.0,0.0,1.0,0.0,0.0,1.0,respiratory,0,0,0,0,0,0,0,0,0,0,1,0,0,0,0
152,3052556,Orthorubulavirus hominis,MN306032.1,"QEG03838.1,QEG03839.1,QEG03840.1,QEG03841.1,QEG03842.1,QEG03843.1,QEG03844.1",4,direct contact,1.0,0.0,0.0,0.0,0.0,0.0,0.0,respiratory,0,0,0,0,0,0,0,0,0,0,1,0,0,0,0
153,3052557,Orthorubulavirus laryngotracheitidis,MH892405.1,"QBA30245.1,QBA30246.1,QBA30247.1,QBA30248.1,QBA30249.1,QBA30250.1",4,direct contact,1.0,0.0,0.0,0.0,0.0,0.0,0.0,respiratory,0,0,0,0,0,0,0,0,0,0,1,0,0,0,0
154,3052558,Orthorubulavirus mammalis,KX060176.1,"ANE10779.1,ANE10780.1,ANE10781.1,ANE10782.1,ANE10783.1,ANE10784.1,ANE10785.1",2,,,,,,,,,viraemic,0,0,0,0,0,0,0,0,0,0,1,0,0,1,1
155,3052560,Orthorubulavirus parotitidis,MN630054.1,"QGP73018.1,QGP73019.1,QGP73020.1,QGP73021.1,QGP73022.1,QGP73023.1,QGP73024.1,QGP73025.1",4,direct contact,1.0,0.0,0.0,0.0,0.0,1.0,0.0,systemic,1,0,0,0,1,1,0,1,1,1,1,1,0,0,1
156,3052561,Orthorubulavirus simiae,NC_006428.1,"YP_138504.1,YP_138505.1,YP_138506.1,YP_138507.1,YP_138508.1,YP_138509.1,YP_138510.1",2,,,,,,,,,,0,0,0,0,0,0,0,0,0,0,0,0,0,0,0
157,40058,Orungo virus,"NC_038604.1,NC_038605.1,NC_038606.1,NC_038607.1,NC_038608.1,NC_038609.1,NC_038610.1,NC_038611.1,NC_038612.1,NC_038613.1","YP_009507718.1,YP_009507719.1,YP_009507720.1,YP_009507721.1,YP_009507722.1,YP_009507723.1,YP_009507724.1,YP_009507725.1,YP_009507726.1,YP_009507727.1,YP_009507728.1",2,vector,0.0,0.0,0.0,0.0,1.0,0.0,0.0,viraemic,0,0,0,0,0,0,0,1,0,0,0,0,0,0,0
158,3052600,Pararubulavirus sosugaense,NC_025343.1,"YP_009094028.1,YP_009094029.1,YP_009094030.1,YP_009094031.1,YP_009094032.1,YP_009094033.1,YP_009094034.1",2,,,,,,,,,viraemic,0,0,0,0,0,0,0,0,0,0,0,0,0,0,0
159,3052602,Pararubulavirus tiomanense,NC_004074.1,"NP_665864.1,NP_665865.1,NP_665866.1,NP_665867.1,NP_665868.1,NP_665869.1,NP_665870.1,NP_665871.1",2,,,,,,,,,,0,0,0,0,0,0,0,0,0,0,0,0,0,0,0
160,1803956,Parechovirus A,ON497137.1,UQT65469.1,4,faecal-oral,0.0,1.0,0.0,0.0,0.0,0.0,0.0,gastrointestinal,0,0,0,1,0,0,0,1,0,0,1,0,0,0,1
161,1803957,Parechovirus B,NC_003976.2,NP_647602.1,2,,,,,,,,,,0,0,0,0,0,0,0,0,0,0,0,0,0,0,0
162,1678143,Paslahepevirus balayani,LC055972.1,"BAT32882.1,BAT32883.1,BAT32884.1",4,faecal-oral,1.0,1.0,1.0,0.0,0.0,1.0,1.0,hepatic,0,0,0,1,1,0,0,0,0,0,0,0,0,0,1
163,3052610,Pegivirus platyrrhini,MN551062.1,QKY59672.1,4,direct contact,1.0,0.0,0.0,0.0,0.0,1.0,0.0,circulatory,0,1,1,0,0,0,0,0,0,0,0,0,0,0,0
164,3052619,Pestivirus bovis,NC_001461.1,NP_040937.1,2,,,,,,,,,circulatory,0,1,0,0,0,0,0,0,0,0,0,0,0,0,0
165,3052640,Phlebovirus candiruense,"NC_015373.1,NC_015374.1,NC_015375.1","YP_004347992.1,YP_004347993.1,YP_004347994.1,YP_004347995.1",2,,,,,,,,,viraemic,0,0,0,0,0,0,0,0,0,0,0,0,0,0,0
166,3052676,Phlebovirus riftense,"NC_014396.1,NC_014395.1","YP_003848705.1,YP_003848706.1,YP_003848707.1",3,vector,1.0,0.0,0.0,1.0,1.0,0.0,1.0,systemic,0,0,1,0,1,0,0,1,1,0,1,1,0,1,1
167,3052684,Phlebovirus toroense,"MK896481.1,MK896482.1,MK896483.1","QLA46846.1,QLA46847.1,QLA46848.1,QLA46849.1",2,vector,0.0,0.0,0.0,0.0,1.0,0.0,0.0,viraemic,0,0,0,0,0,0,0,0,0,0,0,0,0,0,0
168,60876,Pixuna virus,NC_038673.1,"YP_009507800.1,YP_009507801.1",2,vector,0.0,0.0,0.0,0.0,1.0,0.0,0.0,viraemic,0,0,0,0,0,0,0,0,0,0,0,0,0,0,0
169,194440,Primate T-lymphotropic virus 1,JX891479.1,"AGN03912.1,AGN03913.1,AGN03914.1",4,direct contact,1.0,0.0,0.0,0.0,0.0,1.0,0.0,circulatory,0,1,0,0,0,1,0,1,0,0,1,1,1,0,1
170,194441,Primate T-lymphotropic virus 2,LC440555.1,"BBH84748.1,BBH84749.1,BBH84750.1,BBH84751.1,BBH84752.1,BBH84753.1",4,direct contact,1.0,0.0,0.0,0.0,0.0,1.0,0.0,circulatory,0,1,0,0,0,0,0,1,0,0,0,0,0,0,0
171,194443,Primate T-lymphotropic virus 3,GQ463602.1,"ADE43691.1,ADE43693.1,ADE43692.1,ADE43694.1,ADE43695.1,ADE43690.1",4,direct contact,1.0,0.0,0.0,0.0,0.0,1.0,0.0,circulatory,0,1,0,0,0,0,0,0,0,0,0,0,0,0,0
172,3049952,Respirovirus laryngotracheitidis,MH892403.1,"QBA30233.1,QBA30234.1,QBA30235.1,QBA30236.1,QBA30237.1,QBA30238.1",4,direct contact,1.0,0.0,0.0,0.0,0.0,0.0,0.0,respiratory,0,0,0,0,0,0,0,0,0,0,1,0,0,0,0
173,3049953,Respirovirus pneumoniae,MN306039.1,"QEG03881.1,QEG03882.1,QEG03883.1,QEG03884.1,QEG03885.1,QEG03886.1,QEG03887.1,QEG03888.1",4,direct contact,1.0,0.0,0.0,0.0,0.0,0.0,0.0,respiratory,0,0,0,0,0,0,0,0,0,0,1,0,0,0,0
174,147711,Rhinovirus A,LC720410.1,BDP39231.1,4,direct contact,1.0,0.0,0.0,0.0,0.0,0.0,0.0,respiratory,0,0,0,0,0,0,0,0,0,0,1,0,0,0,0
175,147712,Rhinovirus B,LC769226.1,BEI32416.1,4,direct contact,1.0,0.0,0.0,1.0,0.0,0.0,1.0,respiratory,0,0,0,0,0,0,0,0,0,0,1,0,0,0,0
176,463676,Rhinovirus C,JF317017.1,AEL31293.1,4,direct contact,1.0,0.0,0.0,0.0,0.0,0.0,0.0,respiratory,0,0,0,0,0,0,0,0,0,0,1,0,0,0,0
177,332097,Rio Negro virus,NC_038674.1,"YP_009507802.1,YP_009507803.1",2,vector,0.0,0.0,0.0,0.0,1.0,0.0,0.0,viraemic,0,0,0,0,0,0,0,0,0,0,0,0,0,0,0
178,11029,Ross River virus,NC_075016.1,"YP_010775804.1,YP_010775805.1",3,vector,0.0,0.0,0.0,0.0,1.0,1.0,0.0,circulatory,0,1,0,0,0,1,0,1,0,0,0,0,1,0,1
179,28875,Rotavirus A,"NC_011501.2,NC_011502.2,NC_011503.2,NC_011504.2,NC_011506.2,NC_011508.2,NC_011509.2,NC_011510.2,NC_011500.2,NC_011507.2,NC_011505.2","YP_002302220.1,YP_002302221.1,YP_002302222.1,YP_002302223.1,YP_002302226.1,YP_002302228.1,YP_002302229.1,YP_002302230.1,YP_002302219.1,YP_002302227.1,YP_002302224.1,YP_002302225.1",4,faecal-oral,1.0,1.0,0.0,0.0,0.0,1.0,1.0,gastrointestinal,0,0,0,1,0,0,0,1,0,0,0,0,0,0,1
180,28876,Rotavirus B,"NC_021541.1,NC_021545.1,NC_021551.1,NC_021543.1,NC_021546.1,NC_021544.1,NC_021547.1,NC_021548.1,NC_021542.1,NC_021550.1,NC_021549.1","YP_008126843.1,YP_008126844.1,YP_008126845.1,YP_008126846.1,YP_008126847.1,YP_008126848.1,YP_008126849.1,YP_008126850.1,YP_008126851.1,YP_008126853.1,YP_008126854.1,YP_008126855.1,YP_008126852.1",4,faecal-oral,1.0,1.0,0.0,0.0,0.0,1.0,1.0,gastrointestinal,0,0,0,1,0,0,0,1,0,0,0,0,0,0,1
181,36427,Rotavirus C,AJ549087.1,CAD70160.1,4,faecal-oral,1.0,1.0,0.0,0.0,0.0,1.0,1.0,gastrointestinal,0,0,0,1,0,0,0,1,0,0,0,0,0,0,1
182,1348384,Rotavirus H,"NC_007548.1,NC_007549.1,NC_007551.1,NC_007550.1,NC_007552.1,NC_007553.1,NC_007555.1,NC_007554.1,NC_007556.1,NC_007557.1,NC_007558.1","YP_392499.1,YP_392500.1,YP_392495.1,YP_392496.1,YP_392490.1,YP_392498.1,YP_392491.1,YP_392492.1,YP_392493.1,YP_392494.1,YP_392497.1",3,faecal-oral,1.0,1.0,0.0,0.0,0.0,0.0,1.0,gastrointestinal,0,0,0,1,0,0,0,0,0,0,0,0,0,0,0
183,2846071,Rubivirus rubellae,NC_076948.1,"YP_010801281.1,YP_010801282.1",4,respiratory,0.0,0.0,0.0,1.0,0.0,1.0,0.0,viraemic,1,0,0,0,0,1,1,1,0,1,1,1,0,1,1
184,1330524,Salivirus A,NC_012986.1,YP_003065643.1,4,faecal-oral,0.0,1.0,0.0,0.0,0.0,0.0,0.0,gastrointestinal,0,0,0,1,0,0,0,0,0,0,0,0,0,0,0
185,1933189,Sandfly fever Naples phlebovirus,"HM566182.1,HM566183.1,HM566184.1","AEL29681.1,AEL29682.1,AEL29683.1,AEL29684.1",2,vector,0.0,0.0,0.0,0.0,1.0,0.0,0.0,viraemic,0,0,0,0,0,0,0,1,0,0,0,0,0,0,0
186,95342,Sapporo virus,NC_075724.1,"YP_010795723.1,YP_010795724.1,YP_010795725.1",4,faecal-oral,0.0,1.0,1.0,0.0,0.0,0.0,0.0,gastrointestinal,0,0,0,1,0,0,0,0,0,0,0,0,0,0,0
187,11033,Semliki Forest virus,MK280688.1,"QCW07560.1,QCW07561.1",3,vector,0.0,0.0,0.0,0.0,1.0,0.0,0.0,neural,0,0,0,0,0,0,0,1,0,0,0,0,0,0,0
188,694009,Severe acute respiratory syndrome-related coronavirus,NC_045512.2,"YP_009724389.1,YP_009725295.1,YP_009724390.1,YP_009724391.1,YP_009724392.1,YP_009724393.1,YP_009724394.1,YP_009724395.1,YP_009725318.1,YP_009724396.1,YP_009724397.2,YP_009725255.1",4,direct contact,1.0,0.0,0.0,1.0,0.0,0.0,1.0,respiratory,1,0,0,1,1,0,0,0,1,0,1,0,0,0,1
189,1933190,SFTS phlebovirus,"HQ642766.1,HQ642767.1,HQ642768.1","ADZ72975.1,ADZ72976.1,ADZ72977.1,ADZ72978.1",3,vector,0.0,0.0,0.0,0.0,1.0,0.0,0.0,viraemic,0,0,0,0,0,0,0,0,0,0,0,0,0,0,0
190,11642,Simian foamy virus,JQ867465.1,"AFX98093.1,AFX98094.1,AFX98095.1,AFX98096.1,AFX98097.1",2,direct contact,1.0,0.0,0.0,0.0,0.0,0.0,0.0,circulatory,0,1,0,0,0,0,0,0,0,0,0,0,0,0,0
191,11723,Simian immunodeficiency virus,NC_001549.1,"NP_687035.1,NP_054369.1,NP_054370.1,NP_054371.1,NP_054372.1,NP_054373.1",2,direct contact,1.0,0.0,0.0,0.0,0.0,0.0,0.0,circulatory,0,1,0,0,0,0,0,0,0,0,0,0,0,0,0
192,11034,Sindbis virus,MF409178.1,"AVN98165.1,AVN98166.1",2,vector,0.0,0.0,0.0,0.0,1.0,0.0,0.0,viraemic,0,0,0,0,0,1,0,0,0,0,0,0,1,0,1
193,11318,Thogotovirus dhoriense,"NC_034254.1,NC_034255.1,NC_034256.1,NC_034261.1,NC_034262.1,NC_034263.1","YP_009352873.1,YP_009352874.1,YP_009352875.1,YP_009352880.1,YP_009352881.1,YP_009352882.1",2,vector,0.0,0.0,0.0,0.0,1.0,0.0,0.0,neural,0,0,0,0,0,0,0,1,0,0,0,0,0,0,0
194,11569,Thogotovirus thogotoense,"NC_006508.1,NC_006495.1,NC_006496.1,NC_006506.1,NC_006507.1,NC_006504.1","YP_145809.1,YP_145810.1,YP_145794.1,YP_145808.1,YP_145795.1,YP_145805.1,YP_145806.1",2,vector,0.0,0.0,0.0,0.0,1.0,0.0,0.0,neural,0,0,0,0,0,0,0,1,0,0,0,1,0,0,0
195,3052789,Thottimvirus thottapalayamense,"NC_010708.1,NC_010707.1,NC_010704.1","YP_001911121.1,YP_001911125.1,YP_001911124.1",2,respiratory,0.0,0.0,0.0,1.0,0.0,0.0,0.0,viraemic,0,0,0,0,0,0,0,0,0,0,0,0,0,0,0
196,1987018,Tibrovirus alphaekpoma,NC_038282.1,"YP_009505504.1,YP_009505505.1,YP_009505506.1,YP_009505507.1,YP_009505508.1,YP_009505509.1,YP_009505510.1,YP_009505511.1",2,,,,,,,,,viraemic,0,0,0,0,0,0,0,0,0,0,0,0,0,0,0
197,1987019,Tibrovirus betaekpoma,NC_038283.1,"YP_009505512.1,YP_009505513.1,YP_009505514.1,YP_009505515.1,YP_009505516.1,YP_009505517.1,YP_009505518.1,YP_009505519.1",2,,,,,,,,,viraemic,0,0,0,0,0,0,0,0,0,0,0,0,0,0,0
198,1987017,Tibrovirus congo,NC_043067.1,"YP_009664712.1,YP_009664713.1,YP_009664714.1,YP_009664715.1,YP_009664716.1,YP_009664717.1,YP_009664718.1,YP_009664719.1",3,direct contact,1.0,0.0,0.0,0.0,0.0,0.0,0.0,viraemic,0,0,0,0,0,0,0,0,0,0,0,0,0,0,0
199,60877,Tonate virus,NC_038675.1,"YP_009507804.1,YP_009507805.1",2,vector,0.0,0.0,0.0,0.0,1.0,0.0,0.0,viraemic,0,0,0,0,0,0,0,1,0,0,0,0,0,0,0
200,59304,Una virus,NC_043403.1,"YP_009665988.1,YP_009665989.1",2,vector,0.0,0.0,0.0,0.0,1.0,0.0,0.0,viraemic,0,0,0,0,0,0,0,0,0,0,0,0,0,0,0
201,1933191,Uukuniemi phlebovirus,"MG969384.1,MG969385.1,MG969386.1","AWH61703.1,AWH61704.1,AWH61705.1,AWH61706.1",2,vector,0.0,0.0,0.0,0.0,1.0,0.0,0.0,viraemic,0,0,0,0,0,0,0,0,0,0,0,0,0,0,0
202,11036,Venezuelan equine encephalitis virus,MZ399798.1,"QWY73221.1,QWY73222.1",3,vector,0.0,0.0,0.0,0.0,1.0,1.0,0.0,neural,0,0,0,0,0,0,0,1,0,0,1,0,0,1,1
203,35612,Vesicular exanthema of swine virus,NC_002551.1,"NP_066255.1,NP_066256.1,NP_066257.1",2,direct contact,1.0,1.0,0.0,0.0,0.0,0.0,1.0,,0,0,0,0,0,0,0,0,0,0,0,0,1,0,0
204,1972579,Vesiculovirus alagoas,NC_025353.1,"YP_009094097.1,YP_009094098.1,YP_009094099.1,YP_009094100.1,YP_009094101.1",2,vector,1.0,0.0,0.0,0.0,1.0,0.0,1.0,viraemic,0,0,0,0,0,0,0,0,0,0,0,0,0,0,0
205,1972576,Vesiculovirus chandipura,NC_020805.1,"YP_007641377.1,YP_007641378.1,YP_007641379.1,YP_007641380.1,YP_007641381.1",2,vector,0.0,0.0,0.0,0.0,1.0,0.0,0.0,neural,0,0,0,0,0,0,0,1,0,0,0,0,0,0,0
206,1972572,Vesiculovirus cocal,NC_028255.1,"YP_009177647.1,YP_009177648.1,YP_009177649.1,YP_009177650.1,YP_009177651.1",2,vector,0.0,0.0,0.0,0.0,1.0,0.0,0.0,,0,0,0,0,0,0,0,0,0,0,0,0,0,0,0
207,1972577,Vesiculovirus indiana,NC_038236.1,"YP_009505322.1,YP_009505323.1,YP_009505324.1,YP_009505325.1,YP_009505326.1",2,vector,1.0,0.0,0.0,0.0,1.0,0.0,1.0,viraemic,0,0,0,0,0,0,0,0,0,0,1,0,0,0,0
208,1972573,Vesiculovirus isfahan,NC_020806.1,"YP_007641382.1,YP_007641383.1,YP_007641384.1,YP_007641385.1,YP_007641386.1",2,vector,0.0,0.0,0.0,0.0,1.0,0.0,0.0,viraemic,0,0,0,0,0,0,0,0,0,0,0,0,0,0,0
209,1972574,Vesiculovirus maraba,NC_025255.1,"YP_009091825.1,YP_009091826.1,YP_009091827.1,YP_009091828.1,YP_009091829.1,YP_009091830.1",2,vector,0.0,0.0,0.0,0.0,1.0,0.0,0.0,viraemic,0,0,0,0,0,0,0,0,0,0,0,0,0,0,0
210,1972578,Vesiculovirus newjersey,NC_024473.1,"YP_009047081.1,YP_009047082.1,YP_009440976.1,YP_009047083.1,YP_009047084.1,YP_009047085.1",2,vector,1.0,0.0,0.0,0.0,1.0,0.0,1.0,viraemic,0,0,0,0,0,0,0,0,0,0,0,0,0,0,0
211,1972575,Vesiculovirus piry,NC_038286.1,"YP_009505532.1,YP_009505533.1,YP_009505534.1,YP_009505535.1,YP_009505536.1",2,,,,,,,,,viraemic,0,0,0,0,0,0,0,0,0,0,0,0,0,0,0
212,11039,Western equine encephalitis virus,MN477208.1,"QEX51908.1,QEX51909.1",2,vector,0.0,0.0,0.0,0.0,1.0,1.0,0.0,neural,0,0,0,0,0,0,0,1,0,0,0,0,0,0,0
213,48543,Whataroa virus,NC_016961.1,"YP_008888546.1,YP_005351236.1,YP_005351237.1,YP_006491259.1",2,vector,0.0,0.0,0.0,0.0,1.0,0.0,0.0,viraemic,0,0,0,0,0,0,0,0,0,0,0,0,0,0,0
