	HVD	Virus-HostDB	ViralZone	VIRION	Olival2017	Mollentze2021	Zhang2026
340187	1.0	0.0	0.0	0.0	0.0	0.0	0.0
272636	1.0	0.0	0.0	1.0	0.0	0.0	0.0
686195	1.0	0.0	0.0	1.0	0.0	0.0	0.0
686196	1.0	0.0	0.0	1.0	0.0	0.0	0.0
686197	1.0	0.0	0.0	1.0	0.0	0.0	0.0
686198	1.0	0.0	0.0	1.0	0.0	0.0	0.0
686199	0.0	0.0	0.0	1.0	0.0	0.0	0.0
686200	1.0	0.0	0.0	1.0	0.0	0.0	0.0
686201	1.0	0.0	0.0	1.0	0.0	0.0	0.0
862148	0.0	0.0	0.0	1.0	0.0	0.0	0.0
862149	0.0	0.0	0.0	1.0	0.0	0.0	0.0
862150	0.0	0.0	0.0	1.0	0.0	0.0	0.0
862151	0.0	0.0	0.0	1.0	0.0	0.0	0.0
862152	0.0	0.0	0.0	1.0	0.0	0.0	0.0
862153	0.0	0.0	0.0	1.0	0.0	0.0	0.0
862154	0.0	0.0	0.0	1.0	0.0	0.0	0.0
862155	0.0	0.0	0.0	1.0	0.0	0.0	0.0
862156	0.0	0.0	0.0	1.0	0.0	0.0	0.0
862157	0.0	0.0	0.0	1.0	0.0	0.0	0.0
862158	0.0	0.0	0.0	1.0	0.0	0.0	0.0
862159	0.0	0.0	0.0	1.0	0.0	0.0	0.0
862160	0.0	0.0	0.0	1.0	0.0	0.0	0.0
862161	0.0	0.0	0.0	1.0	0.0	0.0	0.0
862162	0.0	0.0	0.0	1.0	0.0	0.0	0.0
862163	0.0	0.0	0.0	1.0	0.0	0.0	0.0
862164	0.0	0.0	0.0	1.0	0.0	0.0	0.0
862165	0.0	0.0	0.0	1.0	0.0	0.0	0.0
862166	0.0	0.0	0.0	1.0	0.0	0.0	0.0
1967472	1.0	0.0	0.0	1.0	0.0	0.0	0.0
12480	1.0	0.0	0.0	1.0	0.0	0.0	0.0
3432452	0.0	1.0	0.0	1.0	1.0	1.0	1.0
2269360	1.0	0.0	0.0	1.0	0.0	0.0	0.0
2499620	1.0	1.0	0.0	0.0	0.0	0.0	0.0
3433814	1.0	0.0	0.0	1.0	0.0	0.0	1.0
2955291	1.0	1.0	1.0	1.0	1.0	1.0	1.0
2955292	0.0	1.0	0.0	0.0	0.0	0.0	0.0
337048	1.0	1.0	0.0	1.0	1.0	1.0	0.0
333754	1.0	1.0	0.0	1.0	1.0	1.0	0.0
337049	1.0	1.0	0.0	1.0	1.0	1.0	0.0
333766	1.0	1.0	0.0	1.0	1.0	1.0	0.0
931244	1.0	1.0	0.0	1.0	1.0	1.0	0.0
337039	1.0	1.0	0.0	1.0	1.0	1.0	0.0
333767	1.0	1.0	0.0	1.0	1.0	1.0	0.0
337043	1.0	1.0	0.0	1.0	1.0	1.0	0.0
337044	1.0	1.0	0.0	1.0	1.0	1.0	0.0
337050	1.0	1.0	0.0	1.0	1.0	1.0	0.0
337042	1.0	1.0	0.0	1.0	1.0	1.0	0.0
333757	1.0	1.0	0.0	1.0	1.0	1.0	0.0
337041	1.0	1.0	0.0	1.0	1.0	1.0	0.0
2955297	1.0	1.0	0.0	1.0	0.0	0.0	0.0
1891727	1.0	1.0	0.0	1.0	0.0	0.0	0.0
2734294	1.0	1.0	0.0	1.0	0.0	0.0	0.0
1891726	1.0	1.0	1.0	1.0	0.0	0.0	0.0
1891728	1.0	1.0	0.0	1.0	0.0	0.0	0.0
3048425	0.0	1.0	0.0	0.0	0.0	0.0	0.0
3048413	1.0	1.0	0.0	1.0	0.0	0.0	0.0
3048414	1.0	1.0	0.0	1.0	0.0	0.0	0.0
3048415	1.0	1.0	0.0	1.0	0.0	0.0	0.0
3048417	1.0	1.0	0.0	1.0	0.0	0.0	0.0
3048418	1.0	1.0	0.0	1.0	0.0	0.0	0.0
3048419	1.0	1.0	0.0	1.0	0.0	0.0	0.0
3048420	1.0	1.0	0.0	1.0	0.0	0.0	0.0
3048421	1.0	0.0	0.0	1.0	0.0	0.0	0.0
3048422	1.0	1.0	0.0	1.0	0.0	0.0	0.0
3048423	1.0	1.0	0.0	1.0	0.0	0.0	0.0
3048424	1.0	1.0	0.0	1.0	0.0	0.0	0.0
3048428	1.0	1.0	0.0	1.0	0.0	0.0	0.0
3048430	1.0	1.0	0.0	1.0	0.0	0.0	0.0
3048431	1.0	1.0	0.0	1.0	0.0	0.0	0.0
3048432	1.0	1.0	0.0	1.0	0.0	0.0	0.0
3431910	1.0	1.0	0.0	0.0	0.0	0.0	0.0
1244521	0.0	0.0	0.0	1.0	0.0	0.0	0.0
2055263	1.0	1.0	0.0	1.0	0.0	0.0	0.0
2749445	1.0	0.0	0.0	1.0	0.0	0.0	0.0
2749446	1.0	0.0	0.0	1.0	0.0	0.0	0.0
2749447	1.0	0.0	0.0	1.0	0.0	0.0	0.0
3047346	1.0	0.0	0.0	0.0	0.0	0.0	0.0
1100043	1.0	0.0	0.0	0.0	0.0	0.0	0.0
308159	1.0	0.0	0.0	1.0	0.0	0.0	0.0
697906	1.0	0.0	0.0	1.0	0.0	0.0	0.0
1293419	1.0	0.0	0.0	1.0	0.0	0.0	0.0
1293420	1.0	0.0	0.0	1.0	0.0	0.0	0.0
1609131	1.0	0.0	0.0	1.0	0.0	0.0	0.0
658667	1.0	0.0	0.0	1.0	0.0	0.0	0.0
683172	1.0	1.0	0.0	1.0	0.0	0.0	0.0
1247114	1.0	1.0	0.0	1.0	0.0	0.0	0.0
178530	1.0	0.0	0.0	1.0	0.0	0.0	0.0
1602211	1.0	0.0	0.0	1.0	0.0	0.0	0.0
683174	1.0	1.0	0.0	1.0	0.0	0.0	0.0
1247113	1.0	1.0	0.0	1.0	0.0	0.0	0.0
1609130	1.0	0.0	0.0	1.0	0.0	0.0	0.0
2053898	0.0	0.0	0.0	1.0	0.0	0.0	0.0
37140	1.0	0.0	0.0	1.0	0.0	0.0	0.0
3426293	1.0	0.0	0.0	1.0	0.0	0.0	0.0
3433766	1.0	0.0	0.0	1.0	0.0	0.0	0.0
3431493	0.0	1.0	0.0	0.0	0.0	0.0	0.0
1805494	0.0	1.0	0.0	1.0	0.0	0.0	0.0
3048183	0.0	1.0	0.0	0.0	0.0	0.0	0.0
3051989	0.0	0.0	0.0	1.0	0.0	0.0	0.0
3051991	0.0	1.0	0.0	0.0	0.0	0.0	0.0
3051992	1.0	1.0	0.0	1.0	0.0	0.0	1.0
2748253	1.0	0.0	0.0	1.0	0.0	0.0	0.0
3240447	1.0	1.0	1.0	1.0	1.0	1.0	1.0
2025396	1.0	0.0	0.0	1.0	0.0	0.0	0.0
3241434	0.0	1.0	0.0	0.0	0.0	0.0	0.0
3241444	0.0	1.0	0.0	0.0	0.0	0.0	0.0
3426295	0.0	0.0	0.0	1.0	1.0	1.0	0.0
3060422	1.0	1.0	0.0	0.0	0.0	0.0	1.0
3433757	1.0	1.0	0.0	1.0	1.0	1.0	1.0
2955465	1.0	1.0	1.0	1.0	1.0	1.0	1.0
337051	1.0	1.0	0.0	1.0	1.0	1.0	0.0
333924	1.0	1.0	0.0	1.0	1.0	1.0	0.0
334207	1.0	1.0	0.0	1.0	1.0	1.0	0.0
334208	1.0	1.0	0.0	1.0	1.0	1.0	0.0
334209	1.0	1.0	0.0	1.0	1.0	1.0	0.0
1891762	1.0	1.0	1.0	1.0	1.0	1.0	0.0
1891767	1.0	0.0	0.0	1.0	1.0	1.0	0.0
1891765	1.0	1.0	1.0	1.0	0.0	0.0	0.0
1891763	1.0	1.0	1.0	1.0	1.0	1.0	0.0
1891764	1.0	1.0	1.0	1.0	0.0	0.0	0.0
3048395	1.0	1.0	0.0	1.0	0.0	0.0	0.0
3048396	1.0	1.0	0.0	1.0	0.0	0.0	0.0
3048397	1.0	1.0	0.0	1.0	0.0	0.0	0.0
3048398	1.0	1.0	0.0	1.0	0.0	0.0	0.0
3052004	1.0	1.0	0.0	1.0	0.0	0.0	0.0
3050361	1.0	1.0	0.0	1.0	0.0	0.0	0.0
3048400	1.0	1.0	0.0	1.0	0.0	0.0	0.0
3052013	1.0	1.0	0.0	1.0	0.0	0.0	0.0
3052014	1.0	1.0	0.0	1.0	0.0	0.0	0.0
3048401	1.0	1.0	0.0	1.0	0.0	0.0	0.0
3048402	1.0	0.0	0.0	1.0	0.0	0.0	0.0
3048403	1.0	1.0	0.0	1.0	0.0	0.0	0.0
3048404	1.0	1.0	0.0	1.0	0.0	0.0	0.0
3048405	1.0	1.0	0.0	1.0	0.0	0.0	0.0
3048406	1.0	1.0	0.0	1.0	0.0	0.0	0.0
3048407	1.0	1.0	0.0	1.0	0.0	0.0	0.0
3052040	1.0	1.0	0.0	1.0	0.0	0.0	0.0
3052041	1.0	1.0	0.0	1.0	0.0	0.0	0.0
1883111	1.0	0.0	0.0	0.0	0.0	0.0	0.0
3703637	1.0	0.0	0.0	0.0	0.0	0.0	0.0
2602439	1.0	0.0	0.0	1.0	0.0	0.0	0.0
12455	1.0	0.0	0.0	1.0	0.0	0.0	0.0
2731271	1.0	0.0	0.0	0.0	0.0	0.0	0.0
3428211	1.0	0.0	0.0	1.0	0.0	0.0	0.0
3431388	1.0	0.0	0.0	1.0	1.0	1.0	0.0
3433792	0.0	0.0	0.0	1.0	0.0	0.0	0.0
3052098	1.0	0.0	0.0	0.0	0.0	0.0	0.0
1525180	0.0	0.0	0.0	1.0	0.0	0.0	0.0
1209382	1.0	0.0	0.0	1.0	0.0	0.0	0.0
1209383	1.0	0.0	0.0	1.0	0.0	0.0	0.0
1391667	1.0	1.0	0.0	1.0	0.0	0.0	0.0
1518574	1.0	1.0	0.0	1.0	0.0	0.0	0.0
870710	1.0	0.0	0.0	1.0	0.0	0.0	0.0
2219047	0.0	0.0	0.0	1.0	0.0	0.0	0.0
1095764	0.0	0.0	0.0	1.0	0.0	0.0	0.0
2936928	0.0	0.0	1.0	0.0	0.0	0.0	0.0
1437125	1.0	0.0	0.0	1.0	0.0	0.0	0.0
3427730	1.0	1.0	1.0	1.0	1.0	1.0	1.0
3427732	1.0	1.0	0.0	1.0	1.0	1.0	1.0
1201016	0.0	0.0	0.0	1.0	0.0	0.0	0.0
1201017	0.0	0.0	0.0	1.0	0.0	0.0	0.0
1201018	0.0	0.0	0.0	1.0	0.0	0.0	0.0
3427731	1.0	1.0	0.0	1.0	0.0	0.0	1.0
1714360	1.0	0.0	0.0	1.0	0.0	0.0	0.0
1714361	1.0	0.0	0.0	1.0	0.0	0.0	0.0
1244522	1.0	0.0	0.0	1.0	0.0	0.0	0.0
3432459	1.0	1.0	0.0	1.0	0.0	0.0	1.0
3432457	0.0	0.0	0.0	0.0	0.0	1.0	0.0
3431241	0.0	0.0	0.0	1.0	1.0	1.0	0.0
2448649	1.0	0.0	0.0	1.0	0.0	0.0	0.0
2720938	1.0	0.0	0.0	0.0	0.0	0.0	0.0
3426298	1.0	1.0	1.0	1.0	1.0	1.0	1.0
3431243	0.0	0.0	0.0	1.0	0.0	0.0	0.0
1407638	1.0	1.0	0.0	1.0	0.0	0.0	0.0
745094	1.0	0.0	0.0	1.0	0.0	0.0	0.0
2955925	1.0	0.0	0.0	1.0	0.0	0.0	0.0
745091	1.0	0.0	0.0	1.0	0.0	0.0	0.0
3052121	0.0	1.0	0.0	1.0	0.0	0.0	0.0
743529	1.0	0.0	0.0	1.0	0.0	0.0	0.0
743528	1.0	0.0	0.0	1.0	0.0	0.0	0.0
3048278	1.0	0.0	0.0	1.0	0.0	0.0	0.0
3048279	1.0	0.0	0.0	1.0	0.0	0.0	0.0
1525174	0.0	0.0	0.0	1.0	0.0	0.0	0.0
1148801	1.0	0.0	0.0	1.0	0.0	0.0	0.0
2805939	1.0	1.0	0.0	1.0	0.0	0.0	0.0
2749448	1.0	0.0	0.0	1.0	0.0	0.0	0.0
2749449	1.0	0.0	0.0	1.0	0.0	0.0	0.0
2749450	1.0	0.0	0.0	1.0	0.0	0.0	0.0
3433742	1.0	0.0	0.0	1.0	0.0	0.0	1.0
3431237	0.0	0.0	0.0	1.0	0.0	0.0	1.0
3428094	1.0	1.0	1.0	1.0	1.0	1.0	1.0
1194163	1.0	0.0	0.0	1.0	0.0	0.0	0.0
3428095	1.0	1.0	0.0	1.0	1.0	1.0	1.0
3428096	1.0	1.0	0.0	1.0	1.0	1.0	1.0
3428097	1.0	1.0	0.0	1.0	1.0	1.0	1.0
3428098	0.0	1.0	0.0	1.0	1.0	1.0	1.0
1194164	0.0	0.0	0.0	1.0	0.0	0.0	0.0
1112700	1.0	0.0	0.0	1.0	0.0	0.0	0.0
1582094	1.0	1.0	0.0	1.0	0.0	0.0	0.0
2831046	0.0	0.0	0.0	1.0	0.0	0.0	0.0
3431481	1.0	1.0	1.0	1.0	1.0	1.0	0.0
12066	1.0	0.0	0.0	1.0	0.0	0.0	0.0
2748378	1.0	0.0	0.0	1.0	0.0	0.0	0.0
2609450	1.0	0.0	0.0	1.0	0.0	0.0	0.0
3047962	1.0	1.0	0.0	1.0	0.0	0.0	0.0
3047963	1.0	1.0	0.0	1.0	0.0	0.0	0.0
3047957	1.0	1.0	0.0	1.0	0.0	0.0	0.0
3047960	1.0	1.0	0.0	1.0	0.0	0.0	0.0
3047956	1.0	1.0	0.0	1.0	0.0	0.0	0.0
3047958	1.0	1.0	0.0	1.0	0.0	0.0	0.0
3047961	1.0	1.0	0.0	1.0	0.0	0.0	0.0
3047959	1.0	1.0	0.0	1.0	0.0	0.0	0.0
3047964	1.0	1.0	0.0	1.0	0.0	0.0	0.0
3047967	1.0	1.0	0.0	1.0	0.0	0.0	0.0
3047965	1.0	1.0	0.0	1.0	0.0	0.0	0.0
742945	1.0	0.0	0.0	1.0	0.0	0.0	0.0
742948	1.0	0.0	0.0	1.0	0.0	0.0	0.0
742944	1.0	0.0	0.0	1.0	0.0	0.0	0.0
742946	1.0	0.0	0.0	1.0	0.0	0.0	0.0
742947	1.0	0.0	0.0	1.0	0.0	0.0	0.0
3047966	1.0	1.0	0.0	1.0	0.0	0.0	0.0
1572667	1.0	0.0	0.0	1.0	0.0	0.0	0.0
742926	1.0	0.0	0.0	1.0	0.0	0.0	0.0
742927	1.0	0.0	0.0	1.0	0.0	0.0	0.0
742928	1.0	0.0	0.0	1.0	0.0	0.0	0.0
742929	1.0	0.0	0.0	1.0	0.0	0.0	0.0
742930	1.0	0.0	0.0	1.0	0.0	0.0	0.0
742934	1.0	0.0	0.0	1.0	0.0	0.0	0.0
742935	1.0	0.0	0.0	1.0	0.0	0.0	0.0
742933	1.0	0.0	0.0	1.0	0.0	0.0	0.0
742931	1.0	0.0	0.0	1.0	0.0	0.0	0.0
742932	1.0	0.0	0.0	1.0	0.0	0.0	0.0
742936	1.0	0.0	0.0	1.0	0.0	0.0	0.0
745095	1.0	0.0	0.0	1.0	0.0	0.0	0.0
742937	1.0	0.0	0.0	1.0	0.0	0.0	0.0
742919	1.0	1.0	0.0	1.0	0.0	0.0	0.0
742938	1.0	0.0	0.0	1.0	0.0	0.0	0.0
1983780	1.0	0.0	0.0	1.0	0.0	0.0	0.0
742955	1.0	0.0	0.0	1.0	0.0	0.0	0.0
742958	1.0	0.0	0.0	1.0	0.0	0.0	0.0
742953	1.0	0.0	0.0	1.0	0.0	0.0	0.0
742951	1.0	0.0	0.0	1.0	0.0	0.0	0.0
742949	1.0	0.0	0.0	1.0	0.0	0.0	0.0
742959	1.0	0.0	0.0	1.0	0.0	0.0	0.0
742952	1.0	0.0	0.0	1.0	0.0	0.0	0.0
742950	1.0	0.0	0.0	1.0	0.0	0.0	0.0
742957	1.0	0.0	0.0	1.0	0.0	0.0	0.0
742956	1.0	0.0	0.0	1.0	0.0	0.0	0.0
742960	1.0	0.0	0.0	1.0	0.0	0.0	0.0
742954	1.0	0.0	0.0	1.0	0.0	0.0	0.0
3050258	1.0	1.0	0.0	1.0	0.0	0.0	0.0
1136456	0.0	0.0	0.0	1.0	0.0	0.0	0.0
3050295	1.0	1.0	1.0	1.0	1.0	1.0	0.0
3050337	0.0	1.0	0.0	0.0	0.0	0.0	0.0
1208309	1.0	1.0	0.0	1.0	0.0	0.0	0.0
2955745	1.0	1.0	0.0	1.0	0.0	0.0	0.0
2955746	1.0	1.0	0.0	1.0	0.0	0.0	0.0
1891745	1.0	1.0	0.0	1.0	0.0	0.0	0.0
2844075	0.0	1.0	0.0	0.0	0.0	0.0	0.0
2844078	0.0	1.0	0.0	0.0	0.0	0.0	0.0
3431912	1.0	0.0	0.0	0.0	0.0	0.0	0.0
1511894	0.0	0.0	0.0	1.0	0.0	0.0	0.0
1511892	1.0	1.0	0.0	1.0	1.0	1.0	0.0
1511891	1.0	1.0	0.0	1.0	1.0	1.0	0.0
871260	0.0	0.0	0.0	1.0	0.0	0.0	0.0
3432458	0.0	1.0	0.0	1.0	0.0	0.0	1.0
3426299	1.0	1.0	1.0	1.0	1.0	1.0	1.0
33758	1.0	0.0	1.0	1.0	0.0	0.0	0.0
3431482	0.0	1.0	0.0	1.0	0.0	0.0	0.0
1615798	1.0	0.0	0.0	1.0	0.0	0.0	0.0
3428500	1.0	1.0	1.0	1.0	1.0	1.0	1.0
3428502	1.0	1.0	1.0	1.0	1.0	1.0	1.0
3428505	1.0	1.0	1.0	1.0	1.0	1.0	1.0
1521109	1.0	0.0	0.0	1.0	0.0	0.0	0.0
3428506	1.0	1.0	1.0	1.0	1.0	1.0	1.0
3428507	0.0	0.0	0.0	0.0	0.0	0.0	1.0
3428509	1.0	0.0	0.0	1.0	0.0	0.0	0.0
3428510	0.0	1.0	0.0	1.0	0.0	0.0	1.0
3428512	1.0	0.0	0.0	0.0	0.0	0.0	0.0
1329782	1.0	0.0	0.0	1.0	0.0	0.0	0.0
47681	1.0	0.0	0.0	1.0	0.0	0.0	0.0
1156749	0.0	0.0	0.0	1.0	0.0	0.0	0.0
1972587	0.0	0.0	0.0	1.0	0.0	0.0	0.0
1891754	0.0	0.0	0.0	1.0	0.0	0.0	0.0
3428564	0.0	1.0	0.0	0.0	0.0	0.0	0.0
3426399	0.0	0.0	0.0	1.0	0.0	0.0	1.0
3428567	0.0	0.0	0.0	0.0	0.0	0.0	1.0
3052189	1.0	1.0	1.0	1.0	1.0	1.0	0.0
3052190	1.0	0.0	0.0	1.0	0.0	0.0	0.0
38768	0.0	0.0	1.0	0.0	0.0	0.0	0.0
3426301	0.0	0.0	0.0	1.0	1.0	1.0	1.0
3428067	0.0	0.0	1.0	1.0	0.0	0.0	1.0
580061	1.0	0.0	0.0	1.0	0.0	0.0	0.0
3052205	0.0	1.0	0.0	1.0	0.0	0.0	0.0
2219052	0.0	0.0	0.0	1.0	0.0	0.0	0.0
2219053	0.0	0.0	0.0	1.0	0.0	0.0	0.0
3426401	0.0	0.0	0.0	1.0	1.0	1.0	1.0
2955935	1.0	1.0	1.0	1.0	1.0	1.0	1.0
333926	1.0	1.0	0.0	1.0	1.0	1.0	0.0
1175852	1.0	1.0	0.0	1.0	0.0	0.0	0.0
1513256	1.0	1.0	0.0	1.0	0.0	0.0	0.0
1513257	1.0	1.0	0.0	1.0	0.0	0.0	0.0
1513258	1.0	1.0	0.0	1.0	0.0	0.0	0.0
1513259	1.0	1.0	0.0	1.0	0.0	0.0	0.0
1513260	1.0	1.0	0.0	1.0	0.0	0.0	0.0
1513261	1.0	1.0	0.0	1.0	0.0	0.0	0.0
1513262	1.0	1.0	0.0	1.0	0.0	0.0	0.0
1513263	1.0	1.0	0.0	1.0	0.0	0.0	0.0
1513264	1.0	1.0	0.0	1.0	0.0	0.0	0.0
333928	1.0	1.0	0.0	1.0	1.0	1.0	0.0
1513265	1.0	1.0	0.0	1.0	0.0	0.0	0.0
1961678	1.0	1.0	0.0	1.0	0.0	0.0	0.0
1961679	1.0	1.0	0.0	1.0	0.0	0.0	0.0
1961680	1.0	1.0	0.0	1.0	0.0	0.0	0.0
1961681	1.0	1.0	0.0	1.0	0.0	0.0	0.0
1961682	1.0	1.0	0.0	1.0	0.0	0.0	0.0
1961683	1.0	1.0	0.0	1.0	0.0	0.0	0.0
2169902	1.0	1.0	0.0	1.0	0.0	0.0	0.0
333929	1.0	1.0	0.0	1.0	1.0	1.0	0.0
333930	0.0	1.0	0.0	1.0	1.0	1.0	0.0
333931	1.0	1.0	0.0	1.0	1.0	1.0	0.0
1175848	1.0	1.0	0.0	1.0	0.0	0.0	0.0
1175849	1.0	1.0	0.0	1.0	0.0	0.0	0.0
1175850	1.0	1.0	0.0	1.0	0.0	0.0	0.0
1175851	1.0	1.0	0.0	1.0	0.0	0.0	0.0
2049444	1.0	1.0	0.0	1.0	0.0	0.0	0.0
3048380	1.0	1.0	0.0	1.0	0.0	0.0	0.0
3048381	1.0	1.0	0.0	1.0	0.0	0.0	0.0
3048382	1.0	1.0	0.0	1.0	0.0	0.0	0.0
3048383	1.0	1.0	0.0	1.0	0.0	0.0	0.0
3048384	1.0	1.0	0.0	1.0	0.0	0.0	0.0
3048385	1.0	1.0	0.0	1.0	0.0	0.0	0.0
3048386	1.0	0.0	0.0	1.0	0.0	0.0	0.0
3048387	1.0	1.0	0.0	1.0	0.0	0.0	0.0
3048388	1.0	1.0	0.0	1.0	0.0	0.0	0.0
3048389	1.0	1.0	0.0	1.0	0.0	0.0	0.0
3048390	1.0	1.0	0.0	1.0	0.0	0.0	0.0
3048391	1.0	1.0	0.0	1.0	0.0	0.0	0.0
3048392	1.0	1.0	0.0	1.0	0.0	0.0	0.0
3048393	1.0	1.0	0.0	1.0	0.0	0.0	0.0
3048394	1.0	1.0	0.0	1.0	0.0	0.0	0.0
2583509	1.0	0.0	0.0	1.0	0.0	0.0	0.0
1862824	1.0	1.0	0.0	1.0	0.0	0.0	0.0
1983771	1.0	1.0	0.0	1.0	0.0	0.0	0.0
2844554	1.0	1.0	0.0	1.0	0.0	0.0	0.0
2844581	1.0	1.0	0.0	1.0	0.0	0.0	0.0
2844582	1.0	0.0	0.0	1.0	0.0	0.0	0.0
2844583	1.0	1.0	0.0	1.0	0.0	0.0	0.0
2844584	1.0	1.0	0.0	1.0	0.0	0.0	0.0
2844585	1.0	1.0	0.0	1.0	0.0	0.0	0.0
2844646	1.0	1.0	0.0	1.0	0.0	0.0	0.0
2202565	1.0	0.0	0.0	0.0	0.0	0.0	0.0
2853105	0.0	0.0	0.0	1.0	0.0	0.0	0.0
3426303	1.0	1.0	1.0	1.0	1.0	1.0	1.0
3428953	1.0	0.0	0.0	1.0	0.0	0.0	0.0
3431249	1.0	1.0	0.0	1.0	1.0	1.0	1.0
3431392	0.0	0.0	0.0	1.0	0.0	0.0	0.0
2602438	1.0	0.0	0.0	1.0	0.0	0.0	0.0
3432451	1.0	1.0	0.0	1.0	0.0	0.0	1.0
3047743	1.0	0.0	0.0	1.0	0.0	0.0	0.0
2844800	1.0	1.0	0.0	1.0	0.0	0.0	0.0
1682185	1.0	0.0	0.0	1.0	0.0	0.0	0.0
2844802	1.0	1.0	0.0	1.0	0.0	0.0	0.0
2844803	1.0	1.0	0.0	1.0	0.0	0.0	0.0
2844804	1.0	1.0	0.0	1.0	0.0	0.0	0.0
2844805	1.0	1.0	0.0	1.0	0.0	0.0	0.0
497343	1.0	0.0	0.0	1.0	0.0	0.0	0.0
497344	1.0	0.0	0.0	1.0	0.0	0.0	0.0
650036	1.0	0.0	0.0	1.0	0.0	0.0	0.0
38016	0.0	0.0	0.0	1.0	0.0	0.0	0.0
1417605	0.0	0.0	0.0	1.0	0.0	0.0	0.0
1417606	0.0	0.0	0.0	1.0	0.0	0.0	0.0
1417607	0.0	0.0	0.0	1.0	0.0	0.0	0.0
1417608	0.0	0.0	0.0	1.0	0.0	0.0	0.0
1417609	0.0	0.0	0.0	1.0	0.0	0.0	0.0
1417610	0.0	0.0	0.0	1.0	0.0	0.0	0.0
1417611	0.0	0.0	0.0	1.0	0.0	0.0	0.0
1417603	0.0	0.0	0.0	1.0	0.0	0.0	0.0
1417612	0.0	0.0	0.0	1.0	0.0	0.0	0.0
1417613	0.0	0.0	0.0	1.0	0.0	0.0	0.0
1417614	0.0	0.0	0.0	1.0	0.0	0.0	0.0
1417615	0.0	0.0	0.0	1.0	0.0	0.0	0.0
1417616	0.0	0.0	0.0	1.0	0.0	0.0	0.0
1417617	0.0	0.0	0.0	1.0	0.0	0.0	0.0
1417618	0.0	0.0	0.0	1.0	0.0	0.0	0.0
1417604	0.0	0.0	0.0	1.0	0.0	0.0	0.0
1417619	0.0	0.0	0.0	1.0	0.0	0.0	0.0
934413	0.0	0.0	0.0	1.0	0.0	0.0	0.0
641884	1.0	0.0	0.0	1.0	0.0	0.0	0.0
164250	0.0	0.0	0.0	1.0	0.0	0.0	0.0
496406	1.0	0.0	0.0	1.0	0.0	0.0	0.0
497915	1.0	0.0	0.0	1.0	0.0	0.0	0.0
496407	1.0	0.0	0.0	1.0	0.0	0.0	0.0
496408	1.0	0.0	0.0	1.0	0.0	0.0	0.0
496409	1.0	0.0	0.0	1.0	0.0	0.0	0.0
37741	1.0	0.0	0.0	1.0	0.0	0.0	0.0
937784	1.0	0.0	0.0	1.0	0.0	0.0	0.0
1076281	1.0	0.0	0.0	1.0	0.0	0.0	0.0
1076282	1.0	0.0	0.0	1.0	0.0	0.0	0.0
1076283	1.0	0.0	0.0	1.0	0.0	0.0	0.0
1076284	1.0	0.0	0.0	1.0	0.0	0.0	0.0
1076285	1.0	0.0	0.0	1.0	0.0	0.0	0.0
93830	1.0	1.0	0.0	1.0	0.0	0.0	0.0
2712269	1.0	0.0	0.0	1.0	0.0	0.0	0.0
3052223	0.0	1.0	1.0	1.0	1.0	1.0	1.0
3052225	1.0	1.0	1.0	1.0	1.0	1.0	1.0
3052230	1.0	1.0	1.0	1.0	1.0	1.0	1.0
3052236	0.0	1.0	0.0	1.0	0.0	0.0	0.0
3431302	1.0	1.0	1.0	1.0	1.0	1.0	0.0
2844074	1.0	1.0	1.0	1.0	0.0	0.0	0.0
291484	1.0	1.0	1.0	0.0	0.0	0.0	0.0
3407641	0.0	1.0	1.0	1.0	1.0	1.0	1.0
3429214	1.0	0.0	0.0	0.0	0.0	0.0	0.0
3426544	1.0	0.0	0.0	1.0	0.0	0.0	0.0
3426304	0.0	0.0	0.0	1.0	0.0	0.0	1.0
682382	1.0	1.0	0.0	1.0	0.0	0.0	0.0
682383	1.0	0.0	0.0	1.0	0.0	0.0	0.0
682384	1.0	0.0	0.0	1.0	0.0	0.0	0.0
1960046	0.0	1.0	0.0	1.0	0.0	0.0	0.0
2502796	1.0	0.0	0.0	1.0	0.0	0.0	0.0
2502797	1.0	0.0	0.0	1.0	0.0	0.0	0.0
1922835	1.0	0.0	0.0	0.0	0.0	0.0	0.0
1923094	1.0	0.0	0.0	0.0	0.0	0.0	0.0
1923116	1.0	0.0	0.0	0.0	0.0	0.0	0.0
1923133	1.0	0.0	0.0	0.0	0.0	0.0	0.0
2021738	1.0	1.0	0.0	1.0	0.0	0.0	0.0
3043599	1.0	0.0	0.0	0.0	0.0	0.0	0.0
1904885	1.0	0.0	0.0	1.0	0.0	0.0	0.0
1904886	1.0	0.0	0.0	1.0	0.0	0.0	0.0
1904888	1.0	0.0	0.0	1.0	0.0	0.0	0.0
2461378	1.0	0.0	0.0	1.0	0.0	0.0	0.0
1222019	1.0	0.0	0.0	1.0	0.0	0.0	0.0
1907210	1.0	0.0	1.0	1.0	0.0	0.0	0.0
2778524	1.0	0.0	0.0	1.0	0.0	0.0	0.0
2844967	1.0	1.0	0.0	1.0	0.0	0.0	0.0
2844968	1.0	1.0	0.0	1.0	0.0	0.0	0.0
2844969	1.0	1.0	0.0	1.0	0.0	0.0	0.0
2845897	1.0	1.0	0.0	1.0	0.0	0.0	0.0
1868658	1.0	1.0	1.0	1.0	0.0	0.0	0.0
1186059	1.0	0.0	0.0	1.0	0.0	0.0	0.0
1609138	1.0	0.0	0.0	1.0	0.0	0.0	0.0
10368	1.0	0.0	1.0	1.0	0.0	0.0	0.0
1188015	1.0	0.0	0.0	1.0	0.0	0.0	0.0
2184748	1.0	0.0	0.0	0.0	0.0	0.0	0.0
2184749	1.0	0.0	0.0	1.0	0.0	0.0	0.0
329641	1.0	1.0	1.0	1.0	0.0	0.0	0.0
645161	1.0	0.0	0.0	1.0	0.0	0.0	0.0
1903319	1.0	0.0	0.0	1.0	0.0	0.0	0.0
3427953	1.0	0.0	0.0	0.0	0.0	0.0	0.0
3426330	0.0	1.0	0.0	1.0	0.0	0.0	0.0
749224	1.0	0.0	0.0	1.0	0.0	0.0	0.0
1428481	1.0	0.0	0.0	1.0	0.0	0.0	0.0
3433758	1.0	1.0	0.0	1.0	1.0	1.0	1.0
384335	0.0	0.0	0.0	1.0	0.0	0.0	0.0
1233383	1.0	1.0	0.0	1.0	0.0	0.0	0.0
586421	1.0	0.0	0.0	1.0	0.0	0.0	0.0
1181292	1.0	0.0	0.0	1.0	0.0	0.0	0.0
1222051	1.0	0.0	0.0	1.0	0.0	0.0	0.0
1221646	1.0	0.0	0.0	1.0	0.0	0.0	0.0
1222038	1.0	0.0	0.0	1.0	0.0	0.0	0.0
1222039	1.0	0.0	0.0	1.0	0.0	0.0	0.0
1222040	1.0	0.0	0.0	1.0	0.0	0.0	0.0
1222041	1.0	0.0	0.0	1.0	0.0	0.0	0.0
1222042	1.0	0.0	0.0	1.0	0.0	0.0	0.0
1222043	1.0	0.0	0.0	1.0	0.0	0.0	0.0
1222044	1.0	0.0	0.0	1.0	0.0	0.0	0.0
1222045	1.0	0.0	0.0	1.0	0.0	0.0	0.0
1222046	1.0	0.0	0.0	1.0	0.0	0.0	0.0
1222047	1.0	0.0	0.0	1.0	0.0	0.0	0.0
1222048	1.0	0.0	0.0	1.0	0.0	0.0	0.0
1222049	1.0	0.0	0.0	1.0	0.0	0.0	0.0
1222050	1.0	0.0	0.0	1.0	0.0	0.0	0.0
858567	1.0	0.0	0.0	1.0	0.0	0.0	0.0
858568	1.0	0.0	0.0	1.0	0.0	0.0	0.0
858569	1.0	0.0	0.0	1.0	0.0	0.0	0.0
858570	1.0	0.0	0.0	1.0	0.0	0.0	0.0
858571	1.0	0.0	0.0	1.0	0.0	0.0	0.0
858572	1.0	0.0	0.0	1.0	0.0	0.0	0.0
858573	1.0	0.0	0.0	1.0	0.0	0.0	0.0
1455626	0.0	0.0	0.0	1.0	0.0	0.0	0.0
1904876	1.0	1.0	0.0	1.0	0.0	0.0	0.0
1569923	1.0	0.0	0.0	1.0	0.0	0.0	0.0
433732	1.0	0.0	0.0	0.0	0.0	0.0	0.0
433731	1.0	0.0	0.0	0.0	0.0	0.0	0.0
11827	1.0	0.0	0.0	1.0	0.0	0.0	0.0
57282	1.0	0.0	0.0	1.0	0.0	0.0	0.0
45617	1.0	1.0	0.0	1.0	0.0	0.0	0.0
87786	1.0	0.0	0.0	1.0	0.0	0.0	0.0
1193974	1.0	0.0	0.0	1.0	0.0	0.0	0.0
941281	0.0	0.0	0.0	1.0	0.0	0.0	0.0
941282	0.0	0.0	0.0	1.0	0.0	0.0	0.0
764266	1.0	0.0	0.0	1.0	0.0	0.0	0.0
764267	1.0	0.0	0.0	1.0	0.0	0.0	0.0
941283	0.0	0.0	0.0	1.0	0.0	0.0	0.0
941284	0.0	0.0	0.0	1.0	0.0	0.0	0.0
941285	0.0	0.0	0.0	1.0	0.0	0.0	0.0
941286	0.0	0.0	0.0	1.0	0.0	0.0	0.0
941287	0.0	0.0	0.0	1.0	0.0	0.0	0.0
941288	0.0	0.0	0.0	1.0	0.0	0.0	0.0
941289	0.0	0.0	0.0	1.0	0.0	0.0	0.0
941290	0.0	0.0	0.0	1.0	0.0	0.0	0.0
941291	0.0	0.0	0.0	1.0	0.0	0.0	0.0
941292	0.0	0.0	0.0	1.0	0.0	0.0	0.0
941293	0.0	0.0	0.0	1.0	0.0	0.0	0.0
941294	0.0	0.0	0.0	1.0	0.0	0.0	0.0
941295	0.0	0.0	0.0	1.0	0.0	0.0	0.0
941296	0.0	0.0	0.0	1.0	0.0	0.0	0.0
941297	0.0	0.0	0.0	1.0	0.0	0.0	0.0
941298	0.0	0.0	0.0	1.0	0.0	0.0	0.0
941299	0.0	0.0	0.0	1.0	0.0	0.0	0.0
941300	0.0	0.0	0.0	1.0	0.0	0.0	0.0
941301	0.0	0.0	0.0	1.0	0.0	0.0	0.0
941302	0.0	0.0	0.0	1.0	0.0	0.0	0.0
941303	0.0	0.0	0.0	1.0	0.0	0.0	0.0
941304	0.0	0.0	0.0	1.0	0.0	0.0	0.0
941305	0.0	0.0	0.0	1.0	0.0	0.0	0.0
941306	0.0	0.0	0.0	1.0	0.0	0.0	0.0
941307	0.0	0.0	0.0	1.0	0.0	0.0	0.0
941308	0.0	0.0	0.0	1.0	0.0	0.0	0.0
941309	0.0	0.0	0.0	1.0	0.0	0.0	0.0
941310	0.0	0.0	0.0	1.0	0.0	0.0	0.0
941311	0.0	0.0	0.0	1.0	0.0	0.0	0.0
941312	0.0	0.0	0.0	1.0	0.0	0.0	0.0
941313	0.0	0.0	0.0	1.0	0.0	0.0	0.0
764268	1.0	0.0	0.0	1.0	0.0	0.0	0.0
941314	0.0	0.0	0.0	1.0	0.0	0.0	0.0
1072676	1.0	0.0	0.0	1.0	0.0	0.0	0.0
1072677	1.0	0.0	0.0	1.0	0.0	0.0	0.0
941315	0.0	0.0	0.0	1.0	0.0	0.0	0.0
941316	0.0	0.0	0.0	1.0	0.0	0.0	0.0
941317	0.0	0.0	0.0	1.0	0.0	0.0	0.0
941318	0.0	0.0	0.0	1.0	0.0	0.0	0.0
941319	0.0	0.0	0.0	1.0	0.0	0.0	0.0
941320	0.0	0.0	0.0	1.0	0.0	0.0	0.0
941321	0.0	0.0	0.0	1.0	0.0	0.0	0.0
72197	1.0	1.0	0.0	1.0	0.0	0.0	0.0
104382	1.0	0.0	0.0	1.0	0.0	0.0	0.0
2017081	1.0	1.0	0.0	1.0	0.0	0.0	0.0
2017082	1.0	1.0	0.0	1.0	0.0	0.0	0.0
2017083	1.0	1.0	0.0	1.0	0.0	0.0	0.0
2017080	1.0	0.0	0.0	1.0	0.0	0.0	0.0
1820160	1.0	1.0	0.0	1.0	0.0	0.0	0.0
1914415	1.0	0.0	0.0	1.0	0.0	0.0	0.0
3027325	1.0	0.0	0.0	0.0	0.0	0.0	0.0
2994337	1.0	0.0	0.0	0.0	0.0	0.0	0.0
2044876	1.0	0.0	0.0	1.0	0.0	0.0	0.0
12721	1.0	1.0	1.0	1.0	0.0	0.0	0.0
3418650	1.0	1.0	1.0	1.0	1.0	1.0	1.0
3418651	1.0	1.0	1.0	1.0	1.0	1.0	1.0
2927897	1.0	0.0	0.0	0.0	0.0	0.0	0.0
341730	1.0	0.0	0.0	1.0	0.0	0.0	0.0
3241402	1.0	1.0	0.0	1.0	1.0	1.0	0.0
3241406	1.0	1.0	0.0	1.0	1.0	1.0	0.0
3241411	0.0	1.0	0.0	1.0	1.0	1.0	0.0
3241420	1.0	1.0	0.0	1.0	1.0	1.0	0.0
3241425	1.0	1.0	0.0	1.0	1.0	1.0	0.0
3241426	1.0	1.0	0.0	1.0	1.0	1.0	0.0
3241445	1.0	1.0	0.0	1.0	0.0	0.0	0.0
10566	1.0	1.0	1.0	1.0	0.0	0.0	0.0
3003858	1.0	0.0	0.0	0.0	0.0	0.0	0.0
3003859	1.0	0.0	0.0	0.0	0.0	0.0	0.0
3003860	1.0	0.0	0.0	0.0	0.0	0.0	0.0
3026463	1.0	0.0	0.0	0.0	0.0	0.0	0.0
2853106	0.0	0.0	0.0	1.0	0.0	0.0	0.0
1647924	1.0	1.0	0.0	1.0	0.0	0.0	0.0
543937	0.0	0.0	0.0	1.0	0.0	0.0	0.0
192971	1.0	0.0	0.0	1.0	0.0	0.0	0.0
1851215	1.0	0.0	0.0	1.0	0.0	0.0	0.0
1851219	1.0	0.0	0.0	1.0	0.0	0.0	0.0
2093788	1.0	0.0	0.0	1.0	0.0	0.0	0.0
2093789	0.0	1.0	0.0	1.0	0.0	0.0	0.0
2060135	1.0	0.0	0.0	1.0	0.0	0.0	0.0
2060136	1.0	0.0	0.0	1.0	0.0	0.0	0.0
2060137	1.0	0.0	0.0	1.0	0.0	0.0	0.0
2060138	1.0	0.0	0.0	1.0	0.0	0.0	0.0
2060139	1.0	0.0	0.0	1.0	0.0	0.0	0.0
2060140	1.0	0.0	0.0	1.0	0.0	0.0	0.0
2200956	1.0	0.0	0.0	1.0	0.0	0.0	0.0
2200957	1.0	0.0	0.0	1.0	0.0	0.0	0.0
2200958	1.0	0.0	0.0	1.0	0.0	0.0	0.0
2200959	1.0	0.0	0.0	1.0	0.0	0.0	0.0
2944249	1.0	0.0	0.0	0.0	0.0	0.0	0.0
652810	1.0	1.0	0.0	1.0	0.0	0.0	0.0
269339	0.0	0.0	0.0	1.0	0.0	0.0	0.0
1525176	0.0	0.0	0.0	1.0	0.0	0.0	0.0
2955301	0.0	1.0	0.0	1.0	0.0	0.0	0.0
1965018	1.0	1.0	0.0	1.0	0.0	0.0	0.0
2714898	1.0	0.0	0.0	1.0	0.0	0.0	0.0
2714899	1.0	0.0	0.0	1.0	0.0	0.0	0.0
2057509	1.0	0.0	0.0	1.0	0.0	0.0	0.0
412463	1.0	0.0	0.0	1.0	0.0	0.0	0.0
532080	1.0	0.0	0.0	1.0	0.0	0.0	0.0
764236	1.0	0.0	0.0	1.0	0.0	0.0	0.0
764237	1.0	0.0	0.0	1.0	0.0	0.0	0.0
764238	1.0	0.0	0.0	1.0	0.0	0.0	0.0
764239	1.0	0.0	0.0	1.0	0.0	0.0	0.0
764240	1.0	0.0	0.0	1.0	0.0	0.0	0.0
764241	1.0	0.0	0.0	1.0	0.0	0.0	0.0
764242	1.0	0.0	0.0	1.0	0.0	0.0	0.0
764243	1.0	0.0	0.0	1.0	0.0	0.0	0.0
764244	1.0	0.0	0.0	1.0	0.0	0.0	0.0
433730	1.0	0.0	0.0	0.0	0.0	0.0	0.0
741955	1.0	0.0	0.0	1.0	0.0	0.0	0.0
741956	1.0	0.0	0.0	1.0	0.0	0.0	0.0
741957	1.0	0.0	0.0	1.0	0.0	0.0	0.0
741958	1.0	0.0	0.0	1.0	0.0	0.0	0.0
532081	1.0	0.0	0.0	1.0	0.0	0.0	0.0
532082	1.0	0.0	0.0	1.0	0.0	0.0	0.0
532083	1.0	0.0	0.0	1.0	0.0	0.0	0.0
532084	1.0	0.0	0.0	1.0	0.0	0.0	0.0
864558	1.0	0.0	0.0	1.0	0.0	0.0	0.0
864559	1.0	0.0	0.0	1.0	0.0	0.0	0.0
864560	1.0	0.0	0.0	1.0	0.0	0.0	0.0
532085	1.0	0.0	0.0	1.0	0.0	0.0	0.0
532086	1.0	0.0	0.0	1.0	0.0	0.0	0.0
532087	1.0	0.0	0.0	1.0	0.0	0.0	0.0
532088	1.0	0.0	0.0	1.0	0.0	0.0	0.0
546676	1.0	0.0	0.0	1.0	0.0	0.0	0.0
546677	1.0	0.0	0.0	1.0	0.0	0.0	0.0
546678	1.0	0.0	0.0	1.0	0.0	0.0	0.0
546679	1.0	0.0	0.0	1.0	0.0	0.0	0.0
546680	1.0	0.0	0.0	1.0	0.0	0.0	0.0
546681	1.0	0.0	0.0	1.0	0.0	0.0	0.0
546682	1.0	0.0	0.0	1.0	0.0	0.0	0.0
546683	1.0	0.0	0.0	1.0	0.0	0.0	0.0
546684	1.0	0.0	0.0	1.0	0.0	0.0	0.0
546685	1.0	0.0	0.0	1.0	0.0	0.0	0.0
546686	1.0	0.0	0.0	1.0	0.0	0.0	0.0
546687	1.0	0.0	0.0	1.0	0.0	0.0	0.0
546688	1.0	0.0	0.0	1.0	0.0	0.0	0.0
546689	1.0	0.0	0.0	1.0	0.0	0.0	0.0
546690	1.0	0.0	0.0	1.0	0.0	0.0	0.0
546691	1.0	0.0	0.0	1.0	0.0	0.0	0.0
546692	1.0	0.0	0.0	1.0	0.0	0.0	0.0
546693	1.0	0.0	0.0	1.0	0.0	0.0	0.0
546694	1.0	0.0	0.0	1.0	0.0	0.0	0.0
546695	1.0	0.0	0.0	1.0	0.0	0.0	0.0
546696	1.0	0.0	0.0	1.0	0.0	0.0	0.0
546697	1.0	0.0	0.0	1.0	0.0	0.0	0.0
546698	1.0	0.0	0.0	1.0	0.0	0.0	0.0
546699	1.0	0.0	0.0	1.0	0.0	0.0	0.0
546700	1.0	0.0	0.0	1.0	0.0	0.0	0.0
546701	1.0	0.0	0.0	1.0	0.0	0.0	0.0
546702	1.0	0.0	0.0	1.0	0.0	0.0	0.0
546703	1.0	0.0	0.0	1.0	0.0	0.0	0.0
546704	1.0	0.0	0.0	1.0	0.0	0.0	0.0
546705	1.0	0.0	0.0	1.0	0.0	0.0	0.0
546706	1.0	0.0	0.0	1.0	0.0	0.0	0.0
546707	1.0	0.0	0.0	1.0	0.0	0.0	0.0
546708	1.0	0.0	0.0	1.0	0.0	0.0	0.0
546709	1.0	0.0	0.0	1.0	0.0	0.0	0.0
546710	1.0	0.0	0.0	1.0	0.0	0.0	0.0
546711	1.0	0.0	0.0	1.0	0.0	0.0	0.0
546712	1.0	0.0	0.0	1.0	0.0	0.0	0.0
546713	1.0	0.0	0.0	1.0	0.0	0.0	0.0
546714	1.0	0.0	0.0	1.0	0.0	0.0	0.0
546715	1.0	0.0	0.0	1.0	0.0	0.0	0.0
546716	1.0	0.0	0.0	1.0	0.0	0.0	0.0
546717	1.0	0.0	0.0	1.0	0.0	0.0	0.0
546718	1.0	0.0	0.0	1.0	0.0	0.0	0.0
546719	1.0	0.0	0.0	1.0	0.0	0.0	0.0
546720	1.0	0.0	0.0	1.0	0.0	0.0	0.0
546721	1.0	0.0	0.0	1.0	0.0	0.0	0.0
546722	1.0	0.0	0.0	1.0	0.0	0.0	0.0
546723	1.0	0.0	0.0	1.0	0.0	0.0	0.0
546725	1.0	0.0	0.0	1.0	0.0	0.0	0.0
546726	1.0	0.0	0.0	1.0	0.0	0.0	0.0
546727	1.0	0.0	0.0	1.0	0.0	0.0	0.0
546728	1.0	0.0	0.0	1.0	0.0	0.0	0.0
546729	1.0	0.0	0.0	1.0	0.0	0.0	0.0
532089	1.0	0.0	0.0	1.0	0.0	0.0	0.0
532090	1.0	0.0	0.0	1.0	0.0	0.0	0.0
532091	1.0	0.0	0.0	1.0	0.0	0.0	0.0
764245	1.0	0.0	0.0	1.0	0.0	0.0	0.0
764246	1.0	0.0	0.0	1.0	0.0	0.0	0.0
764247	1.0	0.0	0.0	1.0	0.0	0.0	0.0
764248	1.0	0.0	0.0	1.0	0.0	0.0	0.0
764249	1.0	0.0	0.0	1.0	0.0	0.0	0.0
764250	1.0	0.0	0.0	1.0	0.0	0.0	0.0
764251	1.0	0.0	0.0	1.0	0.0	0.0	0.0
764252	1.0	0.0	0.0	1.0	0.0	0.0	0.0
764253	1.0	0.0	0.0	1.0	0.0	0.0	0.0
764254	1.0	0.0	0.0	1.0	0.0	0.0	0.0
764255	1.0	0.0	0.0	1.0	0.0	0.0	0.0
764256	0.0	0.0	0.0	1.0	0.0	0.0	0.0
764257	1.0	0.0	0.0	1.0	0.0	0.0	0.0
764258	1.0	0.0	0.0	1.0	0.0	0.0	0.0
764259	1.0	0.0	0.0	1.0	0.0	0.0	0.0
764260	1.0	0.0	0.0	1.0	0.0	0.0	0.0
764261	1.0	0.0	0.0	1.0	0.0	0.0	0.0
764262	1.0	0.0	0.0	1.0	0.0	0.0	0.0
764263	1.0	0.0	0.0	1.0	0.0	0.0	0.0
764264	1.0	0.0	0.0	1.0	0.0	0.0	0.0
764265	1.0	0.0	0.0	1.0	0.0	0.0	0.0
611726	0.0	0.0	0.0	1.0	0.0	0.0	0.0
611727	0.0	0.0	0.0	1.0	0.0	0.0	0.0
611728	0.0	0.0	0.0	1.0	0.0	0.0	0.0
611729	0.0	0.0	0.0	1.0	0.0	0.0	0.0
611730	0.0	0.0	0.0	1.0	0.0	0.0	0.0
611731	0.0	0.0	0.0	1.0	0.0	0.0	0.0
611732	0.0	0.0	0.0	1.0	0.0	0.0	0.0
611733	0.0	0.0	0.0	1.0	0.0	0.0	0.0
611734	0.0	0.0	0.0	1.0	0.0	0.0	0.0
611735	0.0	0.0	0.0	1.0	0.0	0.0	0.0
611736	0.0	0.0	0.0	1.0	0.0	0.0	0.0
611737	0.0	0.0	0.0	1.0	0.0	0.0	0.0
611738	0.0	0.0	0.0	1.0	0.0	0.0	0.0
611739	0.0	0.0	0.0	1.0	0.0	0.0	0.0
611740	0.0	0.0	0.0	1.0	0.0	0.0	0.0
611741	0.0	0.0	0.0	1.0	0.0	0.0	0.0
611742	0.0	0.0	0.0	1.0	0.0	0.0	0.0
611743	0.0	0.0	0.0	1.0	0.0	0.0	0.0
611744	0.0	0.0	0.0	1.0	0.0	0.0	0.0
611745	0.0	0.0	0.0	1.0	0.0	0.0	0.0
611746	0.0	0.0	0.0	1.0	0.0	0.0	0.0
611747	0.0	0.0	0.0	1.0	0.0	0.0	0.0
611748	0.0	0.0	0.0	1.0	0.0	0.0	0.0
611749	0.0	0.0	0.0	1.0	0.0	0.0	0.0
611750	0.0	0.0	0.0	1.0	0.0	0.0	0.0
611751	0.0	0.0	0.0	1.0	0.0	0.0	0.0
611752	0.0	0.0	0.0	1.0	0.0	0.0	0.0
611753	0.0	0.0	0.0	1.0	0.0	0.0	0.0
611754	0.0	0.0	0.0	1.0	0.0	0.0	0.0
611755	0.0	0.0	0.0	1.0	0.0	0.0	0.0
611756	0.0	0.0	0.0	1.0	0.0	0.0	0.0
611757	0.0	0.0	0.0	1.0	0.0	0.0	0.0
611758	0.0	0.0	0.0	1.0	0.0	0.0	0.0
611759	0.0	0.0	0.0	1.0	0.0	0.0	0.0
611760	0.0	0.0	0.0	1.0	0.0	0.0	0.0
611761	0.0	0.0	0.0	1.0	0.0	0.0	0.0
611762	0.0	0.0	0.0	1.0	0.0	0.0	0.0
611763	0.0	0.0	0.0	1.0	0.0	0.0	0.0
611764	0.0	0.0	0.0	1.0	0.0	0.0	0.0
741959	1.0	0.0	0.0	1.0	0.0	0.0	0.0
741960	1.0	0.0	0.0	1.0	0.0	0.0	0.0
537508	1.0	0.0	0.0	1.0	0.0	0.0	0.0
537509	1.0	0.0	0.0	1.0	0.0	0.0	0.0
537510	1.0	0.0	0.0	1.0	0.0	0.0	0.0
537511	1.0	0.0	0.0	1.0	0.0	0.0	0.0
537512	1.0	0.0	0.0	1.0	0.0	0.0	0.0
537513	1.0	0.0	0.0	1.0	0.0	0.0	0.0
537514	1.0	0.0	0.0	1.0	0.0	0.0	0.0
537515	1.0	0.0	0.0	1.0	0.0	0.0	0.0
537516	1.0	0.0	0.0	1.0	0.0	0.0	0.0
537517	1.0	0.0	0.0	1.0	0.0	0.0	0.0
537518	1.0	0.0	0.0	1.0	0.0	0.0	0.0
537519	1.0	0.0	0.0	1.0	0.0	0.0	0.0
537520	1.0	0.0	0.0	1.0	0.0	0.0	0.0
537521	1.0	0.0	0.0	1.0	0.0	0.0	0.0
537522	1.0	0.0	0.0	1.0	0.0	0.0	0.0
537523	1.0	0.0	0.0	1.0	0.0	0.0	0.0
537524	1.0	0.0	0.0	1.0	0.0	0.0	0.0
537525	1.0	0.0	0.0	1.0	0.0	0.0	0.0
537526	1.0	0.0	0.0	1.0	0.0	0.0	0.0
537527	1.0	0.0	0.0	1.0	0.0	0.0	0.0
537528	1.0	0.0	0.0	1.0	0.0	0.0	0.0
537529	1.0	0.0	0.0	1.0	0.0	0.0	0.0
537530	1.0	0.0	0.0	1.0	0.0	0.0	0.0
537531	1.0	0.0	0.0	1.0	0.0	0.0	0.0
537532	0.0	0.0	0.0	1.0	0.0	0.0	0.0
537533	1.0	0.0	0.0	1.0	0.0	0.0	0.0
537534	1.0	0.0	0.0	1.0	0.0	0.0	0.0
537535	1.0	0.0	0.0	1.0	0.0	0.0	0.0
537536	1.0	0.0	0.0	1.0	0.0	0.0	0.0
537537	1.0	0.0	0.0	1.0	0.0	0.0	0.0
537538	1.0	0.0	0.0	1.0	0.0	0.0	0.0
537539	1.0	0.0	0.0	1.0	0.0	0.0	0.0
537540	1.0	0.0	0.0	1.0	0.0	0.0	0.0
537541	1.0	0.0	0.0	1.0	0.0	0.0	0.0
537542	1.0	0.0	0.0	1.0	0.0	0.0	0.0
537593	1.0	0.0	0.0	1.0	0.0	0.0	0.0
537543	1.0	0.0	0.0	1.0	0.0	0.0	0.0
537544	1.0	0.0	0.0	1.0	0.0	0.0	0.0
537545	1.0	0.0	0.0	1.0	0.0	0.0	0.0
537546	1.0	0.0	0.0	1.0	0.0	0.0	0.0
537547	1.0	0.0	0.0	1.0	0.0	0.0	0.0
537548	1.0	0.0	0.0	1.0	0.0	0.0	0.0
537549	1.0	0.0	0.0	1.0	0.0	0.0	0.0
537550	1.0	0.0	0.0	1.0	0.0	0.0	0.0
537551	1.0	0.0	0.0	1.0	0.0	0.0	0.0
537552	1.0	0.0	0.0	1.0	0.0	0.0	0.0
537553	1.0	0.0	0.0	1.0	0.0	0.0	0.0
537554	1.0	0.0	0.0	1.0	0.0	0.0	0.0
537555	1.0	0.0	0.0	1.0	0.0	0.0	0.0
537556	1.0	0.0	0.0	1.0	0.0	0.0	0.0
537557	1.0	0.0	0.0	1.0	0.0	0.0	0.0
537558	1.0	0.0	0.0	1.0	0.0	0.0	0.0
537559	1.0	0.0	0.0	1.0	0.0	0.0	0.0
537560	1.0	0.0	0.0	1.0	0.0	0.0	0.0
537561	1.0	0.0	0.0	1.0	0.0	0.0	0.0
537562	1.0	0.0	0.0	1.0	0.0	0.0	0.0
537563	1.0	0.0	0.0	1.0	0.0	0.0	0.0
537564	1.0	0.0	0.0	1.0	0.0	0.0	0.0
537565	1.0	0.0	0.0	1.0	0.0	0.0	0.0
537566	1.0	0.0	0.0	1.0	0.0	0.0	0.0
537567	1.0	0.0	0.0	1.0	0.0	0.0	0.0
537568	1.0	0.0	0.0	1.0	0.0	0.0	0.0
537569	1.0	0.0	0.0	1.0	0.0	0.0	0.0
537570	1.0	0.0	0.0	1.0	0.0	0.0	0.0
537571	1.0	0.0	0.0	1.0	0.0	0.0	0.0
537572	1.0	0.0	0.0	1.0	0.0	0.0	0.0
537573	1.0	0.0	0.0	1.0	0.0	0.0	0.0
537574	1.0	0.0	0.0	1.0	0.0	0.0	0.0
537575	1.0	0.0	0.0	1.0	0.0	0.0	0.0
537576	1.0	0.0	0.0	1.0	0.0	0.0	0.0
537577	1.0	0.0	0.0	1.0	0.0	0.0	0.0
537578	1.0	0.0	0.0	1.0	0.0	0.0	0.0
537579	1.0	0.0	0.0	1.0	0.0	0.0	0.0
537580	1.0	0.0	0.0	1.0	0.0	0.0	0.0
537581	1.0	0.0	0.0	1.0	0.0	0.0	0.0
537582	1.0	0.0	0.0	1.0	0.0	0.0	0.0
537583	1.0	0.0	0.0	1.0	0.0	0.0	0.0
537584	1.0	0.0	0.0	1.0	0.0	0.0	0.0
537585	1.0	0.0	0.0	1.0	0.0	0.0	0.0
537586	1.0	0.0	0.0	1.0	0.0	0.0	0.0
537587	1.0	0.0	0.0	1.0	0.0	0.0	0.0
537588	1.0	0.0	0.0	1.0	0.0	0.0	0.0
537589	1.0	0.0	0.0	1.0	0.0	0.0	0.0
537590	1.0	0.0	0.0	1.0	0.0	0.0	0.0
537591	1.0	0.0	0.0	1.0	0.0	0.0	0.0
537592	1.0	0.0	0.0	1.0	0.0	0.0	0.0
864561	1.0	0.0	0.0	1.0	0.0	0.0	0.0
1523262	0.0	0.0	0.0	1.0	0.0	0.0	0.0
1523263	0.0	0.0	0.0	1.0	0.0	0.0	0.0
1523264	0.0	0.0	0.0	1.0	0.0	0.0	0.0
1523265	0.0	0.0	0.0	1.0	0.0	0.0	0.0
1523266	0.0	0.0	0.0	1.0	0.0	0.0	0.0
1523267	0.0	0.0	0.0	1.0	0.0	0.0	0.0
1523268	0.0	0.0	0.0	1.0	0.0	0.0	0.0
1523269	0.0	0.0	0.0	1.0	0.0	0.0	0.0
1523270	0.0	0.0	0.0	1.0	0.0	0.0	0.0
1523271	0.0	0.0	0.0	1.0	0.0	0.0	0.0
1523272	0.0	0.0	0.0	1.0	0.0	0.0	0.0
1523273	0.0	0.0	0.0	1.0	0.0	0.0	0.0
1523274	0.0	0.0	0.0	1.0	0.0	0.0	0.0
1523275	0.0	0.0	0.0	1.0	0.0	0.0	0.0
1523276	0.0	0.0	0.0	1.0	0.0	0.0	0.0
1523277	0.0	0.0	0.0	1.0	0.0	0.0	0.0
1523278	0.0	0.0	0.0	1.0	0.0	0.0	0.0
1523279	0.0	0.0	0.0	1.0	0.0	0.0	0.0
1523280	0.0	0.0	0.0	1.0	0.0	0.0	0.0
1523281	0.0	0.0	0.0	1.0	0.0	0.0	0.0
1523282	0.0	0.0	0.0	1.0	0.0	0.0	0.0
1523283	0.0	0.0	0.0	1.0	0.0	0.0	0.0
1523284	0.0	0.0	0.0	1.0	0.0	0.0	0.0
1523285	0.0	0.0	0.0	1.0	0.0	0.0	0.0
1523286	0.0	0.0	0.0	1.0	0.0	0.0	0.0
1523287	0.0	0.0	0.0	1.0	0.0	0.0	0.0
1523288	0.0	0.0	0.0	1.0	0.0	0.0	0.0
1523289	0.0	0.0	0.0	1.0	0.0	0.0	0.0
1523290	0.0	0.0	0.0	1.0	0.0	0.0	0.0
1523291	0.0	0.0	0.0	1.0	0.0	0.0	0.0
1523292	0.0	0.0	0.0	1.0	0.0	0.0	0.0
532092	1.0	0.0	0.0	1.0	0.0	0.0	0.0
532093	1.0	0.0	0.0	1.0	0.0	0.0	0.0
532094	1.0	0.0	0.0	1.0	0.0	0.0	0.0
532095	1.0	0.0	0.0	1.0	0.0	0.0	0.0
532096	1.0	0.0	0.0	1.0	0.0	0.0	0.0
532097	1.0	0.0	0.0	1.0	0.0	0.0	0.0
532098	1.0	0.0	0.0	1.0	0.0	0.0	0.0
532099	1.0	0.0	0.0	1.0	0.0	0.0	0.0
532100	1.0	0.0	0.0	1.0	0.0	0.0	0.0
532101	1.0	0.0	0.0	1.0	0.0	0.0	0.0
532102	1.0	0.0	0.0	1.0	0.0	0.0	0.0
630715	1.0	0.0	0.0	1.0	0.0	0.0	0.0
630716	1.0	0.0	0.0	1.0	0.0	0.0	0.0
630717	1.0	0.0	0.0	1.0	0.0	0.0	0.0
630718	1.0	0.0	0.0	1.0	0.0	0.0	0.0
630719	1.0	0.0	0.0	1.0	0.0	0.0	0.0
630720	1.0	0.0	0.0	1.0	0.0	0.0	0.0
169066	1.0	0.0	0.0	1.0	0.0	0.0	0.0
167323	1.0	0.0	0.0	1.0	0.0	0.0	0.0
481493	0.0	0.0	0.0	1.0	0.0	0.0	0.0
481494	0.0	0.0	0.0	1.0	0.0	0.0	0.0
481495	0.0	0.0	0.0	1.0	0.0	0.0	0.0
481497	0.0	0.0	0.0	1.0	0.0	0.0	0.0
647366	0.0	0.0	0.0	1.0	0.0	0.0	0.0
481498	0.0	0.0	0.0	1.0	0.0	0.0	0.0
647367	0.0	0.0	0.0	1.0	0.0	0.0	0.0
481502	1.0	0.0	0.0	1.0	0.0	0.0	0.0
481503	0.0	0.0	0.0	1.0	0.0	0.0	0.0
481504	0.0	0.0	0.0	1.0	0.0	0.0	0.0
481505	0.0	0.0	0.0	1.0	0.0	0.0	0.0
481506	0.0	0.0	0.0	1.0	0.0	0.0	0.0
647368	0.0	0.0	0.0	1.0	0.0	0.0	0.0
647369	0.0	0.0	0.0	1.0	0.0	0.0	0.0
647370	0.0	0.0	0.0	1.0	0.0	0.0	0.0
481507	0.0	0.0	0.0	1.0	0.0	0.0	0.0
481508	0.0	0.0	0.0	1.0	0.0	0.0	0.0
481510	0.0	0.0	0.0	1.0	0.0	0.0	0.0
481511	0.0	0.0	0.0	1.0	0.0	0.0	0.0
481513	0.0	0.0	0.0	1.0	0.0	0.0	0.0
647371	0.0	0.0	0.0	1.0	0.0	0.0	0.0
1523293	0.0	0.0	0.0	1.0	0.0	0.0	0.0
1523294	0.0	0.0	0.0	1.0	0.0	0.0	0.0
647372	0.0	0.0	0.0	1.0	0.0	0.0	0.0
647373	0.0	0.0	0.0	1.0	0.0	0.0	0.0
647374	0.0	0.0	0.0	1.0	0.0	0.0	0.0
481515	0.0	0.0	0.0	1.0	0.0	0.0	0.0
481516	0.0	0.0	0.0	1.0	0.0	0.0	0.0
481517	0.0	0.0	0.0	1.0	0.0	0.0	0.0
741961	1.0	0.0	0.0	1.0	0.0	0.0	0.0
741962	1.0	0.0	0.0	1.0	0.0	0.0	0.0
1906931	1.0	0.0	0.0	1.0	0.0	0.0	0.0
295016	1.0	0.0	0.0	0.0	0.0	0.0	0.0
348136	1.0	0.0	0.0	1.0	0.0	0.0	0.0
1548189	1.0	0.0	0.0	1.0	0.0	0.0	0.0
1595998	1.0	1.0	0.0	1.0	0.0	0.0	0.0
318279	1.0	1.0	0.0	1.0	0.0	0.0	0.0
67605	1.0	0.0	1.0	1.0	0.0	0.0	0.0
3014888	1.0	0.0	0.0	0.0	0.0	0.0	0.0
1714296	1.0	0.0	0.0	1.0	0.0	0.0	0.0
1714297	1.0	0.0	0.0	1.0	0.0	0.0	0.0
1714298	1.0	0.0	0.0	1.0	0.0	0.0	0.0
1930509	1.0	1.0	0.0	1.0	0.0	0.0	0.0
2219048	0.0	0.0	0.0	1.0	0.0	0.0	0.0
2778245	0.0	0.0	0.0	1.0	0.0	0.0	0.0
2778247	0.0	0.0	0.0	1.0	0.0	0.0	0.0
2778246	0.0	0.0	0.0	1.0	0.0	0.0	0.0
2778248	0.0	0.0	0.0	1.0	0.0	0.0	0.0
2778249	0.0	0.0	0.0	1.0	0.0	0.0	0.0
2778250	0.0	0.0	0.0	1.0	0.0	0.0	0.0
2778251	0.0	0.0	0.0	1.0	0.0	0.0	0.0
2778252	0.0	0.0	0.0	1.0	0.0	0.0	0.0
2778253	0.0	0.0	0.0	1.0	0.0	0.0	0.0
10484	1.0	0.0	0.0	0.0	0.0	0.0	0.0
3047792	1.0	0.0	0.0	0.0	0.0	0.0	0.0
2845010	1.0	1.0	0.0	1.0	0.0	0.0	0.0
3060057	1.0	1.0	0.0	0.0	0.0	0.0	0.0
3432456	0.0	1.0	0.0	0.0	0.0	0.0	0.0
178534	0.0	0.0	0.0	1.0	0.0	0.0	0.0
3052263	0.0	1.0	0.0	1.0	0.0	0.0	0.0
430511	1.0	0.0	0.0	1.0	0.0	0.0	0.0
3241299	1.0	0.0	0.0	1.0	0.0	0.0	0.0
2572459	1.0	0.0	0.0	0.0	0.0	0.0	0.0
72149	1.0	1.0	0.0	1.0	1.0	1.0	1.0
194965	1.0	1.0	0.0	1.0	0.0	0.0	0.0
2094719	1.0	0.0	0.0	1.0	0.0	0.0	0.0
2497867	1.0	0.0	0.0	1.0	0.0	0.0	0.0
3427293	0.0	0.0	0.0	1.0	0.0	0.0	0.0
3431360	0.0	0.0	1.0	0.0	0.0	0.0	1.0
1244525	1.0	0.0	0.0	1.0	0.0	0.0	0.0
3431248	0.0	1.0	0.0	1.0	1.0	1.0	1.0
1978540	1.0	1.0	0.0	1.0	0.0	0.0	0.0
3050299	1.0	1.0	1.0	1.0	1.0	1.0	0.0
3050339	0.0	0.0	0.0	1.0	0.0	0.0	0.0
2169479	1.0	0.0	0.0	1.0	0.0	0.0	0.0
211977	0.0	0.0	1.0	0.0	1.0	1.0	0.0
90961	1.0	0.0	1.0	1.0	1.0	1.0	1.0
1072176	0.0	0.0	0.0	0.0	1.0	1.0	0.0
249584	0.0	0.0	0.0	0.0	1.0	1.0	0.0
38767	1.0	1.0	1.0	1.0	1.0	1.0	1.0
2951618	1.0	1.0	0.0	1.0	1.0	1.0	1.0
2951619	1.0	1.0	0.0	1.0	1.0	1.0	1.0
2956142	0.0	0.0	0.0	0.0	1.0	1.0	0.0
249583	1.0	0.0	1.0	0.0	1.0	1.0	1.0
237716	0.0	0.0	1.0	0.0	1.0	1.0	0.0
38766	1.0	0.0	1.0	1.0	1.0	1.0	0.0
12538	0.0	1.0	1.0	1.0	1.0	1.0	1.0
642022	1.0	1.0	0.0	1.0	0.0	0.0	0.0
11292	1.0	1.0	1.0	1.0	1.0	1.0	1.0
746543	0.0	0.0	1.0	0.0	1.0	1.0	0.0
3432454	0.0	1.0	0.0	1.0	1.0	0.0	1.0
3426305	1.0	0.0	0.0	1.0	1.0	1.0	1.0
3430629	1.0	1.0	0.0	1.0	1.0	1.0	1.0
3430637	1.0	0.0	0.0	1.0	0.0	0.0	0.0
3430642	1.0	0.0	0.0	1.0	0.0	0.0	0.0
3430625	1.0	0.0	0.0	0.0	0.0	0.0	0.0
3430631	1.0	1.0	0.0	1.0	1.0	1.0	1.0
3430630	1.0	0.0	0.0	1.0	1.0	1.0	1.0
3430641	1.0	1.0	0.0	1.0	1.0	1.0	1.0
1912147	1.0	0.0	0.0	1.0	0.0	0.0	0.0
3422298	1.0	1.0	0.0	1.0	0.0	0.0	1.0
3052299	0.0	0.0	0.0	1.0	1.0	1.0	1.0
3052300	0.0	1.0	0.0	1.0	0.0	0.0	1.0
3052302	1.0	1.0	0.0	1.0	1.0	1.0	1.0
3052303	1.0	1.0	1.0	1.0	1.0	1.0	1.0
3052305	0.0	0.0	0.0	1.0	1.0	1.0	0.0
3052307	1.0	1.0	0.0	1.0	1.0	1.0	1.0
2169991	1.0	1.0	1.0	1.0	1.0	1.0	1.0
3052310	1.0	1.0	1.0	1.0	1.0	1.0	1.0
3052314	0.0	1.0	0.0	1.0	1.0	1.0	1.0
3052317	0.0	1.0	1.0	1.0	1.0	1.0	1.0
3052325	0.0	0.0	0.0	0.0	0.0	0.0	1.0
3052328	0.0	0.0	0.0	1.0	1.0	1.0	0.0
3052329	0.0	0.0	0.0	1.0	0.0	0.0	0.0
3052331	0.0	0.0	0.0	1.0	1.0	1.0	1.0
3052330	0.0	0.0	0.0	0.0	0.0	0.0	1.0
2716315	0.0	0.0	0.0	1.0	0.0	0.0	0.0
3427294	1.0	0.0	0.0	1.0	0.0	0.0	0.0
2050578	1.0	0.0	0.0	1.0	0.0	0.0	0.0
3051374	0.0	1.0	0.0	1.0	0.0	0.0	0.0
3051373	0.0	1.0	0.0	1.0	0.0	0.0	0.0
3051368	0.0	1.0	0.0	1.0	0.0	0.0	0.0
3047384	0.0	0.0	0.0	0.0	0.0	0.0	1.0
3048148	1.0	1.0	1.0	1.0	1.0	1.0	1.0
943084	0.0	1.0	0.0	1.0	0.0	0.0	0.0
3426307	1.0	0.0	0.0	1.0	0.0	0.0	0.0
3433633	1.0	1.0	1.0	1.0	1.0	1.0	1.0
3703027	1.0	0.0	0.0	1.0	0.0	0.0	0.0
3430922	1.0	1.0	1.0	1.0	1.0	1.0	0.0
3431483	1.0	1.0	1.0	1.0	1.0	1.0	0.0
2259728	1.0	0.0	1.0	1.0	0.0	0.0	0.0
3052342	1.0	0.0	0.0	1.0	1.0	1.0	1.0
3052343	1.0	0.0	0.0	1.0	0.0	0.0	0.0
3052345	1.0	1.0	1.0	1.0	1.0	1.0	1.0
3426308	0.0	1.0	0.0	1.0	1.0	1.0	1.0
3427295	1.0	0.0	0.0	1.0	0.0	0.0	0.0
3426309	0.0	0.0	0.0	1.0	1.0	1.0	1.0
334203	1.0	1.0	0.0	1.0	1.0	1.0	0.0
334204	1.0	1.0	0.0	1.0	1.0	1.0	0.0
1961783	1.0	1.0	0.0	1.0	0.0	0.0	0.0
3428959	1.0	1.0	0.0	1.0	0.0	0.0	0.0
99182	1.0	1.0	0.0	1.0	0.0	0.0	0.0
1231709	1.0	1.0	0.0	1.0	0.0	0.0	0.0
1780507	0.0	1.0	0.0	0.0	0.0	0.0	0.0
1170423	1.0	0.0	0.0	1.0	0.0	0.0	0.0
3426310	0.0	0.0	0.0	1.0	0.0	0.0	1.0
3431496	1.0	0.0	0.0	1.0	1.0	1.0	1.0
2713662	0.0	1.0	0.0	0.0	0.0	0.0	0.0
1955166	1.0	0.0	0.0	0.0	0.0	0.0	0.0
659265	0.0	0.0	0.0	1.0	0.0	0.0	0.0
1938392	1.0	0.0	0.0	1.0	0.0	0.0	0.0
3431196	1.0	1.0	1.0	1.0	1.0	1.0	1.0
2219998	1.0	0.0	0.0	1.0	0.0	0.0	0.0
334205	1.0	1.0	0.0	1.0	1.0	1.0	0.0
2025360	1.0	1.0	0.0	1.0	0.0	0.0	0.0
2364099	1.0	0.0	0.0	1.0	0.0	0.0	0.0
3431389	1.0	1.0	1.0	1.0	1.0	1.0	0.0
3051377	0.0	1.0	0.0	1.0	0.0	0.0	0.0
3051375	1.0	0.0	0.0	1.0	1.0	1.0	1.0
1714619	1.0	0.0	0.0	1.0	1.0	1.0	1.0
1897087	1.0	0.0	0.0	1.0	1.0	1.0	1.0
3060463	0.0	1.0	0.0	0.0	0.0	0.0	0.0
3052370	0.0	0.0	0.0	1.0	0.0	0.0	0.0
3052371	0.0	0.0	1.0	1.0	0.0	0.0	0.0
3052381	0.0	1.0	1.0	1.0	1.0	1.0	1.0
3052384	1.0	1.0	0.0	1.0	1.0	1.0	1.0
3052385	1.0	0.0	1.0	1.0	0.0	0.0	1.0
3052387	0.0	1.0	0.0	1.0	1.0	1.0	1.0
3052388	1.0	0.0	0.0	0.0	0.0	0.0	0.0
3052389	0.0	1.0	0.0	1.0	1.0	1.0	1.0
1933176	0.0	0.0	0.0	1.0	0.0	0.0	0.0
3052390	0.0	0.0	0.0	1.0	1.0	1.0	1.0
1402035	1.0	0.0	0.0	1.0	0.0	0.0	0.0
3052393	0.0	0.0	0.0	1.0	0.0	0.0	0.0
3052394	0.0	0.0	0.0	1.0	0.0	0.0	0.0
3052396	0.0	1.0	0.0	1.0	1.0	1.0	1.0
3052397	1.0	1.0	0.0	1.0	1.0	1.0	1.0
1933180	0.0	0.0	0.0	1.0	1.0	1.0	0.0
3052399	0.0	1.0	0.0	1.0	0.0	0.0	0.0
3052400	0.0	0.0	0.0	1.0	0.0	0.0	0.0
3052401	0.0	0.0	0.0	1.0	0.0	0.0	1.0
3052402	0.0	0.0	0.0	1.0	0.0	0.0	1.0
3052404	0.0	0.0	0.0	1.0	0.0	0.0	0.0
3052406	0.0	1.0	0.0	1.0	0.0	0.0	0.0
3052407	0.0	1.0	1.0	0.0	0.0	0.0	0.0
3052409	0.0	1.0	1.0	1.0	0.0	0.0	1.0
3052412	0.0	1.0	0.0	0.0	0.0	0.0	0.0
3052413	0.0	1.0	0.0	1.0	1.0	1.0	1.0
3052414	0.0	0.0	0.0	1.0	0.0	0.0	0.0
3052416	0.0	0.0	0.0	1.0	0.0	0.0	0.0
3052418	0.0	0.0	0.0	1.0	1.0	1.0	1.0
3052420	0.0	1.0	0.0	1.0	0.0	0.0	0.0
3052421	0.0	0.0	0.0	1.0	0.0	0.0	0.0
3052424	0.0	0.0	0.0	1.0	0.0	0.0	0.0
3052426	0.0	0.0	0.0	1.0	1.0	1.0	1.0
3060496	0.0	0.0	0.0	1.0	0.0	0.0	0.0
3052428	0.0	0.0	0.0	1.0	1.0	1.0	1.0
3052429	1.0	1.0	1.0	1.0	1.0	1.0	1.0
3052431	0.0	0.0	0.0	1.0	0.0	0.0	1.0
3052437	0.0	0.0	0.0	1.0	1.0	1.0	0.0
3052439	0.0	1.0	0.0	1.0	0.0	0.0	0.0
3052440	0.0	0.0	0.0	1.0	1.0	1.0	1.0
2219997	1.0	0.0	0.0	1.0	0.0	0.0	0.0
3052444	0.0	0.0	0.0	1.0	1.0	1.0	1.0
3052445	0.0	0.0	0.0	1.0	0.0	0.0	0.0
3052446	0.0	1.0	0.0	1.0	0.0	0.0	0.0
3052452	0.0	0.0	0.0	1.0	0.0	0.0	0.0
3052456	0.0	0.0	0.0	1.0	1.0	1.0	1.0
3060503	0.0	0.0	0.0	0.0	0.0	0.0	1.0
3052457	0.0	0.0	0.0	1.0	0.0	0.0	0.0
3052458	1.0	1.0	0.0	1.0	1.0	1.0	1.0
3052459	1.0	1.0	0.0	1.0	1.0	1.0	1.0
3052460	1.0	1.0	0.0	1.0	1.0	1.0	1.0
3052461	1.0	1.0	0.0	1.0	1.0	1.0	1.0
3052462	1.0	1.0	0.0	1.0	1.0	1.0	1.0
3047370	0.0	0.0	0.0	1.0	0.0	0.0	0.0
3047375	0.0	0.0	0.0	1.0	1.0	1.0	1.0
3047385	0.0	0.0	0.0	1.0	1.0	1.0	1.0
3047395	0.0	1.0	0.0	1.0	1.0	1.0	1.0
3047696	0.0	0.0	0.0	1.0	1.0	1.0	0.0
3048300	0.0	1.0	0.0	1.0	1.0	1.0	1.0
3052463	0.0	1.0	0.0	1.0	1.0	1.0	1.0
3047790	0.0	0.0	0.0	1.0	0.0	0.0	0.0
3052464	1.0	1.0	1.0	1.0	1.0	1.0	1.0
3047817	0.0	0.0	0.0	1.0	0.0	0.0	1.0
3052465	1.0	1.0	1.0	1.0	1.0	1.0	1.0
3046277	1.0	1.0	1.0	1.0	1.0	1.0	1.0
3047837	0.0	1.0	0.0	1.0	0.0	0.0	1.0
3052466	1.0	1.0	0.0	1.0	1.0	1.0	1.0
3048158	1.0	1.0	1.0	1.0	1.0	1.0	1.0
3048165	0.0	1.0	0.0	1.0	0.0	0.0	0.0
3052467	0.0	0.0	0.0	1.0	0.0	0.0	0.0
3048168	0.0	1.0	0.0	1.0	1.0	1.0	1.0
3048169	0.0	0.0	0.0	1.0	1.0	1.0	0.0
3048170	1.0	1.0	1.0	1.0	1.0	1.0	1.0
3048175	0.0	1.0	0.0	1.0	1.0	1.0	1.0
3052468	1.0	1.0	1.0	1.0	0.0	1.0	1.0
3048184	0.0	1.0	0.0	1.0	1.0	1.0	1.0
3048198	0.0	1.0	0.0	1.0	0.0	0.0	0.0
3048205	0.0	1.0	0.0	1.0	0.0	0.0	0.0
3048206	0.0	0.0	0.0	1.0	0.0	0.0	0.0
3048215	1.0	1.0	1.0	1.0	1.0	1.0	1.0
3048448	1.0	1.0	1.0	1.0	1.0	1.0	1.0
3048225	0.0	1.0	0.0	1.0	1.0	1.0	1.0
3048233	1.0	1.0	1.0	1.0	1.0	1.0	1.0
3048287	1.0	1.0	1.0	1.0	1.0	1.0	1.0
3048305	0.0	1.0	0.0	1.0	0.0	0.0	0.0
3048308	0.0	1.0	0.0	1.0	0.0	0.0	0.0
3048314	0.0	1.0	0.0	1.0	0.0	0.0	0.0
3048316	0.0	0.0	0.0	1.0	1.0	1.0	0.0
3048360	1.0	0.0	0.0	1.0	1.0	1.0	1.0
3048439	0.0	0.0	0.0	1.0	0.0	0.0	0.0
3048440	0.0	0.0	0.0	1.0	0.0	0.0	1.0
3048443	1.0	1.0	0.0	1.0	0.0	0.0	1.0
3048447	1.0	1.0	0.0	1.0	1.0	1.0	1.0
3048459	1.0	1.0	1.0	1.0	1.0	1.0	1.0
1980456	1.0	0.0	0.0	1.0	1.0	1.0	1.0
3052470	1.0	1.0	0.0	1.0	1.0	1.0	1.0
3052474	1.0	0.0	0.0	1.0	1.0	1.0	1.0
3052477	1.0	0.0	1.0	1.0	1.0	1.0	1.0
3052480	1.0	1.0	1.0	1.0	1.0	1.0	1.0
3431295	1.0	0.0	0.0	1.0	1.0	0.0	1.0
3052490	0.0	0.0	1.0	1.0	1.0	0.0	1.0
3052492	0.0	0.0	0.0	1.0	0.0	0.0	0.0
3052493	1.0	1.0	1.0	1.0	1.0	1.0	1.0
3052496	0.0	0.0	0.0	1.0	0.0	0.0	1.0
3052498	1.0	1.0	1.0	1.0	1.0	1.0	1.0
3052499	1.0	1.0	1.0	1.0	1.0	1.0	1.0
2022413	1.0	0.0	0.0	1.0	0.0	0.0	0.0
3052501	0.0	0.0	0.0	1.0	0.0	0.0	1.0
3052503	0.0	1.0	0.0	1.0	1.0	1.0	1.0
3052505	1.0	1.0	1.0	1.0	1.0	1.0	1.0
3052509	1.0	0.0	0.0	0.0	0.0	0.0	0.0
3052510	0.0	0.0	0.0	1.0	0.0	0.0	0.0
3052514	0.0	1.0	1.0	1.0	1.0	1.0	1.0
3052518	1.0	1.0	1.0	1.0	1.0	1.0	1.0
3052521	0.0	0.0	0.0	1.0	0.0	0.0	0.0
3052522	0.0	1.0	0.0	0.0	0.0	0.0	0.0
3052523	0.0	1.0	0.0	1.0	1.0	1.0	0.0
3052525	0.0	0.0	0.0	1.0	0.0	0.0	0.0
3052529	0.0	1.0	0.0	1.0	0.0	0.0	1.0
3052536	0.0	1.0	0.0	1.0	0.0	0.0	1.0
3052537	0.0	0.0	0.0	1.0	1.0	1.0	1.0
3052538	0.0	0.0	0.0	1.0	0.0	0.0	0.0
3060506	1.0	1.0	0.0	0.0	0.0	0.0	1.0
2956252	0.0	1.0	0.0	1.0	1.0	1.0	1.0
3050248	1.0	1.0	0.0	0.0	0.0	0.0	0.0
3049954	1.0	1.0	1.0	1.0	1.0	1.0	1.0
3050329	0.0	0.0	0.0	1.0	0.0	0.0	0.0
2200830	1.0	1.0	0.0	1.0	0.0	0.0	0.0
1631191	1.0	0.0	0.0	1.0	0.0	0.0	0.0
1631192	1.0	0.0	0.0	1.0	0.0	0.0	0.0
1914549	1.0	0.0	0.0	1.0	0.0	0.0	0.0
3052555	1.0	1.0	0.0	0.0	0.0	0.0	0.0
3052556	1.0	1.0	1.0	1.0	1.0	1.0	1.0
3052557	1.0	1.0	1.0	1.0	1.0	1.0	1.0
3052558	1.0	1.0	0.0	1.0	1.0	1.0	1.0
3052560	1.0	1.0	1.0	1.0	1.0	1.0	1.0
3052561	0.0	0.0	0.0	1.0	0.0	0.0	1.0
3431250	1.0	1.0	0.0	1.0	1.0	1.0	1.0
3431251	0.0	0.0	0.0	1.0	1.0	1.0	0.0
2231327	1.0	0.0	0.0	1.0	0.0	0.0	0.0
3052597	0.0	1.0	0.0	0.0	0.0	0.0	0.0
3052599	0.0	1.0	0.0	1.0	1.0	1.0	1.0
3052600	0.0	1.0	0.0	1.0	1.0	1.0	1.0
3052602	0.0	0.0	0.0	1.0	0.0	0.0	1.0
2560260	0.0	0.0	0.0	0.0	0.0	0.0	1.0
1803958	1.0	0.0	0.0	1.0	0.0	0.0	0.0
1803959	1.0	0.0	0.0	1.0	0.0	0.0	0.0
1803960	1.0	0.0	0.0	1.0	0.0	0.0	0.0
1803961	1.0	0.0	0.0	1.0	0.0	0.0	0.0
3431395	1.0	1.0	0.0	1.0	1.0	1.0	1.0
3431396	1.0	1.0	0.0	1.0	1.0	1.0	1.0
2516502	1.0	0.0	0.0	0.0	0.0	0.0	0.0
3431103	1.0	1.0	0.0	1.0	0.0	0.0	0.0
3431402	0.0	1.0	0.0	1.0	0.0	0.0	0.0
1678143	1.0	1.0	0.0	1.0	1.0	1.0	1.0
2497866	1.0	0.0	0.0	1.0	0.0	0.0	0.0
3052606	1.0	1.0	0.0	1.0	1.0	1.0	1.0
3052608	1.0	1.0	1.0	1.0	1.0	1.0	1.0
3052610	1.0	0.0	0.0	1.0	1.0	1.0	0.0
2498143	1.0	0.0	0.0	1.0	0.0	0.0	0.0
3432865	0.0	0.0	0.0	1.0	0.0	0.0	0.0
3052619	1.0	0.0	0.0	1.0	1.0	1.0	1.0
1177757	1.0	0.0	0.0	0.0	0.0	0.0	0.0
2734436	1.0	1.0	0.0	1.0	0.0	0.0	0.0
3052637	0.0	0.0	0.0	1.0	0.0	0.0	0.0
3052640	0.0	1.0	0.0	1.0	1.0	1.0	1.0
3052641	0.0	1.0	0.0	1.0	0.0	0.0	0.0
3052643	0.0	1.0	0.0	1.0	0.0	0.0	0.0
3052647	0.0	1.0	0.0	1.0	0.0	0.0	0.0
1032690	1.0	0.0	0.0	1.0	0.0	0.0	0.0
1032691	1.0	0.0	0.0	1.0	0.0	0.0	0.0
3052660	0.0	1.0	0.0	1.0	0.0	0.0	0.0
3052661	0.0	0.0	1.0	0.0	0.0	0.0	0.0
3052662	0.0	1.0	0.0	0.0	0.0	0.0	0.0
3052664	1.0	1.0	0.0	1.0	0.0	0.0	0.0
3052665	0.0	1.0	0.0	1.0	0.0	0.0	0.0
3052676	1.0	1.0	1.0	1.0	1.0	1.0	1.0
3052679	0.0	0.0	0.0	1.0	0.0	0.0	0.0
1848960	1.0	0.0	0.0	1.0	0.0	0.0	0.0
3052681	0.0	1.0	1.0	1.0	0.0	0.0	1.0
3052684	1.0	1.0	1.0	1.0	1.0	1.0	1.0
3052686	1.0	1.0	1.0	1.0	0.0	0.0	1.0
999535	1.0	0.0	0.0	1.0	0.0	0.0	0.0
3052690	0.0	1.0	0.0	0.0	0.0	0.0	0.0
1907787	1.0	0.0	0.0	1.0	0.0	0.0	0.0
1525177	0.0	0.0	0.0	1.0	0.0	0.0	0.0
1525178	0.0	0.0	0.0	1.0	0.0	0.0	0.0
1525179	0.0	0.0	0.0	1.0	0.0	0.0	0.0
1530251	0.0	0.0	0.0	1.0	0.0	0.0	0.0
664661	1.0	0.0	0.0	1.0	0.0	0.0	0.0
3426313	0.0	0.0	0.0	1.0	1.0	1.0	1.0
3241449	0.0	1.0	0.0	1.0	0.0	0.0	0.0
36362	1.0	0.0	0.0	1.0	0.0	0.0	0.0
46221	0.0	0.0	0.0	1.0	0.0	0.0	0.0
2517214	1.0	0.0	0.0	0.0	0.0	0.0	0.0
3428960	1.0	1.0	0.0	1.0	0.0	0.0	0.0
2845899	1.0	1.0	0.0	1.0	0.0	0.0	0.0
2845900	1.0	1.0	0.0	1.0	0.0	0.0	0.0
2081950	0.0	0.0	0.0	1.0	0.0	0.0	0.0
3428212	1.0	1.0	0.0	1.0	1.0	1.0	1.0
3428213	1.0	1.0	0.0	1.0	1.0	1.0	1.0
3428214	1.0	1.0	0.0	1.0	1.0	1.0	1.0
3052713	0.0	1.0	0.0	0.0	0.0	0.0	0.0
3052714	1.0	1.0	0.0	1.0	0.0	0.0	0.0
3052716	1.0	1.0	0.0	1.0	0.0	0.0	0.0
3052717	1.0	1.0	0.0	0.0	0.0	0.0	0.0
3431390	1.0	0.0	0.0	1.0	1.0	1.0	0.0
1459003	1.0	1.0	0.0	1.0	0.0	0.0	0.0
688436	0.0	1.0	0.0	1.0	1.0	1.0	0.0
2506584	0.0	0.0	0.0	1.0	0.0	0.0	0.0
1042528	1.0	0.0	0.0	1.0	0.0	0.0	0.0
3432145	0.0	1.0	0.0	1.0	0.0	0.0	0.0
1203029	1.0	0.0	0.0	1.0	0.0	0.0	0.0
2219046	0.0	0.0	0.0	1.0	0.0	0.0	0.0
2809802	0.0	0.0	0.0	1.0	0.0	0.0	0.0
10891	1.0	0.0	0.0	1.0	0.0	0.0	0.0
3049952	1.0	1.0	1.0	1.0	1.0	1.0	1.0
3049953	1.0	1.0	1.0	1.0	1.0	1.0	1.0
3050300	1.0	1.0	1.0	1.0	1.0	1.0	0.0
3428501	1.0	1.0	1.0	1.0	1.0	1.0	1.0
3428503	1.0	1.0	1.0	1.0	1.0	1.0	1.0
3428504	1.0	1.0	1.0	1.0	1.0	1.0	1.0
3426311	0.0	0.0	0.0	1.0	0.0	0.0	1.0
1678145	1.0	0.0	0.0	1.0	0.0	0.0	1.0
3432189	1.0	1.0	1.0	1.0	0.0	0.0	0.0
3050296	1.0	1.0	0.0	1.0	0.0	0.0	0.0
3050297	1.0	1.0	0.0	1.0	0.0	0.0	0.0
3050298	1.0	1.0	1.0	1.0	1.0	1.0	0.0
3426314	1.0	1.0	1.0	1.0	1.0	1.0	1.0
3432193	1.0	1.0	1.0	1.0	1.0	1.0	1.0
3432195	1.0	1.0	1.0	1.0	1.0	1.0	1.0
3432203	1.0	1.0	1.0	1.0	1.0	1.0	1.0
3432194	0.0	1.0	0.0	1.0	1.0	1.0	1.0
862167	0.0	0.0	0.0	1.0	0.0	0.0	0.0
862168	0.0	0.0	0.0	1.0	0.0	0.0	0.0
862169	0.0	0.0	0.0	1.0	0.0	0.0	0.0
862170	0.0	0.0	0.0	1.0	0.0	0.0	0.0
862171	0.0	0.0	0.0	1.0	0.0	0.0	0.0
862172	0.0	0.0	0.0	1.0	0.0	0.0	0.0
862173	0.0	0.0	0.0	1.0	0.0	0.0	0.0
862174	0.0	0.0	0.0	1.0	0.0	0.0	0.0
862175	0.0	0.0	0.0	1.0	0.0	0.0	0.0
862176	0.0	0.0	0.0	1.0	0.0	0.0	0.0
862177	0.0	0.0	0.0	1.0	0.0	0.0	0.0
862178	0.0	0.0	0.0	1.0	0.0	0.0	0.0
862179	0.0	0.0	0.0	1.0	0.0	0.0	0.0
862180	0.0	0.0	0.0	1.0	0.0	0.0	0.0
862181	0.0	0.0	0.0	1.0	0.0	0.0	0.0
862182	0.0	0.0	0.0	1.0	0.0	0.0	0.0
862183	0.0	0.0	0.0	1.0	0.0	0.0	0.0
864623	0.0	0.0	0.0	1.0	0.0	0.0	0.0
864624	0.0	0.0	0.0	1.0	0.0	0.0	0.0
10970	1.0	0.0	0.0	1.0	0.0	0.0	0.0
2846071	1.0	1.0	1.0	1.0	1.0	1.0	1.0
3432241	1.0	1.0	1.0	1.0	1.0	1.0	1.0
1330993	1.0	0.0	0.0	1.0	0.0	0.0	0.0
1547495	0.0	1.0	0.0	1.0	0.0	0.0	0.0
688450	1.0	0.0	0.0	1.0	0.0	0.0	0.0
688451	1.0	0.0	0.0	1.0	0.0	0.0	0.0
688452	1.0	0.0	0.0	1.0	0.0	0.0	0.0
688453	1.0	0.0	0.0	1.0	0.0	0.0	0.0
688454	1.0	0.0	0.0	1.0	0.0	0.0	0.0
688456	1.0	0.0	0.0	1.0	0.0	0.0	0.0
688457	1.0	0.0	0.0	1.0	0.0	0.0	0.0
688458	1.0	0.0	0.0	1.0	0.0	0.0	0.0
688459	1.0	0.0	0.0	1.0	0.0	0.0	0.0
688460	1.0	0.0	0.0	1.0	0.0	0.0	0.0
688461	1.0	0.0	0.0	1.0	0.0	0.0	0.0
688462	1.0	0.0	0.0	1.0	0.0	0.0	0.0
688463	1.0	0.0	0.0	1.0	0.0	0.0	0.0
2039694	1.0	0.0	0.0	1.0	0.0	0.0	0.0
688464	1.0	0.0	0.0	1.0	0.0	0.0	0.0
688465	1.0	0.0	0.0	1.0	0.0	0.0	0.0
688466	1.0	0.0	0.0	1.0	0.0	0.0	0.0
3052666	1.0	1.0	1.0	1.0	1.0	1.0	1.0
3432264	1.0	0.0	0.0	0.0	0.0	0.0	0.0
1899067	1.0	0.0	0.0	1.0	0.0	0.0	0.0
1899068	1.0	0.0	0.0	1.0	0.0	0.0	0.0
1899069	1.0	0.0	0.0	1.0	0.0	0.0	0.0
1899070	1.0	0.0	0.0	1.0	0.0	0.0	0.0
1899071	1.0	0.0	0.0	1.0	0.0	0.0	0.0
1899072	1.0	0.0	0.0	1.0	0.0	0.0	0.0
1899073	1.0	0.0	0.0	1.0	0.0	0.0	0.0
1899074	1.0	0.0	0.0	1.0	0.0	0.0	0.0
1899075	1.0	0.0	0.0	1.0	0.0	0.0	0.0
1899076	1.0	0.0	0.0	1.0	0.0	0.0	0.0
1899077	1.0	0.0	0.0	1.0	0.0	0.0	0.0
1899078	1.0	0.0	0.0	1.0	0.0	0.0	0.0
1899079	1.0	0.0	0.0	1.0	0.0	0.0	0.0
1899080	1.0	0.0	0.0	1.0	0.0	0.0	0.0
1899081	1.0	0.0	0.0	1.0	0.0	0.0	0.0
1899082	1.0	0.0	0.0	1.0	0.0	0.0	0.0
1899083	1.0	0.0	0.0	1.0	0.0	0.0	0.0
1899084	1.0	0.0	0.0	1.0	0.0	0.0	0.0
1899085	1.0	0.0	0.0	1.0	0.0	0.0	0.0
1899086	1.0	0.0	0.0	1.0	0.0	0.0	0.0
1906670	1.0	0.0	0.0	1.0	0.0	0.0	0.0
3432266	1.0	1.0	1.0	1.0	1.0	1.0	1.0
136966	1.0	0.0	0.0	1.0	0.0	0.0	0.0
3430671	1.0	1.0	0.0	1.0	0.0	0.0	0.0
3418604	1.0	1.0	1.0	1.0	1.0	1.0	1.0
2748958	1.0	1.0	1.0	1.0	1.0	1.0	1.0
11642	1.0	1.0	1.0	1.0	1.0	0.0	0.0
3418654	1.0	0.0	0.0	1.0	1.0	1.0	1.0
3241417	0.0	1.0	0.0	0.0	0.0	0.0	0.0
723802	0.0	0.0	0.0	1.0	0.0	0.0	0.0
57667	0.0	0.0	0.0	1.0	0.0	0.0	0.0
3050292	1.0	1.0	1.0	1.0	1.0	1.0	0.0
3050293	1.0	1.0	1.0	1.0	1.0	1.0	0.0
3050305	1.0	1.0	1.0	1.0	1.0	1.0	0.0
3050336	0.0	1.0	0.0	1.0	0.0	0.0	0.0
3426318	1.0	1.0	1.0	1.0	1.0	1.0	1.0
2497865	1.0	0.0	0.0	1.0	0.0	0.0	0.0
393049	1.0	1.0	0.0	1.0	0.0	0.0	0.0
3060504	0.0	1.0	0.0	1.0	0.0	0.0	1.0
64318	1.0	0.0	0.0	1.0	0.0	0.0	0.0
3427297	1.0	0.0	0.0	0.0	0.0	0.0	0.0
1985693	0.0	1.0	0.0	1.0	0.0	0.0	0.0
1964822	1.0	0.0	0.0	1.0	0.0	0.0	0.0
2747383	1.0	0.0	0.0	1.0	0.0	0.0	0.0
3428069	0.0	1.0	0.0	0.0	0.0	0.0	0.0
3433538	1.0	1.0	1.0	1.0	1.0	1.0	0.0
3052759	1.0	1.0	0.0	1.0	0.0	0.0	0.0
870711	1.0	0.0	0.0	1.0	0.0	0.0	0.0
870712	1.0	0.0	0.0	1.0	0.0	0.0	0.0
3052770	1.0	1.0	0.0	1.0	0.0	0.0	0.0
2956523	1.0	0.0	1.0	1.0	0.0	0.0	1.0
11318	0.0	1.0	1.0	1.0	0.0	0.0	1.0
11569	0.0	0.0	0.0	1.0	1.0	1.0	1.0
2956528	0.0	1.0	0.0	0.0	0.0	0.0	0.0
3052789	0.0	0.0	0.0	1.0	1.0	1.0	1.0
1987018	1.0	1.0	0.0	1.0	1.0	1.0	1.0
1987019	1.0	1.0	0.0	1.0	1.0	1.0	1.0
1987017	1.0	1.0	0.0	1.0	1.0	0.0	1.0
3060740	0.0	1.0	0.0	0.0	0.0	0.0	1.0
3426319	1.0	1.0	0.0	1.0	1.0	1.0	1.0
662948	1.0	0.0	0.0	1.0	0.0	0.0	0.0
432261	1.0	0.0	0.0	1.0	0.0	0.0	0.0
2057932	1.0	0.0	0.0	1.0	0.0	0.0	0.0
2057933	1.0	0.0	0.0	1.0	0.0	0.0	0.0
68887	1.0	1.0	1.0	1.0	0.0	0.0	0.0
3048433	1.0	1.0	0.0	1.0	0.0	0.0	0.0
3048427	1.0	1.0	0.0	1.0	0.0	0.0	0.0
687347	1.0	1.0	0.0	1.0	0.0	0.0	0.0
2853118	1.0	0.0	0.0	1.0	0.0	0.0	0.0
2853119	1.0	0.0	0.0	1.0	0.0	0.0	0.0
2853120	0.0	0.0	0.0	1.0	0.0	0.0	0.0
29256	0.0	0.0	0.0	1.0	0.0	0.0	0.0
3052022	1.0	1.0	0.0	1.0	0.0	0.0	0.0
1955201	0.0	0.0	0.0	1.0	0.0	0.0	0.0
3426321	0.0	1.0	0.0	1.0	0.0	0.0	1.0
1034771	0.0	0.0	0.0	1.0	0.0	0.0	0.0
230161	0.0	0.0	0.0	1.0	0.0	0.0	0.0
1034800	0.0	0.0	0.0	1.0	0.0	0.0	0.0
340016	0.0	0.0	0.0	1.0	0.0	0.0	0.0
10535	1.0	0.0	0.0	1.0	0.0	0.0	0.0
1631195	1.0	0.0	0.0	1.0	0.0	0.0	0.0
694448	1.0	0.0	1.0	1.0	0.0	0.0	0.0
11309	0.0	0.0	0.0	1.0	0.0	0.0	0.0
1214906	0.0	0.0	0.0	1.0	0.0	0.0	0.0
315431	1.0	0.0	0.0	1.0	0.0	0.0	0.0
235406	1.0	0.0	0.0	1.0	0.0	0.0	0.0
1712394	1.0	0.0	0.0	1.0	0.0	0.0	0.0
3052811	0.0	1.0	1.0	1.0	1.0	1.0	1.0
3052801	0.0	1.0	0.0	0.0	0.0	0.0	0.0
3052808	0.0	1.0	0.0	1.0	0.0	0.0	1.0
3052809	0.0	0.0	1.0	0.0	0.0	0.0	0.0
10245	1.0	1.0	1.0	1.0	0.0	0.0	0.0
3050294	1.0	1.0	1.0	1.0	1.0	1.0	0.0
3050355	1.0	0.0	0.0	1.0	0.0	0.0	0.0
3431487	1.0	1.0	1.0	1.0	1.0	1.0	0.0
3426322	1.0	1.0	1.0	1.0	1.0	1.0	1.0
3433198	1.0	0.0	0.0	1.0	1.0	1.0	1.0
11276	1.0	0.0	0.0	1.0	0.0	0.0	0.0
1972579	0.0	0.0	0.0	1.0	1.0	1.0	1.0
1972576	1.0	1.0	1.0	1.0	1.0	1.0	1.0
1972572	0.0	0.0	0.0	0.0	1.0	1.0	1.0
1972577	1.0	1.0	1.0	1.0	1.0	1.0	1.0
1972573	0.0	1.0	1.0	1.0	1.0	1.0	1.0
1972568	1.0	0.0	0.0	1.0	1.0	1.0	0.0
1972574	0.0	1.0	0.0	1.0	0.0	0.0	1.0
1972578	0.0	0.0	0.0	1.0	1.0	1.0	1.0
1972575	0.0	0.0	0.0	1.0	1.0	1.0	1.0
745103	0.0	0.0	0.0	1.0	0.0	0.0	0.0
745101	0.0	0.0	0.0	1.0	0.0	0.0	0.0
745104	0.0	0.0	0.0	1.0	0.0	0.0	0.0
745106	0.0	0.0	0.0	1.0	0.0	0.0	0.0
745108	0.0	0.0	0.0	1.0	0.0	0.0	0.0
745105	0.0	0.0	0.0	1.0	0.0	0.0	0.0
745109	0.0	0.0	0.0	1.0	0.0	0.0	0.0
745098	0.0	0.0	0.0	1.0	0.0	0.0	0.0
745102	0.0	0.0	0.0	1.0	0.0	0.0	0.0
745099	0.0	0.0	0.0	1.0	0.0	0.0	0.0
745100	0.0	0.0	0.0	1.0	0.0	0.0	0.0
745097	0.0	0.0	0.0	1.0	0.0	0.0	0.0
2748252	0.0	0.0	0.0	1.0	0.0	0.0	0.0
3432460	0.0	1.0	0.0	0.0	0.0	1.0	0.0
3426323	1.0	1.0	1.0	1.0	1.0	1.0	1.0
3426324	0.0	0.0	0.0	1.0	0.0	0.0	1.0
2152919	1.0	0.0	0.0	1.0	0.0	0.0	0.0
3433539	0.0	1.0	1.0	1.0	0.0	0.0	0.0
2170060	0.0	0.0	0.0	1.0	0.0	0.0	0.0
2052558	1.0	0.0	0.0	0.0	0.0	0.0	0.0
3067642	1.0	0.0	0.0	0.0	0.0	0.0	0.0
1987106	1.0	0.0	0.0	0.0	0.0	0.0	0.0
2715094	1.0	0.0	0.0	0.0	0.0	0.0	0.0
3298505	1.0	0.0	0.0	0.0	0.0	0.0	0.0
3115662	1.0	0.0	0.0	0.0	0.0	0.0	0.0
3048399	1.0	0.0	0.0	0.0	0.0	0.0	0.0
1176484	1.0	0.0	0.0	0.0	0.0	0.0	0.0
3092269	1.0	0.0	0.0	0.0	0.0	0.0	0.0
3161185	1.0	0.0	0.0	0.0	0.0	0.0	0.0
261202	1.0	0.0	0.0	0.0	0.0	0.0	0.0
2202649	1.0	0.0	0.0	0.0	0.0	0.0	0.0
3703201	1.0	0.0	0.0	0.0	0.0	0.0	0.0
2845621	1.0	0.0	0.0	0.0	0.0	0.0	0.0
2956251	1.0	0.0	0.0	0.0	0.0	0.0	0.0
3052707	1.0	0.0	0.0	0.0	0.0	0.0	0.0
3060500	1.0	0.0	0.0	0.0	0.0	0.0	0.0
3426294	1.0	1.0	1.0	1.0	1.0	1.0	1.0
3426306	1.0	1.0	1.0	1.0	1.0	1.0	1.0
3429216	1.0	0.0	0.0	0.0	0.0	0.0	0.0
3429217	1.0	0.0	0.0	0.0	0.0	0.0	0.0
3433756	1.0	1.0	0.0	1.0	1.0	1.0	1.0
3433809	1.0	1.0	0.0	1.0	1.0	1.0	1.0
3703354	1.0	0.0	0.0	0.0	0.0	0.0	0.0
3432910	1.0	0.0	0.0	1.0	0.0	0.0	0.0
3432911	1.0	1.0	0.0	1.0	0.0	0.0	0.0
3426505	1.0	0.0	0.0	1.0	0.0	0.0	0.0
3431480	1.0	0.0	0.0	1.0	0.0	0.0	0.0
3426312	1.0	1.0	1.0	1.0	1.0	1.0	1.0
3426317	1.0	1.0	1.0	1.0	1.0	1.0	1.0
3428066	1.0	1.0	1.0	1.0	1.0	1.0	1.0
3430774	1.0	0.0	0.0	1.0	0.0	0.0	0.0
3430817	1.0	0.0	0.0	0.0	0.0	0.0	0.0
