vtaxid,pred,pred_label
1032690,0.4035333025593937,nonsevere
1032691,0.4035333025593937,nonsevere
1034771,0.13020464673647714,nonsevere
1034800,0.13143875246216766,nonsevere
1042528,0.3612679603770983,nonsevere
104382,0.11607459657877123,nonsevere
10484,0.13020464673647714,nonsevere
10535,0.13020464673647714,nonsevere
1072676,0.13020464673647714,nonsevere
1072677,0.13020464673647714,nonsevere
1076281,0.2228127841983068,nonsevere
1076282,0.2228127841983068,nonsevere
1076283,0.2228127841983068,nonsevere
1076284,0.17484855621646678,nonsevere
1076285,0.2228127841983068,nonsevere
10891,0.10557745474997358,nonsevere
1095764,0.13020464673647714,nonsevere
10970,0.17402484908047183,nonsevere
1100043,0.13020464673647714,nonsevere
1112700,0.13020464673647714,nonsevere
11276,0.13020464673647714,nonsevere
11309,0.1679113124585768,nonsevere
1136456,0.13020464673647714,nonsevere
1148801,0.13020464673647714,nonsevere
1156749,0.17186906345955202,nonsevere
1170423,0.13020464673647714,nonsevere
1176484,0.11433600130680532,nonsevere
1177757,0.08802140839610718,nonsevere
1181292,0.13020464673647714,nonsevere
1186059,0.13020464673647714,nonsevere
1188015,0.07745188112326044,nonsevere
1194163,0.13020464673647714,nonsevere
1194164,0.13020464673647714,nonsevere
1201016,0.13020464673647714,nonsevere
1201017,0.13020464673647714,nonsevere
1201018,0.13020464673647714,nonsevere
1203029,0.1497548225679708,nonsevere
1209382,0.11803807437223979,nonsevere
1209383,0.1751520009402349,nonsevere
1214906,0.13020464673647714,nonsevere
1221646,0.13020464673647714,nonsevere
1222019,0.11880086955047126,nonsevere
1222038,0.13020464673647714,nonsevere
1222039,0.13020464673647714,nonsevere
1222040,0.13020464673647714,nonsevere
1222041,0.13020464673647714,nonsevere
1222042,0.13020464673647714,nonsevere
1222043,0.13020464673647714,nonsevere
1222044,0.13020464673647714,nonsevere
1222045,0.13020464673647714,nonsevere
1222046,0.13020464673647714,nonsevere
1222047,0.13020464673647714,nonsevere
1222048,0.13020464673647714,nonsevere
1222049,0.13020464673647714,nonsevere
1222050,0.13020464673647714,nonsevere
1222051,0.13020464673647714,nonsevere
1244521,0.20110508924312154,nonsevere
1244522,0.3967422281426254,nonsevere
1244525,0.2657275246612497,nonsevere
12480,0.11689055598819671,nonsevere
1293419,0.13020464673647714,nonsevere
1293420,0.13020464673647714,nonsevere
1329782,0.16869821955838005,nonsevere
1330993,0.13500464790183175,nonsevere
1402035,0.13020464673647714,nonsevere
1417603,0.13143875246216766,nonsevere
1417604,0.13020464673647714,nonsevere
1417605,0.13143875246216766,nonsevere
1417606,0.13143875246216766,nonsevere
1417607,0.13143875246216766,nonsevere
1417608,0.13020464673647714,nonsevere
1417609,0.13143875246216766,nonsevere
1417610,0.13143875246216766,nonsevere
1417611,0.13143875246216766,nonsevere
1417612,0.13020464673647714,nonsevere
1417613,0.13143875246216766,nonsevere
1417614,0.13143875246216766,nonsevere
1417615,0.13143875246216766,nonsevere
1417616,0.13020464673647714,nonsevere
1417617,0.13143875246216766,nonsevere
1417618,0.13143875246216766,nonsevere
1417619,0.13020464673647714,nonsevere
1428481,0.13020464673647714,nonsevere
1437125,0.13020464673647714,nonsevere
1511894,0.16935577018512818,nonsevere
1521109,0.13020464673647714,nonsevere
1523262,0.13020464673647714,nonsevere
1523263,0.13020464673647714,nonsevere
1523264,0.13020464673647714,nonsevere
1523265,0.13020464673647714,nonsevere
1523266,0.13020464673647714,nonsevere
1523267,0.13020464673647714,nonsevere
1523268,0.13020464673647714,nonsevere
1523269,0.13020464673647714,nonsevere
1523270,0.13020464673647714,nonsevere
1523271,0.13143875246216766,nonsevere
1523272,0.13143875246216766,nonsevere
1523273,0.13020464673647714,nonsevere
1523274,0.13020464673647714,nonsevere
1523275,0.13020464673647714,nonsevere
1523276,0.13020464673647714,nonsevere
1523277,0.13020464673647714,nonsevere
1523278,0.13020464673647714,nonsevere
1523279,0.13020464673647714,nonsevere
1523280,0.13020464673647714,nonsevere
1523281,0.13143875246216766,nonsevere
1523282,0.13143875246216766,nonsevere
1523283,0.13020464673647714,nonsevere
1523284,0.13020464673647714,nonsevere
1523285,0.14833768205173542,nonsevere
1523286,0.13020464673647714,nonsevere
1523287,0.13020464673647714,nonsevere
1523288,0.13020464673647714,nonsevere
1523289,0.13020464673647714,nonsevere
1523290,0.13020464673647714,nonsevere
1523291,0.13020464673647714,nonsevere
1523292,0.13020464673647714,nonsevere
1523293,0.13020464673647714,nonsevere
1523294,0.13020464673647714,nonsevere
1525174,0.13020464673647714,nonsevere
1525176,0.13020464673647714,nonsevere
1525177,0.13020464673647714,nonsevere
1525178,0.13020464673647714,nonsevere
1525179,0.13020464673647714,nonsevere
1525180,0.13020464673647714,nonsevere
1530251,0.13020464673647714,nonsevere
1548189,0.13020464673647714,nonsevere
1569923,0.13020464673647714,nonsevere
1602211,0.13500464790183175,nonsevere
1609130,0.1337422170287059,nonsevere
1609131,0.13020464673647714,nonsevere
1615798,0.13020464673647714,nonsevere
1631191,0.13020464673647714,nonsevere
1631192,0.13020464673647714,nonsevere
1631195,0.13020464673647714,nonsevere
164250,0.11974499631435581,nonsevere
167323,0.13020464673647714,nonsevere
1682185,0.13020464673647714,nonsevere
1712394,0.13020464673647714,nonsevere
1714296,0.13020464673647714,nonsevere
1714297,0.13500464790183175,nonsevere
1714298,0.13020464673647714,nonsevere
1714360,0.13020464673647714,nonsevere
1714361,0.13020464673647714,nonsevere
178530,0.13020464673647714,nonsevere
178534,0.13143875246216766,nonsevere
1803959,0.1318360868436165,nonsevere
1803960,0.20746792695380709,nonsevere
1803961,0.14626007139293373,nonsevere
1891754,0.04668706655823633,nonsevere
1899067,0.13020464673647714,nonsevere
1899068,0.13020464673647714,nonsevere
1899069,0.13020464673647714,nonsevere
1899070,0.13020464673647714,nonsevere
1899071,0.13020464673647714,nonsevere
1899072,0.13020464673647714,nonsevere
1899073,0.13020464673647714,nonsevere
1899074,0.13020464673647714,nonsevere
1899075,0.13020464673647714,nonsevere
1899076,0.13020464673647714,nonsevere
1899077,0.13020464673647714,nonsevere
1899078,0.13020464673647714,nonsevere
1899079,0.13020464673647714,nonsevere
1899080,0.13020464673647714,nonsevere
1899081,0.13020464673647714,nonsevere
1899082,0.13020464673647714,nonsevere
1899083,0.16204366332353917,nonsevere
1899084,0.13020464673647714,nonsevere
1899085,0.16204366332353917,nonsevere
1899086,0.16204366332353917,nonsevere
1903319,0.13020464673647714,nonsevere
1904886,0.13020464673647714,nonsevere
1904888,0.13020464673647714,nonsevere
1906931,0.134529606278718,nonsevere
1907787,0.13020464673647714,nonsevere
1912147,0.1337422170287059,nonsevere
1914549,0.13020464673647714,nonsevere
1922835,0.13020464673647714,nonsevere
1923094,0.13020464673647714,nonsevere
1923116,0.13020464673647714,nonsevere
1923133,0.13020464673647714,nonsevere
1933176,0.13020464673647714,nonsevere
1955201,0.13020464673647714,nonsevere
1964822,0.13020464673647714,nonsevere
1967472,0.13143875246216766,nonsevere
1972587,0.18044493513575574,nonsevere
1987106,0.18319544371923266,nonsevere
2022413,0.17091186027112648,nonsevere
2039694,0.1429613412455035,nonsevere
2044876,0.13020464673647714,nonsevere
2053898,0.13020464673647714,nonsevere
2081950,0.13020464673647714,nonsevere
2093788,0.2870421533518727,nonsevere
2093789,0.4138140048328221,nonsevere
2094719,0.13020464673647714,nonsevere
2152919,0.13020464673647714,nonsevere
2169479,0.13020464673647714,nonsevere
2170060,0.13143875246216766,nonsevere
2184749,0.13143875246216766,nonsevere
2202649,0.13020464673647714,nonsevere
2219046,0.1337422170287059,nonsevere
2219047,0.13020464673647714,nonsevere
2219048,0.13020464673647714,nonsevere
2219052,0.13020464673647714,nonsevere
2219053,0.13020464673647714,nonsevere
2219997,0.13020464673647714,nonsevere
2231327,0.13020464673647714,nonsevere
2269360,0.15203840214411485,nonsevere
230161,0.13020464673647714,nonsevere
235406,0.13020464673647714,nonsevere
2364099,0.13020464673647714,nonsevere
2448649,0.13275467048291234,nonsevere
2497865,0.13020464673647714,nonsevere
2497866,0.13020464673647714,nonsevere
2497867,0.13020464673647714,nonsevere
2498143,0.13020464673647714,nonsevere
2502796,0.13020464673647714,nonsevere
2502797,0.13020464673647714,nonsevere
2506584,0.3011867225071511,nonsevere
2516502,0.13020464673647714,nonsevere
2517214,0.13020464673647714,nonsevere
2572459,0.13020464673647714,nonsevere
2602438,0.13020464673647714,nonsevere
261202,0.23805902139243607,nonsevere
269339,0.13020464673647714,nonsevere
2712269,0.13020464673647714,nonsevere
2715094,0.13020464673647714,nonsevere
2716315,0.13020464673647714,nonsevere
2720938,0.13020464673647714,nonsevere
2731271,0.1071358444023658,nonsevere
2747383,0.13020464673647714,nonsevere
2778245,0.13020464673647714,nonsevere
2778246,0.13020464673647714,nonsevere
2778247,0.13020464673647714,nonsevere
2778248,0.13020464673647714,nonsevere
2778249,0.13020464673647714,nonsevere
2778250,0.13020464673647714,nonsevere
2778251,0.13020464673647714,nonsevere
2778252,0.13020464673647714,nonsevere
2778253,0.13020464673647714,nonsevere
2831046,0.13020464673647714,nonsevere
29256,0.14586503266575643,nonsevere
2936928,0.13020464673647714,nonsevere
295016,0.13020464673647714,nonsevere
2956251,0.13020464673647714,nonsevere
2994337,0.12931287922496412,nonsevere
3047346,0.13020464673647714,nonsevere
3047370,0.13020464673647714,nonsevere
3047792,0.13020464673647714,nonsevere
3048206,0.13020464673647714,nonsevere
3048278,0.13020464673647714,nonsevere
3048421,0.13020464673647714,nonsevere
3048439,0.13020464673647714,nonsevere
3050329,0.13020464673647714,nonsevere
3052098,0.13020464673647714,nonsevere
3052190,0.0927521418398752,nonsevere
3052329,0.09375829977789786,nonsevere
3052343,0.16212136666743454,nonsevere
3052370,0.1128569518809539,nonsevere
3052393,0.13308761371142713,nonsevere
3052394,0.13020464673647714,nonsevere
3052400,0.1128569518809539,nonsevere
3052404,0.16953314514590043,nonsevere
3052416,0.13020464673647714,nonsevere
3052421,0.12568253401106314,nonsevere
3052424,0.13020464673647714,nonsevere
3052445,0.13121794627771777,nonsevere
3052457,0.16234128442858697,nonsevere
3052467,0.15119191264149026,nonsevere
3052492,0.14854385322292202,nonsevere
3052509,0.13020464673647714,nonsevere
3052510,0.12811991387982608,nonsevere
3052521,0.13020464673647714,nonsevere
3052525,0.13034832455849457,nonsevere
3052538,0.1676574141332146,nonsevere
3052637,0.07635211563228118,nonsevere
3052661,0.5063300430658347,severe
3052679,0.12205580266018581,nonsevere
3052707,0.5198102425028419,severe
3052809,0.1128569518809539,nonsevere
3060496,0.13020464673647714,nonsevere
3060500,0.13020464673647714,nonsevere
308159,0.03512035369059663,nonsevere
3115662,0.13020464673647714,nonsevere
315431,0.13020464673647714,nonsevere
3241299,0.1337422170287059,nonsevere
3241445,0.15551519894844457,nonsevere
340016,0.13020464673647714,nonsevere
340187,0.13020464673647714,nonsevere
341730,0.13971284960953637,nonsevere
3427293,0.16726966139642416,nonsevere
3427294,0.13863075698554392,nonsevere
3427295,0.16075966030787167,nonsevere
3427297,0.1699501692550991,nonsevere
3428211,0.13093513202279514,nonsevere
3428509,0.13020464673647714,nonsevere
3428512,0.13020464673647714,nonsevere
3428953,0.16568987468614615,nonsevere
3429214,0.13020464673647714,nonsevere
3429216,0.13154084400451824,nonsevere
3429217,0.13020464673647714,nonsevere
3430625,0.13020464673647714,nonsevere
3430637,0.13020464673647714,nonsevere
3430642,0.13500464790183175,nonsevere
3430817,0.127859744678053,nonsevere
3431243,0.1601791458323699,nonsevere
3431392,0.06386394667911359,nonsevere
3432264,0.13020464673647714,nonsevere
3432865,0.14586503266575643,nonsevere
3433766,0.171615551645503,nonsevere
3433792,0.13020464673647714,nonsevere
348136,0.13020464673647714,nonsevere
36362,0.13688172823293673,nonsevere
3703201,0.17139177234980021,nonsevere
3703354,0.13020464673647714,nonsevere
3703637,0.13020464673647714,nonsevere
37140,0.12315485797997561,nonsevere
37741,0.37826233145672844,nonsevere
38016,0.13020464673647714,nonsevere
384335,0.13020464673647714,nonsevere
38768,0.07416028848080793,nonsevere
412463,0.13020464673647714,nonsevere
430511,0.02241581144152288,nonsevere
433730,0.13020464673647714,nonsevere
433731,0.13020464673647714,nonsevere
433732,0.13020464673647714,nonsevere
47681,0.12977225707369866,nonsevere
481493,0.13020464673647714,nonsevere
481494,0.13020464673647714,nonsevere
481495,0.13020464673647714,nonsevere
481497,0.13020464673647714,nonsevere
481498,0.13020464673647714,nonsevere
481502,0.13020464673647714,nonsevere
481503,0.13419198084357725,nonsevere
481504,0.13020464673647714,nonsevere
481505,0.13020464673647714,nonsevere
481506,0.13020464673647714,nonsevere
481507,0.13020464673647714,nonsevere
481508,0.13020464673647714,nonsevere
481510,0.1416366911441763,nonsevere
481511,0.13020464673647714,nonsevere
481513,0.13020464673647714,nonsevere
481515,0.13020464673647714,nonsevere
481516,0.13020464673647714,nonsevere
481517,0.13020464673647714,nonsevere
496406,0.14586503266575643,nonsevere
496407,0.13020464673647714,nonsevere
496408,0.14586503266575643,nonsevere
496409,0.13020464673647714,nonsevere
497343,0.31594858424351807,nonsevere
497344,0.24507858628773407,nonsevere
497915,0.14586503266575643,nonsevere
532080,0.13020464673647714,nonsevere
532081,0.13020464673647714,nonsevere
532082,0.13020464673647714,nonsevere
532083,0.13020464673647714,nonsevere
532084,0.13020464673647714,nonsevere
532085,0.13020464673647714,nonsevere
532086,0.13020464673647714,nonsevere
532087,0.13020464673647714,nonsevere
532088,0.13020464673647714,nonsevere
532089,0.13020464673647714,nonsevere
532090,0.13020464673647714,nonsevere
532091,0.13020464673647714,nonsevere
532092,0.13020464673647714,nonsevere
532093,0.13020464673647714,nonsevere
532094,0.13020464673647714,nonsevere
532095,0.13020464673647714,nonsevere
532096,0.13020464673647714,nonsevere
532097,0.13020464673647714,nonsevere
532098,0.13020464673647714,nonsevere
532099,0.13020464673647714,nonsevere
532100,0.13020464673647714,nonsevere
532101,0.13020464673647714,nonsevere
532102,0.13020464673647714,nonsevere
537508,0.13020464673647714,nonsevere
537509,0.13020464673647714,nonsevere
537510,0.13020464673647714,nonsevere
537511,0.13020464673647714,nonsevere
537512,0.13020464673647714,nonsevere
537513,0.13020464673647714,nonsevere
537514,0.13020464673647714,nonsevere
537515,0.13020464673647714,nonsevere
537516,0.13020464673647714,nonsevere
537517,0.13020464673647714,nonsevere
537518,0.13020464673647714,nonsevere
537519,0.13020464673647714,nonsevere
537520,0.13020464673647714,nonsevere
537521,0.13020464673647714,nonsevere
537522,0.13020464673647714,nonsevere
537523,0.13020464673647714,nonsevere
537524,0.13143875246216766,nonsevere
537525,0.13020464673647714,nonsevere
537526,0.13143875246216766,nonsevere
537527,0.13020464673647714,nonsevere
537528,0.13020464673647714,nonsevere
537529,0.13020464673647714,nonsevere
537530,0.13020464673647714,nonsevere
537531,0.13020464673647714,nonsevere
537532,0.13020464673647714,nonsevere
537533,0.13020464673647714,nonsevere
537534,0.13143875246216766,nonsevere
537535,0.13143875246216766,nonsevere
537536,0.13020464673647714,nonsevere
537537,0.13020464673647714,nonsevere
537538,0.13020464673647714,nonsevere
537539,0.12819528257887855,nonsevere
537540,0.13020464673647714,nonsevere
537541,0.13020464673647714,nonsevere
537542,0.13020464673647714,nonsevere
537543,0.13020464673647714,nonsevere
537544,0.13020464673647714,nonsevere
537545,0.13020464673647714,nonsevere
537546,0.13020464673647714,nonsevere
537547,0.13143875246216766,nonsevere
537548,0.13020464673647714,nonsevere
537549,0.13020464673647714,nonsevere
537550,0.13143875246216766,nonsevere
537551,0.13020464673647714,nonsevere
537552,0.13020464673647714,nonsevere
537553,0.14833768205173542,nonsevere
537554,0.13020464673647714,nonsevere
537555,0.14169873833549912,nonsevere
537556,0.13020464673647714,nonsevere
537557,0.13143875246216766,nonsevere
537558,0.13143875246216766,nonsevere
537559,0.13020464673647714,nonsevere
537560,0.13020464673647714,nonsevere
537561,0.13020464673647714,nonsevere
537562,0.13020464673647714,nonsevere
537563,0.13020464673647714,nonsevere
537564,0.13020464673647714,nonsevere
537565,0.12819528257887855,nonsevere
537566,0.13020464673647714,nonsevere
537567,0.13020464673647714,nonsevere
537568,0.13020464673647714,nonsevere
537569,0.13020464673647714,nonsevere
537570,0.10852941177986257,nonsevere
537571,0.13020464673647714,nonsevere
537572,0.13020464673647714,nonsevere
537573,0.13020464673647714,nonsevere
537574,0.13020464673647714,nonsevere
537575,0.13020464673647714,nonsevere
537576,0.13020464673647714,nonsevere
537577,0.13020464673647714,nonsevere
537578,0.1318281141392921,nonsevere
537579,0.13020464673647714,nonsevere
537580,0.13020464673647714,nonsevere
537581,0.13020464673647714,nonsevere
537582,0.13020464673647714,nonsevere
537583,0.13020464673647714,nonsevere
537584,0.14833768205173542,nonsevere
537585,0.13020464673647714,nonsevere
537586,0.13020464673647714,nonsevere
537587,0.13020464673647714,nonsevere
537588,0.13020464673647714,nonsevere
537589,0.14616544485282212,nonsevere
537590,0.13020464673647714,nonsevere
537591,0.13020464673647714,nonsevere
537592,0.13020464673647714,nonsevere
537593,0.13020464673647714,nonsevere
543937,0.05188020710956202,nonsevere
546676,0.13020464673647714,nonsevere
546677,0.13020464673647714,nonsevere
546678,0.13020464673647714,nonsevere
546679,0.13020464673647714,nonsevere
546680,0.13020464673647714,nonsevere
546681,0.13020464673647714,nonsevere
546682,0.13020464673647714,nonsevere
546683,0.13020464673647714,nonsevere
546684,0.13020464673647714,nonsevere
546685,0.13020464673647714,nonsevere
546686,0.13020464673647714,nonsevere
546687,0.13020464673647714,nonsevere
546688,0.13020464673647714,nonsevere
546689,0.13020464673647714,nonsevere
546690,0.13020464673647714,nonsevere
546691,0.13020464673647714,nonsevere
546692,0.13020464673647714,nonsevere
546693,0.11621741238292331,nonsevere
546694,0.13020464673647714,nonsevere
546695,0.13020464673647714,nonsevere
546696,0.13020464673647714,nonsevere
546697,0.13020464673647714,nonsevere
546698,0.13020464673647714,nonsevere
546699,0.13020464673647714,nonsevere
546700,0.13020464673647714,nonsevere
546701,0.13020464673647714,nonsevere
546702,0.13020464673647714,nonsevere
546703,0.13020464673647714,nonsevere
546704,0.13020464673647714,nonsevere
546705,0.13020464673647714,nonsevere
546706,0.13020464673647714,nonsevere
546707,0.13020464673647714,nonsevere
546708,0.13020464673647714,nonsevere
546709,0.13020464673647714,nonsevere
546710,0.13020464673647714,nonsevere
546711,0.13020464673647714,nonsevere
546712,0.13020464673647714,nonsevere
546713,0.13020464673647714,nonsevere
546714,0.13020464673647714,nonsevere
546715,0.13020464673647714,nonsevere
546716,0.13020464673647714,nonsevere
546717,0.13020464673647714,nonsevere
546718,0.13020464673647714,nonsevere
546719,0.13020464673647714,nonsevere
546720,0.13020464673647714,nonsevere
546721,0.13020464673647714,nonsevere
546722,0.12730554820265735,nonsevere
546723,0.13020464673647714,nonsevere
546725,0.13020464673647714,nonsevere
546726,0.13020464673647714,nonsevere
546727,0.13020464673647714,nonsevere
546728,0.13020464673647714,nonsevere
546729,0.13020464673647714,nonsevere
57667,0.20295871062278578,nonsevere
580061,0.13020464673647714,nonsevere
586421,0.13020464673647714,nonsevere
611726,0.13020464673647714,nonsevere
611727,0.13020464673647714,nonsevere
611728,0.11433600130680532,nonsevere
611729,0.13020464673647714,nonsevere
611730,0.13020464673647714,nonsevere
611731,0.13020464673647714,nonsevere
611732,0.13020464673647714,nonsevere
611733,0.13020464673647714,nonsevere
611734,0.13020464673647714,nonsevere
611735,0.13020464673647714,nonsevere
611736,0.13020464673647714,nonsevere
611737,0.13143875246216766,nonsevere
611738,0.13020464673647714,nonsevere
611739,0.13020464673647714,nonsevere
611740,0.13020464673647714,nonsevere
611741,0.13020464673647714,nonsevere
611742,0.13020464673647714,nonsevere
611743,0.13020464673647714,nonsevere
611744,0.13020464673647714,nonsevere
611745,0.13020464673647714,nonsevere
611746,0.13020464673647714,nonsevere
611747,0.13020464673647714,nonsevere
611748,0.13020464673647714,nonsevere
611749,0.13020464673647714,nonsevere
611750,0.13020464673647714,nonsevere
611751,0.13020464673647714,nonsevere
611752,0.13020464673647714,nonsevere
611753,0.13020464673647714,nonsevere
611754,0.13020464673647714,nonsevere
611755,0.13020464673647714,nonsevere
611756,0.13020464673647714,nonsevere
611757,0.13020464673647714,nonsevere
611758,0.13020464673647714,nonsevere
611759,0.13020464673647714,nonsevere
611760,0.13020464673647714,nonsevere
611761,0.12103644422717674,nonsevere
611762,0.13020464673647714,nonsevere
611763,0.13020464673647714,nonsevere
611764,0.13020464673647714,nonsevere
630715,0.13020464673647714,nonsevere
630716,0.13020464673647714,nonsevere
630717,0.13020464673647714,nonsevere
630718,0.13020464673647714,nonsevere
630719,0.13020464673647714,nonsevere
630720,0.13020464673647714,nonsevere
641884,0.11354707928368268,nonsevere
64318,0.14586503266575643,nonsevere
647366,0.13020464673647714,nonsevere
647367,0.13020464673647714,nonsevere
647368,0.13020464673647714,nonsevere
647369,0.13020464673647714,nonsevere
647370,0.13020464673647714,nonsevere
647371,0.13020464673647714,nonsevere
647372,0.14722244486984906,nonsevere
647373,0.13020464673647714,nonsevere
647374,0.13020464673647714,nonsevere
650036,0.3928483787513947,nonsevere
658667,0.1337422170287059,nonsevere
659265,0.13020464673647714,nonsevere
662948,0.12122625785153561,nonsevere
664661,0.13020464673647714,nonsevere
682383,0.1497548225679708,nonsevere
682384,0.1337422170287059,nonsevere
686195,0.13020464673647714,nonsevere
686196,0.13020464673647714,nonsevere
686197,0.13020464673647714,nonsevere
686198,0.13020464673647714,nonsevere
686199,0.14586503266575643,nonsevere
686200,0.13020464673647714,nonsevere
686201,0.13020464673647714,nonsevere
688450,0.13020464673647714,nonsevere
688451,0.13020464673647714,nonsevere
688452,0.13020464673647714,nonsevere
688453,0.13143875246216766,nonsevere
688454,0.13020464673647714,nonsevere
688456,0.13020464673647714,nonsevere
688457,0.13020464673647714,nonsevere
688458,0.13020464673647714,nonsevere
688459,0.13020464673647714,nonsevere
688460,0.13020464673647714,nonsevere
688461,0.13020464673647714,nonsevere
688462,0.13020464673647714,nonsevere
688463,0.13020464673647714,nonsevere
688464,0.13020464673647714,nonsevere
688465,0.13020464673647714,nonsevere
688466,0.13020464673647714,nonsevere
697906,0.13020464673647714,nonsevere
723802,0.11165795108636338,nonsevere
741955,0.13020464673647714,nonsevere
741956,0.13020464673647714,nonsevere
741957,0.13020464673647714,nonsevere
741958,0.13020464673647714,nonsevere
741959,0.13143875246216766,nonsevere
741960,0.13143875246216766,nonsevere
741961,0.13020464673647714,nonsevere
741962,0.13020464673647714,nonsevere
742926,0.13020464673647714,nonsevere
742927,0.13020464673647714,nonsevere
742928,0.13020464673647714,nonsevere
742929,0.13020464673647714,nonsevere
742930,0.13020464673647714,nonsevere
742931,0.13020464673647714,nonsevere
742932,0.13020464673647714,nonsevere
742933,0.13020464673647714,nonsevere
742934,0.13020464673647714,nonsevere
742935,0.13020464673647714,nonsevere
742936,0.13020464673647714,nonsevere
742937,0.13020464673647714,nonsevere
742938,0.13020464673647714,nonsevere
742944,0.13020464673647714,nonsevere
742945,0.13020464673647714,nonsevere
742946,0.13020464673647714,nonsevere
742947,0.13020464673647714,nonsevere
742948,0.13020464673647714,nonsevere
742949,0.13020464673647714,nonsevere
742950,0.13020464673647714,nonsevere
742951,0.13500464790183175,nonsevere
742952,0.13020464673647714,nonsevere
742953,0.13020464673647714,nonsevere
742954,0.13020464673647714,nonsevere
742955,0.13020464673647714,nonsevere
742956,0.13020464673647714,nonsevere
742957,0.13020464673647714,nonsevere
742958,0.13020464673647714,nonsevere
742959,0.13020464673647714,nonsevere
742960,0.30846838427774365,nonsevere
743528,0.13020464673647714,nonsevere
743529,0.13020464673647714,nonsevere
745091,0.13020464673647714,nonsevere
745094,0.13020464673647714,nonsevere
745095,0.13020464673647714,nonsevere
745097,0.13020464673647714,nonsevere
745098,0.13020464673647714,nonsevere
745099,0.13020464673647714,nonsevere
745100,0.13020464673647714,nonsevere
745101,0.13020464673647714,nonsevere
745102,0.13020464673647714,nonsevere
745103,0.13020464673647714,nonsevere
745104,0.13020464673647714,nonsevere
745105,0.13020464673647714,nonsevere
745106,0.13020464673647714,nonsevere
745108,0.13020464673647714,nonsevere
745109,0.13020464673647714,nonsevere
764236,0.13020464673647714,nonsevere
764237,0.13020464673647714,nonsevere
764238,0.13020464673647714,nonsevere
764239,0.13020464673647714,nonsevere
764240,0.13020464673647714,nonsevere
764241,0.13020464673647714,nonsevere
764242,0.13020464673647714,nonsevere
764243,0.13020464673647714,nonsevere
764244,0.13020464673647714,nonsevere
764245,0.13020464673647714,nonsevere
764246,0.13020464673647714,nonsevere
764247,0.13020464673647714,nonsevere
764248,0.13020464673647714,nonsevere
764249,0.13020464673647714,nonsevere
764250,0.13020464673647714,nonsevere
764251,0.13020464673647714,nonsevere
764252,0.14922649950195005,nonsevere
764253,0.13020464673647714,nonsevere
764254,0.13020464673647714,nonsevere
764255,0.13020464673647714,nonsevere
764256,0.13020464673647714,nonsevere
764257,0.13020464673647714,nonsevere
764258,0.13020464673647714,nonsevere
764259,0.13020464673647714,nonsevere
764260,0.13020464673647714,nonsevere
764261,0.13020464673647714,nonsevere
764262,0.13020464673647714,nonsevere
764263,0.13020464673647714,nonsevere
764264,0.13020464673647714,nonsevere
764265,0.13020464673647714,nonsevere
764266,0.16869821955838005,nonsevere
764267,0.16869821955838005,nonsevere
764268,0.16869821955838005,nonsevere
858567,0.13020464673647714,nonsevere
858568,0.13020464673647714,nonsevere
858569,0.13020464673647714,nonsevere
858570,0.13020464673647714,nonsevere
858571,0.13020464673647714,nonsevere
858572,0.13020464673647714,nonsevere
858573,0.13020464673647714,nonsevere
862148,0.13020464673647714,nonsevere
862149,0.13020464673647714,nonsevere
862150,0.13020464673647714,nonsevere
862151,0.13020464673647714,nonsevere
862152,0.13020464673647714,nonsevere
862153,0.13020464673647714,nonsevere
862154,0.13020464673647714,nonsevere
862155,0.13020464673647714,nonsevere
862156,0.13020464673647714,nonsevere
862157,0.13020464673647714,nonsevere
862158,0.13020464673647714,nonsevere
862159,0.13020464673647714,nonsevere
862160,0.13020464673647714,nonsevere
862161,0.13020464673647714,nonsevere
862162,0.13020464673647714,nonsevere
862163,0.13020464673647714,nonsevere
862164,0.13020464673647714,nonsevere
862165,0.13020464673647714,nonsevere
862166,0.13020464673647714,nonsevere
862167,0.13020464673647714,nonsevere
862168,0.13143130985918128,nonsevere
862169,0.13020464673647714,nonsevere
862170,0.13020464673647714,nonsevere
862171,0.13020464673647714,nonsevere
862172,0.13020464673647714,nonsevere
862173,0.13020464673647714,nonsevere
862174,0.13020464673647714,nonsevere
862175,0.13020464673647714,nonsevere
862176,0.13020464673647714,nonsevere
862177,0.13020464673647714,nonsevere
862178,0.13020464673647714,nonsevere
862179,0.13020464673647714,nonsevere
862180,0.13020464673647714,nonsevere
862181,0.13020464673647714,nonsevere
862182,0.13020464673647714,nonsevere
862183,0.13020464673647714,nonsevere
864558,0.13020464673647714,nonsevere
864559,0.13020464673647714,nonsevere
864560,0.13020464673647714,nonsevere
864561,0.13020464673647714,nonsevere
864623,0.13020464673647714,nonsevere
864624,0.13020464673647714,nonsevere
870710,0.13020464673647714,nonsevere
870711,0.1337422170287059,nonsevere
870712,0.13020464673647714,nonsevere
871260,0.18037641917368974,nonsevere
87786,0.13020464673647714,nonsevere
934413,0.13020464673647714,nonsevere
937784,0.07922720453251055,nonsevere
941281,0.13020464673647714,nonsevere
941282,0.13020464673647714,nonsevere
941283,0.13020464673647714,nonsevere
941284,0.13020464673647714,nonsevere
941285,0.13020464673647714,nonsevere
941286,0.13020464673647714,nonsevere
941287,0.13020464673647714,nonsevere
941288,0.13020464673647714,nonsevere
941289,0.13020464673647714,nonsevere
941290,0.13020464673647714,nonsevere
941291,0.13020464673647714,nonsevere
941292,0.13020464673647714,nonsevere
941293,0.13020464673647714,nonsevere
941294,0.13020464673647714,nonsevere
941295,0.13020464673647714,nonsevere
941296,0.13020464673647714,nonsevere
941297,0.13020464673647714,nonsevere
941298,0.13020464673647714,nonsevere
941299,0.13020464673647714,nonsevere
941300,0.13020464673647714,nonsevere
941301,0.13020464673647714,nonsevere
941302,0.13020464673647714,nonsevere
941303,0.13020464673647714,nonsevere
941304,0.13020464673647714,nonsevere
941305,0.13020464673647714,nonsevere
941306,0.13020464673647714,nonsevere
941307,0.13020464673647714,nonsevere
941308,0.13020464673647714,nonsevere
941309,0.13020464673647714,nonsevere
941310,0.13020464673647714,nonsevere
941311,0.13020464673647714,nonsevere
941312,0.13020464673647714,nonsevere
941313,0.13020464673647714,nonsevere
941314,0.13020464673647714,nonsevere
941315,0.13020464673647714,nonsevere
941316,0.13020464673647714,nonsevere
941317,0.13020464673647714,nonsevere
941318,0.13020464673647714,nonsevere
941319,0.13020464673647714,nonsevere
941320,0.13020464673647714,nonsevere
941321,0.13020464673647714,nonsevere
999535,0.13020464673647714,nonsevere
