,Gene_set,Term,Overlap,P-value,Adjusted P-value,Old P-value,Old Adjusted P-value,Odds Ratio,Combined Score,Genes,log10FDR
0,Reactome_2022,Platelet Degranulation,2/125,0.00335715123549,0.1125454117076834,0,0,26.914634146341463,153.323587344465,LGALS3BP;CALU,0.9486722057781023
1,Reactome_2022,Response To Elevated Platelet Cytosolic Ca2+,2/130,0.003624975058181,0.1125454117076834,0,0,25.856770833333332,145.31266993008884,LGALS3BP;CALU,0.9486722057781023
2,Reactome_2022,Telomere C-strand Synthesis Initiation,1/12,0.0083699358209422,0.1125454117076834,0,0,139.6853146853147,668.1300945358273,TERF2,0.9486722057781023
3,Reactome_2022,Removal Of Flap Intermediate From C-strand,1/17,0.0118381886593292,0.1125454117076834,0,0,96.0096153846154,425.9394239533147,TERF2,0.9486722057781023
4,Reactome_2022,"Platelet Activation, Signaling And Aggregation",2/254,0.0132201526041538,0.1125454117076834,0,0,13.051587301587302,56.46133504773323,LGALS3BP;CALU,0.9486722057781023
5,Reactome_2022,Processive Synthesis On C-strand Of Telomere,1/19,0.013222334171232,0.1125454117076834,0,0,85.33333333333333,369.13902050225767,TERF2,0.9486722057781023
6,Reactome_2022,Inflammasomes,1/21,0.0146046795939876,0.1125454117076834,0,0,76.79230769230769,324.5560291468294,AIM2,0.9486722057781023
7,Reactome_2022,Telomere Extension By Telomerase,1/23,0.015985227036696,0.1125454117076834,0,0,69.8041958041958,288.7164567086745,TERF2,0.9486722057781023
8,Reactome_2022,Polymerase Switching On C-strand Of Telomere,1/25,0.0173639786153884,0.1125454117076834,0,0,63.98076923076923,259.3369252570107,TERF2,0.9486722057781023
9,Reactome_2022,HDMs Demethylate Histones,1/26,0.0180526816175866,0.1125454117076834,0,0,61.418461538461536,246.562020931719,KDM5C,0.9486722057781023
10,Reactome_2022,DNA Repair,2/310,0.0192712479668301,0.1125454117076834,0,0,10.648268398268398,42.05151369918778,HERC2;TERF2,0.9486722057781023
11,Reactome_2022,"Glutamate Binding, Activation Of AMPA Receptors And Synaptic Plasticity",1/31,0.0214894793855565,0.1125454117076834,0,0,51.16923076923077,196.4996601316088,EPB41L1,0.9486722057781023
12,Reactome_2022,Packaging Of Telomere Ends,1/33,0.022861068741375,0.1125454117076834,0,0,47.96634615384615,181.23219876999113,TERF2,0.9486722057781023
13,Reactome_2022,Telomere C-strand (Lagging Strand) Synthesis,1/33,0.022861068741375,0.1125454117076834,0,0,47.96634615384615,181.23219876999113,TERF2,0.9486722057781023
14,Reactome_2022,Cleavage Of Damaged Purine,1/37,0.025598893875467,0.1125454117076834,0,0,42.62820512820513,156.2411590204543,TERF2,0.9486722057781023
15,Reactome_2022,Cleavage Of Damaged Pyrimidine,1/42,0.0290111592858413,0.1125454117076834,0,0,37.4202626641651,132.4705258751648,TERF2,0.9486722057781023
16,Reactome_2022,"Base-Excision Repair, AP Site Formation",1/44,0.0303729561855169,0.1125454117076834,0,0,35.67620751341681,124.65989939397582,TERF2,0.9486722057781023
17,Reactome_2022,Inhibition Of DNA Recombination At Telomere,1/48,0.0330912315021826,0.1125454117076834,0,0,32.633387888707034,111.23047645903024,TERF2,0.9486722057781023
18,Reactome_2022,Extension Of Telomeres,1/50,0.0344477141698711,0.1125454117076834,0,0,31.298273155416013,105.4223689491126,TERF2,0.9486722057781023
19,Reactome_2022,Nonhomologous End-Joining (NHEJ),1/51,0.035125292681812,0.1125454117076834,0,0,30.67076923076923,102.71130924814014,HERC2,0.9486722057781023
20,Reactome_2022,"Nucleotide-binding Domain, Leucine Rich Repeat Containing NLR Signaling Pathways",1/53,0.0364791253950767,0.1125454117076834,0,0,29.488165680473372,97.63576151436207,AIM2,0.9486722057781023
21,Reactome_2022,Sensory Processing Of Sound By Outer Hair Cells Of Cochlea,1/53,0.0364791253950767,0.1125454117076834,0,0,29.488165680473372,97.63576151436207,EPB41L1,0.9486722057781023
22,Reactome_2022,Neurexins And Neuroligins,1/57,0.0391815009686787,0.1125454117076834,0,0,27.376373626373628,88.68714644738452,EPB41L1,0.9486722057781023
23,Reactome_2022,Recruitment And ATM-mediated Phosphorylation Of Repair And Signal Proteins At DNA Double Strand Breaks,1/60,0.0412036623612398,0.1125454117076834,0,0,25.980443285528033,82.85756066816143,HERC2,0.9486722057781023
24,Reactome_2022,Meiotic Synapsis,1/60,0.0412036623612398,0.1125454117076834,0,0,25.980443285528033,82.85756066816143,TERF2,0.9486722057781023
25,Reactome_2022,DNA Damage/Telomere Stress Induced Senescence,1/61,0.041876837511306,0.1125454117076834,0,0,25.54615384615385,81.05851861588675,TERF2,0.9486722057781023
26,Reactome_2022,DNA Double Strand Break Response,1/61,0.041876837511306,0.1125454117076834,0,0,25.54615384615385,81.05851861588675,HERC2,0.9486722057781023
27,Reactome_2022,Cytosolic Sensors Of Pathogen-Associated DNA,1/63,0.0432218714274676,0.1125454117076834,0,0,24.719602977667495,77.65437409472437,AIM2,0.9486722057781023
28,Reactome_2022,COPII-mediated Vesicle Transport,1/66,0.0452361352854174,0.1125454117076834,0,0,23.57514792899408,72.98533526719285,STX17,0.9486722057781023
29,Reactome_2022,Collagen Biosynthesis And Modifying Enzymes,1/67,0.0459066810912919,0.1125454117076834,0,0,23.216783216783217,71.53426658516943,PLOD3,0.9486722057781023
30,Reactome_2022,Sensory Processing Of Sound By Inner Hair Cells Of Cochlea,1/67,0.0459066810912919,0.1125454117076834,0,0,23.216783216783217,71.53426658516943,EPB41L1,0.9486722057781023
31,Reactome_2022,Base Excision Repair,1/72,0.0492528558004378,0.1141913696050176,0,0,21.57638136511376,64.9619085278147,TERF2,0.9423667181090217
32,Reactome_2022,Sensory Processing Of Sound,1/75,0.0512553266419403,0.1141913696050176,0,0,20.698544698544698,61.494046042978006,EPB41L1,0.9423667181090217
33,Reactome_2022,SUMOylation Of DNA Damage Response And Repair Proteins,1/76,0.0519219461635218,0.1141913696050176,0,0,20.42153846153846,60.40719102216577,HERC2,0.9423667181090217
34,Reactome_2022,G2/M DNA Damage Checkpoint,1/77,0.0525881307391528,0.1141913696050176,0,0,20.15182186234818,59.35245231348692,HERC2,0.9423667181090217
35,Reactome_2022,Processing Of DNA Double-Strand Break Ends,1/80,0.0545840774557414,0.1152330524065651,0,0,19.383641674780915,56.36788314936266,HERC2,0.9384229339428962
36,Reactome_2022,Protein-protein Interactions At Synapses,1/88,0.0598875296892885,0.1159071996210894,0,0,17.594164456233422,49.53262213559414,EPB41L1,0.9358895868267484
37,Reactome_2022,Meiosis,1/88,0.0598875296892885,0.1159071996210894,0,0,17.594164456233422,49.53262213559414,TERF2,0.9358895868267484
38,Reactome_2022,Hemostasis,2/576,0.059946127019289,0.1159071996210894,0,0,5.636469221835076,15.8627660767645,LGALS3BP;CALU,0.9358895868267484
39,Reactome_2022,Collagen Formation,1/90,0.0612090694238439,0.1159071996210894,0,0,17.197061365600693,48.03930144720859,PLOD3,0.9358895868267484
40,Reactome_2022,Telomere Maintenance,1/92,0.062528884006114,0.1159071996210894,0,0,16.817413355874894,46.620000334774936,TERF2,0.9358895868267484
41,Reactome_2022,Membrane Trafficking,2/599,0.0642448797980728,0.1162526396346079,0,0,5.4128978224455615,14.858692760727497,SCARB2;STX17,0.9345971772274321
42,Reactome_2022,Post-translational Protein Modification,3/1383,0.0676970083667172,0.1184930136785766,0,0,3.677075098814229,9.901308985439236,HERC2;STX17;CALU,0.9263072548039766
43,Reactome_2022,Cargo Recognition For Clathrin-Mediated Endocytosis,1/104,0.0704116591696319,0.1184930136785766,0,0,14.849141150112024,39.400657913218666,SCARB2,0.9263072548039766
44,Reactome_2022,Vesicle-mediated Transport,2/637,0.0715760557562891,0.1184930136785766,0,0,5.079002624671916,13.393302889573231,SCARB2;STX17,0.9263072548039766
45,Reactome_2022,Post-translational Protein Phosphorylation,1/106,0.0717194556475595,0.1184930136785766,0,0,14.564835164835165,38.37824191326997,CALU,0.9263072548039766
46,Reactome_2022,Cell Cycle,2/654,0.0749442326866954,0.1193255465181267,0,0,4.942229038854806,12.805369834854693,HERC2;TERF2,0.9232665678625092
47,Reactome_2022,Reproduction,1/113,0.0762833015257954,0.1193255465181267,0,0,13.649725274725276,35.124854668215484,TERF2,0.9232665678625092
48,Reactome_2022,HDR Thru Homologous Recombination (HRR) Or Single Strand Annealing (SSA),1/114,0.0769335760445817,0.1193255465181267,0,0,13.528250510551397,34.697431128919675,HERC2,0.9232665678625092
49,Reactome_2022,Chromosome Maintenance,1/118,0.0795304257434089,0.1194818015385364,0,0,13.06311637080868,33.07078940821261,TERF2,0.9226982377556664
50,Reactome_2022,Homology Directed Repair,1/119,0.0801785773482284,0.1194818015385364,0,0,12.951760104302478,32.683752572491365,HERC2,0.9226982377556664
51,Reactome_2022,Regulation Of IGF Transport And Uptake By IGFBPs,1/123,0.0827669482026598,0.1209670781423489,0,0,12.524590163934429,31.207852882207167,CALU,0.9173328092417764
52,Reactome_2022,ER To Golgi Anterograde Transport,1/133,0.0892083155265458,0.1279213581135374,0,0,11.56993006993007,27.961987399777197,STX17,0.8930569384262677
53,Reactome_2022,Clathrin-mediated Endocytosis,1/142,0.0949696076866661,0.1336609293367893,0,0,10.826513911620294,25.487761269858467,SCARB2,0.8739955235771595
54,Reactome_2022,G2/M Checkpoints,1/148,0.0987916491782093,0.1349369102544597,0,0,10.381475667189951,24.030439828110733,HERC2,0.8698692384137261
55,Reactome_2022,DNA Double-Strand Break Repair,1/149,0.0994271970296019,0.1349369102544597,0,0,10.31081081081081,23.800749699495004,HERC2,0.8698692384137261
56,Reactome_2022,Transport To Golgi And Subsequent Modification,1/164,0.1089106110774197,0.1435289804592075,0,0,9.354884379424258,20.741909852754212,STX17,0.8430604000952616
57,Reactome_2022,Cellular Senescence,1/165,0.109539529792404,0.1435289804592075,0,0,9.297373358348969,20.560860328803205,TERF2,0.8430604000952616
58,Reactome_2022,SUMO E3 Ligases SUMOylate Target Proteins,1/168,0.1114238137775427,0.1435289804592075,0,0,9.128972823583602,20.032747651479024,HERC2,0.8430604000952616
59,Reactome_2022,SUMOylation,1/174,0.1151812793562318,0.1458962871845603,0,0,8.809693196976434,19.039932238782733,HERC2,0.8359557600309813
60,Reactome_2022,Neurotransmitter Receptors And Postsynaptic Signal Transmission,1/182,0.1201682851848245,0.1497178635089616,0,0,8.416914577135572,17.834281650542312,EPB41L1,0.8247263789453325
61,Reactome_2022,Metabolism Of Proteins,3/1890,0.1398664217671349,0.1714491621661653,0,0,2.615840439369851,5.1455345619595745,HERC2;STX17;CALU,0.7658646328441682
62,Reactome_2022,Chromatin Modifying Enzymes,1/238,0.1543532642057949,0.1862039377720701,0,0,6.409931840311587,11.97703058979952,KDM5C,0.7300111389583386
63,Reactome_2022,Transmission Across Chemical Synapses,1/246,0.1591348899679038,0.1889726818368857,0,0,6.198116169544741,11.392156559255088,EPB41L1,0.7236009735251825
64,Reactome_2022,Cell Cycle Checkpoints,1/271,0.1739161448381884,0.2033481078108049,0,0,5.617094017094017,9.825319871419756,HERC2,0.691759864425607
65,Reactome_2022,Asparagine N-linked Glycosylation,1/282,0.1803431480452471,0.2076678674460421,0,0,5.394196550780181,9.239686177870396,STX17,0.6826306968710111
66,Reactome_2022,Extracellular Matrix Organization,1/291,0.1855670365724471,0.210493951932925,0,0,5.224403183023873,8.799666446026235,PLOD3,0.676760378117585
67,Reactome_2022,Antigen Processing: Ubiquitination And Proteasome Degradation,1/307,0.1947776893844402,0.2176927116649626,0,0,4.947209653092006,8.093122586275237,HERC2,0.6621561108609504
68,Reactome_2022,Class I MHC Mediated Antigen Processing And Presentation,1/378,0.2344949999156491,0.2582843477331788,0,0,4.001020199959192,5.802763672016745,HERC2,0.5879019116705804
69,Reactome_2022,Neuronal System,1/386,0.2388542836698848,0.2593275079844463,0,0,3.916283716283716,5.607732937987401,EPB41L1,0.5861514133030777
70,Reactome_2022,Sensory Perception,1/616,0.354754153845068,0.3797368407355657,0,0,2.422889305816135,2.5109134892077796,EPB41L1,0.4205172670898009
71,Reactome_2022,Immune System,2/1943,0.4006870825213781,0.4139455844020505,0,0,1.5494590417310663,1.4170957270306574,AIM2;HERC2,0.38305674570798975
72,Reactome_2022,Cellular Responses To Stress,1/722,0.4024502007049508,0.4139455844020505,0,0,2.055371812653366,1.870766362676252,TERF2,0.38305674570798975
73,Reactome_2022,Adaptive Immune System,1/733,0.4072075819637851,0.4139455844020505,0,0,2.023329129886507,1.8178240296824544,HERC2,0.38305674570798975
74,Reactome_2022,Cellular Responses To Stimuli,1/736,0.4084989319757077,0.4139455844020505,0,0,2.014756671899529,1.8037431046937864,TERF2,0.38305674570798975
75,Reactome_2022,Innate Immune System,1/1035,0.5248697827696305,0.5248697827696305,0,0,1.4099092396964736,0.9088346582127304,AIM2,0.27994842924016045
