vtaxid,prob_direct contact,prob_faecal-oral,prob_respiratory,prob_vector,pred_label
1032690,0.2281,0.7022,0.0389,0.0308,faecal-oral
1032691,0.2281,0.7022,0.0389,0.0308,faecal-oral
104580,0.0772,0.8911,0.0137,0.0180,faecal-oral
106966,0.0724,0.8951,0.0139,0.0186,faecal-oral
1074213,0.0724,0.8951,0.0139,0.0186,faecal-oral
1076281,0.1924,0.0924,0.6994,0.0159,respiratory
1076282,0.1924,0.0924,0.6994,0.0159,respiratory
1076283,0.1924,0.0924,0.6994,0.0159,respiratory
1076284,0.2775,0.1176,0.5699,0.0351,respiratory
1076285,0.1924,0.0924,0.6994,0.0159,respiratory
10891,0.0975,0.8672,0.0155,0.0198,faecal-oral
1095764,0.0975,0.8672,0.0155,0.0198,faecal-oral
10970,0.4829,0.1642,0.2998,0.0531,direct contact
1105379,0.0975,0.8672,0.0155,0.0198,faecal-oral
1105380,0.0975,0.8672,0.0155,0.0198,faecal-oral
1112700,0.0975,0.8672,0.0155,0.0198,faecal-oral
1141625,0.0975,0.8672,0.0155,0.0198,faecal-oral
1156749,0.1306,0.8405,0.0143,0.0146,faecal-oral
11665,0.0975,0.8672,0.0155,0.0198,faecal-oral
1181292,0.0975,0.8672,0.0155,0.0198,faecal-oral
11819,0.0975,0.8672,0.0155,0.0198,faecal-oral
11834,0.2191,0.7498,0.0085,0.0226,faecal-oral
11840,0.0975,0.8672,0.0155,0.0198,faecal-oral
11855,0.2568,0.7066,0.0169,0.0198,faecal-oral
11856,0.1279,0.8318,0.0171,0.0233,faecal-oral
1186059,0.0975,0.8672,0.0155,0.0198,faecal-oral
11864,0.0934,0.8677,0.0071,0.0318,faecal-oral
11884,0.1217,0.8431,0.0200,0.0153,faecal-oral
11885,0.1030,0.7532,0.0724,0.0714,faecal-oral
11901,0.0958,0.8652,0.0206,0.0184,faecal-oral
1194163,0.0975,0.8672,0.0155,0.0198,faecal-oral
1194164,0.0975,0.8672,0.0155,0.0198,faecal-oral
11970,0.2121,0.7420,0.0111,0.0349,faecal-oral
1203029,0.0975,0.8672,0.0155,0.0198,faecal-oral
1221646,0.0975,0.8672,0.0155,0.0198,faecal-oral
1222038,0.0975,0.8672,0.0155,0.0198,faecal-oral
1222039,0.0975,0.8672,0.0155,0.0198,faecal-oral
1222040,0.0975,0.8672,0.0155,0.0198,faecal-oral
1222041,0.0975,0.8672,0.0155,0.0198,faecal-oral
1222042,0.0975,0.8672,0.0155,0.0198,faecal-oral
1222043,0.0975,0.8672,0.0155,0.0198,faecal-oral
1222044,0.0975,0.8672,0.0155,0.0198,faecal-oral
1222045,0.0975,0.8672,0.0155,0.0198,faecal-oral
1222046,0.0975,0.8672,0.0155,0.0198,faecal-oral
1222047,0.0975,0.8672,0.0155,0.0198,faecal-oral
1222048,0.0975,0.8672,0.0155,0.0198,faecal-oral
1222049,0.0975,0.8672,0.0155,0.0198,faecal-oral
1222050,0.0975,0.8672,0.0155,0.0198,faecal-oral
1222051,0.0975,0.8672,0.0155,0.0198,faecal-oral
12239,0.0975,0.8672,0.0155,0.0198,faecal-oral
12286,0.0975,0.8672,0.0155,0.0198,faecal-oral
1239438,0.0975,0.8672,0.0155,0.0198,faecal-oral
1239439,0.0975,0.8672,0.0155,0.0198,faecal-oral
1239567,0.0975,0.8672,0.0155,0.0198,faecal-oral
1239568,0.0975,0.8672,0.0155,0.0198,faecal-oral
1239569,0.0926,0.8611,0.0176,0.0287,faecal-oral
1244521,0.2737,0.1947,0.4676,0.0640,respiratory
1244522,0.3803,0.0837,0.4957,0.0404,respiratory
1244525,0.3288,0.0979,0.4804,0.0929,respiratory
1254425,0.0975,0.8672,0.0155,0.0198,faecal-oral
1285463,0.0975,0.8672,0.0155,0.0198,faecal-oral
1293419,0.0975,0.8672,0.0155,0.0198,faecal-oral
1293420,0.0975,0.8672,0.0155,0.0198,faecal-oral
1312874,0.0975,0.8672,0.0155,0.0198,faecal-oral
1329782,0.0975,0.8672,0.0155,0.0198,faecal-oral
1330066,0.0975,0.8672,0.0155,0.0198,faecal-oral
1330068,0.0975,0.8672,0.0155,0.0198,faecal-oral
1330521,0.0712,0.8950,0.0151,0.0187,faecal-oral
1330993,0.0975,0.8672,0.0155,0.0198,faecal-oral
1402035,0.0975,0.8672,0.0155,0.0198,faecal-oral
1408279,0.0455,0.7454,0.0693,0.1398,faecal-oral
1417603,0.0975,0.8672,0.0155,0.0198,faecal-oral
1417604,0.0975,0.8672,0.0155,0.0198,faecal-oral
1417605,0.0975,0.8672,0.0155,0.0198,faecal-oral
1417606,0.0975,0.8672,0.0155,0.0198,faecal-oral
1417607,0.0975,0.8672,0.0155,0.0198,faecal-oral
1417608,0.0975,0.8672,0.0155,0.0198,faecal-oral
1417609,0.0975,0.8672,0.0155,0.0198,faecal-oral
1417610,0.0975,0.8672,0.0155,0.0198,faecal-oral
1417611,0.0975,0.8672,0.0155,0.0198,faecal-oral
1417612,0.0975,0.8672,0.0155,0.0198,faecal-oral
1417613,0.0975,0.8672,0.0155,0.0198,faecal-oral
1417614,0.0975,0.8672,0.0155,0.0198,faecal-oral
1417615,0.0975,0.8672,0.0155,0.0198,faecal-oral
1417616,0.0975,0.8672,0.0155,0.0198,faecal-oral
1417617,0.0975,0.8672,0.0155,0.0198,faecal-oral
1417618,0.0975,0.8672,0.0155,0.0198,faecal-oral
1417619,0.0975,0.8672,0.0155,0.0198,faecal-oral
1428481,0.0975,0.8672,0.0155,0.0198,faecal-oral
1432857,0.0975,0.8672,0.0155,0.0198,faecal-oral
1437125,0.0975,0.8672,0.0155,0.0198,faecal-oral
1521109,0.0975,0.8672,0.0155,0.0198,faecal-oral
1523264,0.0975,0.8672,0.0155,0.0198,faecal-oral
1523265,0.0975,0.8672,0.0155,0.0198,faecal-oral
1523266,0.0975,0.8672,0.0155,0.0198,faecal-oral
1523268,0.0975,0.8672,0.0155,0.0198,faecal-oral
1523273,0.0975,0.8672,0.0155,0.0198,faecal-oral
1523276,0.0975,0.8672,0.0155,0.0198,faecal-oral
1523277,0.0975,0.8672,0.0155,0.0198,faecal-oral
1523278,0.0975,0.8672,0.0155,0.0198,faecal-oral
1523281,0.0944,0.8711,0.0156,0.0189,faecal-oral
1523282,0.0975,0.8672,0.0155,0.0198,faecal-oral
1523285,0.0975,0.8672,0.0155,0.0198,faecal-oral
1523287,0.0975,0.8672,0.0155,0.0198,faecal-oral
1523288,0.0975,0.8672,0.0155,0.0198,faecal-oral
1523289,0.0975,0.8672,0.0155,0.0198,faecal-oral
1525176,0.0975,0.8672,0.0155,0.0198,faecal-oral
1525177,0.0975,0.8672,0.0155,0.0198,faecal-oral
1525178,0.0975,0.8672,0.0155,0.0198,faecal-oral
1525179,0.0975,0.8672,0.0155,0.0198,faecal-oral
1530251,0.0975,0.8672,0.0155,0.0198,faecal-oral
1569923,0.1040,0.8615,0.0153,0.0192,faecal-oral
1602211,0.0975,0.8672,0.0155,0.0198,faecal-oral
1608040,0.0975,0.8672,0.0155,0.0198,faecal-oral
1609130,0.0975,0.8672,0.0155,0.0198,faecal-oral
1609131,0.0975,0.8672,0.0155,0.0198,faecal-oral
1615798,0.0975,0.8672,0.0155,0.0198,faecal-oral
164250,0.2405,0.4870,0.1691,0.1034,faecal-oral
1678146,0.0975,0.8672,0.0155,0.0198,faecal-oral
1679172,0.0975,0.8672,0.0155,0.0198,faecal-oral
1714296,0.0975,0.8672,0.0155,0.0198,faecal-oral
1714297,0.0995,0.8702,0.0153,0.0150,faecal-oral
1714298,0.0975,0.8672,0.0155,0.0198,faecal-oral
1714360,0.0975,0.8672,0.0155,0.0198,faecal-oral
1714361,0.0975,0.8672,0.0155,0.0198,faecal-oral
178530,0.0975,0.8672,0.0155,0.0198,faecal-oral
1803959,0.1029,0.8559,0.0128,0.0283,faecal-oral
1803961,0.0870,0.8528,0.0229,0.0374,faecal-oral
1884453,0.0730,0.8708,0.0173,0.0389,faecal-oral
1899067,0.0975,0.8672,0.0155,0.0198,faecal-oral
1899068,0.0975,0.8672,0.0155,0.0198,faecal-oral
1899069,0.0975,0.8672,0.0155,0.0198,faecal-oral
1899070,0.0975,0.8672,0.0155,0.0198,faecal-oral
1899071,0.0975,0.8672,0.0155,0.0198,faecal-oral
1899072,0.0975,0.8672,0.0155,0.0198,faecal-oral
1899073,0.0975,0.8672,0.0155,0.0198,faecal-oral
1899074,0.0975,0.8672,0.0155,0.0198,faecal-oral
1899075,0.0975,0.8672,0.0155,0.0198,faecal-oral
1899076,0.0975,0.8672,0.0155,0.0198,faecal-oral
1899077,0.0975,0.8672,0.0155,0.0198,faecal-oral
1899078,0.0975,0.8672,0.0155,0.0198,faecal-oral
1899079,0.0975,0.8672,0.0155,0.0198,faecal-oral
1899080,0.0975,0.8672,0.0155,0.0198,faecal-oral
1899081,0.0975,0.8672,0.0155,0.0198,faecal-oral
1899082,0.0975,0.8672,0.0155,0.0198,faecal-oral
1899083,0.0650,0.9096,0.0146,0.0107,faecal-oral
1899084,0.0975,0.8672,0.0155,0.0198,faecal-oral
1899085,0.0650,0.9096,0.0146,0.0107,faecal-oral
1899086,0.0650,0.9096,0.0146,0.0107,faecal-oral
1906931,0.0760,0.1543,0.0413,0.7284,vector
1907787,0.0975,0.8672,0.0155,0.0198,faecal-oral
1912147,0.0975,0.8672,0.0155,0.0198,faecal-oral
1914575,0.0975,0.8672,0.0155,0.0198,faecal-oral
1914576,0.0975,0.8672,0.0155,0.0198,faecal-oral
1922835,0.0975,0.8672,0.0155,0.0198,faecal-oral
1923094,0.0975,0.8672,0.0155,0.0198,faecal-oral
1923116,0.0975,0.8672,0.0155,0.0198,faecal-oral
1923133,0.0975,0.8672,0.0155,0.0198,faecal-oral
1933176,0.0975,0.8672,0.0155,0.0198,faecal-oral
1933263,0.0975,0.8672,0.0155,0.0198,faecal-oral
196403,0.2616,0.7188,0.0120,0.0077,faecal-oral
1972587,0.0975,0.8672,0.0155,0.0198,faecal-oral
1986118,0.0975,0.8672,0.0155,0.0198,faecal-oral
1987124,0.0725,0.8934,0.0152,0.0189,faecal-oral
2044876,0.0975,0.8672,0.0155,0.0198,faecal-oral
2053898,0.1040,0.8615,0.0153,0.0192,faecal-oral
2081950,0.0975,0.8672,0.0155,0.0198,faecal-oral
2094719,0.0975,0.8672,0.0155,0.0198,faecal-oral
2152919,0.0975,0.8672,0.0155,0.0198,faecal-oral
2169479,0.0975,0.8672,0.0155,0.0198,faecal-oral
2184749,0.0975,0.8672,0.0155,0.0198,faecal-oral
2219046,0.1040,0.8615,0.0153,0.0192,faecal-oral
2219047,0.0975,0.8672,0.0155,0.0198,faecal-oral
2219048,0.0975,0.8672,0.0155,0.0198,faecal-oral
2219052,0.0975,0.8672,0.0155,0.0198,faecal-oral
2219053,0.1040,0.8615,0.0153,0.0192,faecal-oral
2219997,0.0975,0.8672,0.0155,0.0198,faecal-oral
2269360,0.0943,0.8748,0.0145,0.0164,faecal-oral
235406,0.0975,0.8672,0.0155,0.0198,faecal-oral
2364099,0.0975,0.8672,0.0155,0.0198,faecal-oral
2497867,0.0975,0.8672,0.0155,0.0198,faecal-oral
2499678,0.0975,0.8672,0.0155,0.0198,faecal-oral
2501947,0.1072,0.8562,0.0165,0.0202,faecal-oral
2516502,0.0975,0.8672,0.0155,0.0198,faecal-oral
2602438,0.0975,0.8672,0.0155,0.0198,faecal-oral
2716315,0.0975,0.8672,0.0155,0.0198,faecal-oral
2778245,0.0975,0.8672,0.0155,0.0198,faecal-oral
2778246,0.0975,0.8672,0.0155,0.0198,faecal-oral
2778247,0.0975,0.8672,0.0155,0.0198,faecal-oral
2778248,0.0975,0.8672,0.0155,0.0198,faecal-oral
2778249,0.0975,0.8672,0.0155,0.0198,faecal-oral
2778250,0.0975,0.8672,0.0155,0.0198,faecal-oral
2778251,0.0975,0.8672,0.0155,0.0198,faecal-oral
2778252,0.0975,0.8672,0.0155,0.0198,faecal-oral
2778253,0.0975,0.8672,0.0155,0.0198,faecal-oral
2831046,0.0975,0.8672,0.0155,0.0198,faecal-oral
2844304,0.0738,0.8893,0.0158,0.0211,faecal-oral
286540,0.2693,0.1435,0.5227,0.0645,respiratory
2936928,0.0975,0.8672,0.0155,0.0198,faecal-oral
295016,0.0975,0.8672,0.0155,0.0198,faecal-oral
2994337,0.0364,0.9092,0.0143,0.0400,faecal-oral
3047346,0.0975,0.8672,0.0155,0.0198,faecal-oral
3047369,0.0975,0.8672,0.0155,0.0198,faecal-oral
3047370,0.0975,0.8672,0.0155,0.0198,faecal-oral
3047809,0.0975,0.8672,0.0155,0.0198,faecal-oral
3047952,0.0975,0.8672,0.0155,0.0198,faecal-oral
3048166,0.0975,0.8672,0.0155,0.0198,faecal-oral
3048206,0.0969,0.8683,0.0171,0.0177,faecal-oral
3048297,0.0975,0.8672,0.0155,0.0198,faecal-oral
3048318,0.0975,0.8672,0.0155,0.0198,faecal-oral
3048439,0.0955,0.8604,0.0201,0.0241,faecal-oral
3050329,0.0975,0.8672,0.0155,0.0198,faecal-oral
3052316,0.0464,0.9195,0.0143,0.0198,faecal-oral
3052329,0.0854,0.8797,0.0157,0.0192,faecal-oral
3052343,0.0975,0.8672,0.0155,0.0198,faecal-oral
3052370,0.0975,0.8672,0.0155,0.0198,faecal-oral
3052380,0.0975,0.8672,0.0155,0.0198,faecal-oral
3052393,0.0975,0.8672,0.0155,0.0198,faecal-oral
3052394,0.0975,0.8672,0.0155,0.0198,faecal-oral
3052400,0.0941,0.8676,0.0161,0.0223,faecal-oral
3052404,0.1114,0.6599,0.0497,0.1790,faecal-oral
3052421,0.0995,0.8702,0.0153,0.0150,faecal-oral
3052424,0.0975,0.8672,0.0155,0.0198,faecal-oral
3052441,0.0975,0.8672,0.0155,0.0198,faecal-oral
3052445,0.0634,0.8903,0.0168,0.0295,faecal-oral
3052457,0.1086,0.8032,0.0416,0.0466,faecal-oral
3052467,0.1096,0.8478,0.0187,0.0239,faecal-oral
3052492,0.0802,0.8911,0.0146,0.0140,faecal-oral
3052509,0.0975,0.8672,0.0155,0.0198,faecal-oral
3052521,0.0975,0.8672,0.0155,0.0198,faecal-oral
3052538,0.0712,0.8950,0.0151,0.0187,faecal-oral
3052616,0.0975,0.8672,0.0155,0.0198,faecal-oral
3052618,0.0975,0.8672,0.0155,0.0198,faecal-oral
3052620,0.0975,0.8672,0.0155,0.0198,faecal-oral
3052621,0.0975,0.8672,0.0155,0.0198,faecal-oral
3052625,0.1363,0.2864,0.1651,0.4123,vector
3052626,0.0975,0.8672,0.0155,0.0198,faecal-oral
3052637,0.0975,0.8672,0.0155,0.0198,faecal-oral
3052661,0.1372,0.7430,0.0728,0.0470,faecal-oral
3052809,0.0975,0.8672,0.0155,0.0198,faecal-oral
3052826,0.0748,0.2358,0.1544,0.5350,vector
3060496,0.0995,0.8702,0.0153,0.0150,faecal-oral
3060507,0.0975,0.8672,0.0155,0.0198,faecal-oral
308159,0.1613,0.3945,0.1090,0.3351,faecal-oral
3158245,0.1279,0.8318,0.0171,0.0233,faecal-oral
336959,0.0975,0.8672,0.0155,0.0198,faecal-oral
340187,0.0975,0.8672,0.0155,0.0198,faecal-oral
341730,0.0975,0.8672,0.0155,0.0198,faecal-oral
348136,0.0975,0.8672,0.0155,0.0198,faecal-oral
354090,0.0556,0.2403,0.2025,0.5016,vector
363747,0.0975,0.8672,0.0155,0.0198,faecal-oral
37741,0.3737,0.1385,0.3919,0.0959,direct contact
38016,0.0975,0.8672,0.0155,0.0198,faecal-oral
384335,0.0975,0.8672,0.0155,0.0198,faecal-oral
390157,0.0975,0.8672,0.0155,0.0198,faecal-oral
394239,0.1203,0.8426,0.0161,0.0210,faecal-oral
405554,0.0975,0.8672,0.0155,0.0198,faecal-oral
430511,0.2352,0.5117,0.1621,0.0910,faecal-oral
430911,0.0975,0.8672,0.0155,0.0198,faecal-oral
433731,0.0521,0.9168,0.0135,0.0175,faecal-oral
433732,0.0712,0.8950,0.0151,0.0187,faecal-oral
46920,0.5798,0.1134,0.2705,0.0363,direct contact
47681,0.0956,0.8657,0.0204,0.0184,faecal-oral
481494,0.0975,0.8672,0.0155,0.0198,faecal-oral
481495,0.0975,0.8672,0.0155,0.0198,faecal-oral
481497,0.0975,0.8672,0.0155,0.0198,faecal-oral
481503,0.0975,0.8672,0.0155,0.0198,faecal-oral
481504,0.1335,0.8317,0.0160,0.0187,faecal-oral
481510,0.0975,0.8672,0.0155,0.0198,faecal-oral
481513,0.0975,0.8672,0.0155,0.0198,faecal-oral
496406,0.0975,0.8672,0.0155,0.0198,faecal-oral
496407,0.1279,0.8318,0.0171,0.0233,faecal-oral
496408,0.0975,0.8672,0.0155,0.0198,faecal-oral
496409,0.1279,0.8318,0.0171,0.0233,faecal-oral
497343,0.5804,0.1778,0.1791,0.0627,direct contact
497344,0.5475,0.1460,0.2674,0.0392,direct contact
497915,0.0975,0.8672,0.0155,0.0198,faecal-oral
537513,0.0975,0.8672,0.0155,0.0198,faecal-oral
537514,0.0975,0.8672,0.0155,0.0198,faecal-oral
537516,0.0975,0.8672,0.0155,0.0198,faecal-oral
537517,0.0725,0.8934,0.0152,0.0189,faecal-oral
537524,0.0975,0.8672,0.0155,0.0198,faecal-oral
537526,0.0975,0.8672,0.0155,0.0198,faecal-oral
537528,0.0975,0.8672,0.0155,0.0198,faecal-oral
537530,0.0975,0.8672,0.0155,0.0198,faecal-oral
537531,0.0975,0.8672,0.0155,0.0198,faecal-oral
537534,0.0975,0.8672,0.0155,0.0198,faecal-oral
537535,0.0975,0.8672,0.0155,0.0198,faecal-oral
537539,0.2059,0.7517,0.0174,0.0249,faecal-oral
537543,0.0975,0.8672,0.0155,0.0198,faecal-oral
537547,0.0975,0.8672,0.0155,0.0198,faecal-oral
537550,0.0975,0.8672,0.0155,0.0198,faecal-oral
537551,0.0975,0.8672,0.0155,0.0198,faecal-oral
537552,0.0975,0.8672,0.0155,0.0198,faecal-oral
537553,0.0975,0.8672,0.0155,0.0198,faecal-oral
537555,0.1144,0.8473,0.0159,0.0225,faecal-oral
537557,0.0725,0.8934,0.0152,0.0189,faecal-oral
537558,0.0975,0.8672,0.0155,0.0198,faecal-oral
537559,0.0975,0.8672,0.0155,0.0198,faecal-oral
537560,0.0975,0.8672,0.0155,0.0198,faecal-oral
537561,0.0975,0.8672,0.0155,0.0198,faecal-oral
537563,0.0975,0.8672,0.0155,0.0198,faecal-oral
537565,0.2059,0.7517,0.0174,0.0249,faecal-oral
537566,0.0975,0.8672,0.0155,0.0198,faecal-oral
537570,0.0975,0.8672,0.0155,0.0198,faecal-oral
537573,0.0975,0.8672,0.0155,0.0198,faecal-oral
537574,0.0975,0.8672,0.0155,0.0198,faecal-oral
537577,0.0975,0.8672,0.0155,0.0198,faecal-oral
537578,0.1014,0.8604,0.0200,0.0182,faecal-oral
537584,0.0975,0.8672,0.0155,0.0198,faecal-oral
537587,0.0975,0.8672,0.0155,0.0198,faecal-oral
537588,0.0975,0.8672,0.0155,0.0198,faecal-oral
537589,0.1006,0.8620,0.0167,0.0208,faecal-oral
537591,0.0975,0.8672,0.0155,0.0198,faecal-oral
546676,0.0975,0.8672,0.0155,0.0198,faecal-oral
546677,0.0975,0.8672,0.0155,0.0198,faecal-oral
546678,0.0975,0.8672,0.0155,0.0198,faecal-oral
546679,0.0975,0.8672,0.0155,0.0198,faecal-oral
546680,0.0975,0.8672,0.0155,0.0198,faecal-oral
546681,0.0975,0.8672,0.0155,0.0198,faecal-oral
546682,0.0975,0.8672,0.0155,0.0198,faecal-oral
546683,0.0975,0.8672,0.0155,0.0198,faecal-oral
546685,0.0975,0.8672,0.0155,0.0198,faecal-oral
546687,0.0975,0.8672,0.0155,0.0198,faecal-oral
546688,0.0975,0.8672,0.0155,0.0198,faecal-oral
546689,0.0975,0.8672,0.0155,0.0198,faecal-oral
546691,0.0975,0.8672,0.0155,0.0198,faecal-oral
546692,0.0975,0.8672,0.0155,0.0198,faecal-oral
546693,0.0975,0.8672,0.0155,0.0198,faecal-oral
546694,0.0975,0.8672,0.0155,0.0198,faecal-oral
546696,0.0975,0.8672,0.0155,0.0198,faecal-oral
546697,0.0975,0.8672,0.0155,0.0198,faecal-oral
546698,0.0975,0.8672,0.0155,0.0198,faecal-oral
546699,0.0975,0.8672,0.0155,0.0198,faecal-oral
546700,0.0975,0.8672,0.0155,0.0198,faecal-oral
546701,0.0975,0.8672,0.0155,0.0198,faecal-oral
546702,0.0975,0.8672,0.0155,0.0198,faecal-oral
546703,0.0975,0.8672,0.0155,0.0198,faecal-oral
546709,0.0975,0.8672,0.0155,0.0198,faecal-oral
546710,0.0975,0.8672,0.0155,0.0198,faecal-oral
546711,0.0975,0.8672,0.0155,0.0198,faecal-oral
546714,0.0975,0.8672,0.0155,0.0198,faecal-oral
546715,0.0975,0.8672,0.0155,0.0198,faecal-oral
546721,0.0975,0.8672,0.0155,0.0198,faecal-oral
546722,0.0995,0.8702,0.0153,0.0150,faecal-oral
546723,0.0975,0.8672,0.0155,0.0198,faecal-oral
546725,0.0975,0.8672,0.0155,0.0198,faecal-oral
546726,0.0975,0.8672,0.0155,0.0198,faecal-oral
546727,0.0975,0.8672,0.0155,0.0198,faecal-oral
546728,0.0975,0.8672,0.0155,0.0198,faecal-oral
546729,0.0975,0.8672,0.0155,0.0198,faecal-oral
56094,0.0975,0.8672,0.0155,0.0198,faecal-oral
57667,0.0803,0.8890,0.0152,0.0155,faecal-oral
586421,0.0975,0.8672,0.0155,0.0198,faecal-oral
595895,0.0975,0.8672,0.0155,0.0198,faecal-oral
611726,0.0975,0.8672,0.0155,0.0198,faecal-oral
611728,0.0975,0.8672,0.0155,0.0198,faecal-oral
611730,0.0975,0.8672,0.0155,0.0198,faecal-oral
611734,0.0975,0.8672,0.0155,0.0198,faecal-oral
611737,0.0975,0.8672,0.0155,0.0198,faecal-oral
611738,0.0975,0.8672,0.0155,0.0198,faecal-oral
611739,0.0975,0.8672,0.0155,0.0198,faecal-oral
611740,0.0975,0.8672,0.0155,0.0198,faecal-oral
611741,0.0975,0.8672,0.0155,0.0198,faecal-oral
611757,0.0975,0.8672,0.0155,0.0198,faecal-oral
611758,0.0975,0.8672,0.0155,0.0198,faecal-oral
611759,0.0975,0.8672,0.0155,0.0198,faecal-oral
611761,0.0648,0.8974,0.0174,0.0204,faecal-oral
611762,0.0975,0.8672,0.0155,0.0198,faecal-oral
611763,0.0975,0.8672,0.0155,0.0198,faecal-oral
611764,0.0975,0.8672,0.0155,0.0198,faecal-oral
630716,0.0975,0.8672,0.0155,0.0198,faecal-oral
630718,0.0975,0.8672,0.0155,0.0198,faecal-oral
631345,0.0975,0.8672,0.0155,0.0198,faecal-oral
641884,0.1472,0.5640,0.1973,0.0916,faecal-oral
64318,0.0823,0.8803,0.0160,0.0214,faecal-oral
644610,0.0710,0.5069,0.1489,0.2732,faecal-oral
646294,0.0975,0.8672,0.0155,0.0198,faecal-oral
647367,0.0975,0.8672,0.0155,0.0198,faecal-oral
647369,0.0867,0.8760,0.0150,0.0224,faecal-oral
647372,0.1232,0.8344,0.0153,0.0272,faecal-oral
647374,0.0975,0.8672,0.0155,0.0198,faecal-oral
650036,0.2584,0.1133,0.4411,0.1872,respiratory
658667,0.0975,0.8672,0.0155,0.0198,faecal-oral
659265,0.0975,0.8672,0.0155,0.0198,faecal-oral
682383,0.0725,0.8934,0.0152,0.0189,faecal-oral
682384,0.0975,0.8672,0.0155,0.0198,faecal-oral
688450,0.0975,0.8672,0.0155,0.0198,faecal-oral
688451,0.0975,0.8672,0.0155,0.0198,faecal-oral
688452,0.0975,0.8672,0.0155,0.0198,faecal-oral
688453,0.0975,0.8672,0.0155,0.0198,faecal-oral
688454,0.0975,0.8672,0.0155,0.0198,faecal-oral
688456,0.0975,0.8672,0.0155,0.0198,faecal-oral
688457,0.0975,0.8672,0.0155,0.0198,faecal-oral
688459,0.0975,0.8672,0.0155,0.0198,faecal-oral
688461,0.0975,0.8672,0.0155,0.0198,faecal-oral
688462,0.0975,0.8672,0.0155,0.0198,faecal-oral
688463,0.0975,0.8672,0.0155,0.0198,faecal-oral
688464,0.0975,0.8672,0.0155,0.0198,faecal-oral
688466,0.0975,0.8672,0.0155,0.0198,faecal-oral
694015,0.0655,0.8995,0.0145,0.0206,faecal-oral
723802,0.1805,0.7801,0.0190,0.0204,faecal-oral
741955,0.0975,0.8672,0.0155,0.0198,faecal-oral
741956,0.0975,0.8672,0.0155,0.0198,faecal-oral
741957,0.0975,0.8672,0.0155,0.0198,faecal-oral
741958,0.0975,0.8672,0.0155,0.0198,faecal-oral
741959,0.0975,0.8672,0.0155,0.0198,faecal-oral
741960,0.0975,0.8672,0.0155,0.0198,faecal-oral
764239,0.0975,0.8672,0.0155,0.0198,faecal-oral
764243,0.0975,0.8672,0.0155,0.0198,faecal-oral
764252,0.0897,0.8836,0.0089,0.0178,faecal-oral
764266,0.1014,0.8604,0.0200,0.0182,faecal-oral
764267,0.1014,0.8604,0.0200,0.0182,faecal-oral
764268,0.0975,0.8672,0.0155,0.0198,faecal-oral
858567,0.0975,0.8672,0.0155,0.0198,faecal-oral
858568,0.0975,0.8672,0.0155,0.0198,faecal-oral
858571,0.0975,0.8672,0.0155,0.0198,faecal-oral
858573,0.0975,0.8672,0.0155,0.0198,faecal-oral
862167,0.0712,0.8950,0.0151,0.0187,faecal-oral
862168,0.0712,0.8950,0.0151,0.0187,faecal-oral
862169,0.0712,0.8950,0.0151,0.0187,faecal-oral
862170,0.0712,0.8950,0.0151,0.0187,faecal-oral
862171,0.0712,0.8950,0.0151,0.0187,faecal-oral
862172,0.0712,0.8950,0.0151,0.0187,faecal-oral
862173,0.0712,0.8950,0.0151,0.0187,faecal-oral
862174,0.0712,0.8950,0.0151,0.0187,faecal-oral
862175,0.0712,0.8950,0.0151,0.0187,faecal-oral
862176,0.0712,0.8950,0.0151,0.0187,faecal-oral
862177,0.0712,0.8950,0.0151,0.0187,faecal-oral
862178,0.0712,0.8950,0.0151,0.0187,faecal-oral
862179,0.0712,0.8950,0.0151,0.0187,faecal-oral
862180,0.0712,0.8950,0.0151,0.0187,faecal-oral
862181,0.0712,0.8950,0.0151,0.0187,faecal-oral
862182,0.0712,0.8950,0.0151,0.0187,faecal-oral
862183,0.0712,0.8950,0.0151,0.0187,faecal-oral
864560,0.0975,0.8672,0.0155,0.0198,faecal-oral
864623,0.0712,0.8950,0.0151,0.0187,faecal-oral
864624,0.0712,0.8950,0.0151,0.0187,faecal-oral
870710,0.0975,0.8672,0.0155,0.0198,faecal-oral
870711,0.0975,0.8672,0.0155,0.0198,faecal-oral
870712,0.0975,0.8672,0.0155,0.0198,faecal-oral
871260,0.2492,0.7043,0.0214,0.0252,faecal-oral
87786,0.1158,0.8526,0.0155,0.0161,faecal-oral
934413,0.0975,0.8672,0.0155,0.0198,faecal-oral
937784,0.1539,0.4983,0.3308,0.0170,respiratory
941285,0.0975,0.8672,0.0155,0.0198,faecal-oral
941292,0.0975,0.8672,0.0155,0.0198,faecal-oral
941293,0.0975,0.8672,0.0155,0.0198,faecal-oral
941305,0.0975,0.8672,0.0155,0.0198,faecal-oral
941317,0.0975,0.8672,0.0155,0.0198,faecal-oral
999535,0.0975,0.8672,0.0155,0.0198,faecal-oral
