Taxid,predicted_label,prediction_score
1032690,0,0.38
1032691,0,0.38
1034771,0,0.47
1034800,1,0.64
1042528,0,0.22333333333333333
104382,1,0.54
10484,1,0.8067393486143486
10535,1,0.6815555555555555
1072676,0,0.33211934025357487
1072677,0,0.33211934025357487
1076281,1,0.6038235294117648
1076282,1,0.6038235294117648
1076283,1,0.6038235294117648
1076284,1,0.535
1076285,1,0.6038235294117648
10891,1,0.6572222222222223
1095764,1,0.7179649122807017
10970,0,0.396
1100043,1,0.6323852813852814
1112700,1,0.81
11276,0,0.33211934025357487
11309,0,0.46
1136456,0,0.33211934025357487
1148801,1,0.6822693111855213
1156749,1,0.61
1170423,1,0.5735858585858585
1176484,1,0.5940555555555556
1177757,1,0.61
1181292,1,0.563
1186059,1,0.6266666666666666
1188015,0,0.47
1194163,0,0.3810473664213069
1194164,1,0.5799486935799871
1201016,0,0.33211934025357487
1201017,0,0.33211934025357487
1201018,0,0.33211934025357487
1203029,0,0.456
1209382,1,0.68
1209383,1,0.59
1214906,1,0.63
1221646,1,0.6780196078431372
1222019,1,0.64
1222038,1,0.6780196078431372
1222039,1,0.6577940439333626
1222040,1,0.6780196078431372
1222041,1,0.6780196078431372
1222042,1,0.6945969469127364
1222043,1,0.6027940439333628
1222044,1,0.6676512623141106
1222045,1,0.6918980673609155
1222046,1,0.6557528052156536
1222047,1,0.6557528052156536
1222048,1,0.6780196078431372
1222049,1,0.6780196078431372
1222050,1,0.6040196078431372
1222051,1,0.6553696883325365
1244521,0,0.46
1244522,0,0.34600000000000003
1244525,0,0.382
12480,1,0.78
1293419,1,0.7006666666666667
1293420,1,0.7066666666666666
1329782,0,0.47
1330993,1,0.63
1402035,1,0.6072702344095533
1417603,1,0.6137362637362638
1417604,1,0.6705429864253393
1417605,1,0.61
1417606,1,0.61
1417607,1,0.61
1417608,1,0.6705429864253393
1417609,1,0.61
1417610,1,0.6137362637362638
1417611,1,0.61
1417612,1,0.6705429864253393
1417613,1,0.61
1417614,1,0.61
1417615,1,0.61
1417616,1,0.6705429864253393
1417617,1,0.61
1417618,1,0.61
1417619,1,0.6705429864253393
1428481,0,0.3770292674723255
1437125,1,0.6373636363636365
1511894,1,0.7688235294117647
1521109,1,0.5442971982742781
1523262,0,0.33211934025357487
1523263,0,0.33211934025357487
1523264,1,0.7783447434918023
1523265,1,0.7312326888797478
1523266,1,0.7528292589763177
1523267,0,0.33211934025357487
1523268,1,0.7452380952380951
1523269,0,0.33211934025357487
1523270,0,0.33211934025357487
1523271,1,0.65
1523272,1,0.68
1523273,1,0.7783429533429533
1523274,0,0.33211934025357487
1523275,0,0.33211934025357487
1523276,1,0.6886095546967402
1523277,1,0.7844021305491893
1523278,1,0.6985714285714286
1523279,0,0.33211934025357487
1523280,0,0.33211934025357487
1523281,1,0.65
1523282,1,0.75
1523283,0,0.33211934025357487
1523284,0,0.33211934025357487
1523285,1,0.81
1523286,0,0.33211934025357487
1523287,1,0.7061176470588235
1523288,1,0.8142207792207792
1523289,1,0.7933333333333333
1523290,0,0.33211934025357487
1523291,0,0.33211934025357487
1523292,0,0.33211934025357487
1523293,0,0.33211934025357487
1523294,0,0.33211934025357487
1525174,1,0.71
1525176,1,0.71
1525177,1,0.6419326139546727
1525178,1,0.5829051438757321
1525179,1,0.6677460916558102
1525180,1,0.6751987005369358
1530251,0,0.41
1548189,1,0.6282424242424243
1569923,1,0.5816666666666667
1602211,1,0.675
1609130,1,0.585
1609131,1,0.6534424869935707
1615798,1,0.6996087075978717
1631191,1,0.7819603174603175
1631192,1,0.8269603174603175
1631195,0,0.33211934025357487
164250,0,0.47
167323,0,0.33211934025357487
1682185,1,0.8158454106280193
1712394,1,0.7380555555555555
1714296,1,0.62
1714297,1,0.59
1714298,1,0.75
1714360,1,0.6686666666666667
1714361,1,0.6508888888888889
178530,1,0.79
178534,1,0.7524545454545455
1803959,0,0.36
1803960,0,0.44
1803961,0,0.41
1891754,1,0.67
1899067,1,0.6777570682728578
1899068,1,0.6915204678362573
1899069,1,0.6777570682728578
1899070,1,0.6777570682728578
1899071,1,0.6777570682728578
1899072,1,0.6666666666666665
1899073,1,0.6777570682728578
1899074,1,0.5516666666666666
1899075,1,0.65
1899076,1,0.7039285714285713
1899077,1,0.5516666666666666
1899078,1,0.64
1899079,0,0.48
1899080,1,0.6777570682728578
1899081,1,0.6777570682728578
1899082,1,0.6376813106971002
1899083,1,0.64
1899084,1,0.6777570682728578
1899085,1,0.64
1899086,1,0.64
1903319,1,0.74
1904886,1,0.6954545454545454
1904888,1,0.6744194577352473
1906931,1,0.66
1907787,1,0.7
1912147,1,0.73
1914549,1,0.8180714285714287
1922835,0,0.4072222222222222
1923094,1,0.6289565217391305
1923116,0,0.4236231884057971
1923133,0,0.45
1933176,1,0.75
1955201,0,0.4870428343586239
1964822,1,0.7216666666666666
1967472,0,0.46
1972587,0,0.32
1987106,1,0.585
2022413,1,0.8748235294117646
2039694,1,0.6561764705882354
2044876,1,0.7184422137242811
2053898,1,0.5625
2081950,0,0.402
2093788,1,0.72
2093789,1,0.64
2094719,1,0.6717982456140351
2152919,1,0.5927272727272728
2169479,1,0.5366666666666666
2170060,1,0.77
2184749,1,0.6314393939393939
2202649,0,0.5
2219046,1,0.556
2219047,0,0.5
2219048,1,0.64
2219052,1,0.6442424242424242
2219053,1,0.575
2219997,1,0.7188888888888889
2231327,1,0.74
2269360,0,0.5
230161,1,0.652
235406,1,0.6946333333333334
2364099,1,0.6
2448649,0,0.39
2497865,1,0.8188888888888889
2497866,1,0.8
2497867,1,0.5217916397328163
2498143,1,0.5660476190476191
2502796,1,0.7131919191919193
2502797,1,0.7530424242424243
2506584,1,0.78
2516502,0,0.44893650793650797
2517214,1,0.8866666666666667
2572459,1,0.6924285714285713
2602438,1,0.5453441558441557
261202,1,0.782
269339,1,0.6637320090621948
2712269,1,0.639051948051948
2715094,1,0.7688888888888888
2716315,1,0.7558888888888888
2720938,1,0.6860317460317461
2731271,1,0.52
2747383,1,0.5755555555555555
2778245,1,0.64
2778246,1,0.71
2778247,1,0.76
2778248,1,0.61
2778249,1,0.76
2778250,1,0.63
2778251,1,0.69
2778252,1,0.63
2778253,1,0.57
2831046,0,0.3750271552456003
29256,1,0.5402564102564102
2936928,1,0.7688174603174603
295016,1,0.8588888888888887
2956251,1,0.57
2994337,1,0.54
3047346,0,0.44866666666666666
3047370,1,0.57
3047792,0,0.33211934025357487
3048206,1,0.54
3048278,1,0.6252222222222222
3048421,1,0.59
3048439,0,0.48666666666666664
3050329,1,0.6666666666666665
3052098,0,0.31969446305631904
3052190,1,0.55
3052329,0,0.33333333333333326
3052343,1,0.56
3052370,1,0.55
3052393,1,0.53
3052394,1,0.585412217848697
3052400,1,0.51
3052404,0,0.4
3052416,1,0.71
3052421,1,0.56
3052424,1,0.71
3052445,1,0.75
3052457,1,0.53
3052467,1,0.6
3052492,0,0.4572727272727273
3052509,0,0.3639990302767731
3052510,1,0.518095238095238
3052521,1,0.7946315789473684
3052525,1,0.58
3052538,1,0.6780952380952381
3052637,1,0.85
3052661,0,0.48
3052679,1,0.63
3052707,1,0.6
3052809,1,0.5861919191919192
3060496,1,0.74
3060500,1,0.5188194523252377
308159,1,0.56
3115662,1,0.5307142857142857
315431,1,0.8521212121212122
3241299,0,0.22068965517241382
3241445,1,0.5584615384615385
340016,1,0.7798372066529962
340187,0,0.45537012987012987
341730,0,0.35
3427293,0,0.4309090909090909
3427294,0,0.39
3427295,0,0.4483333333333333
3427297,0,0.3311764705882353
3428211,0,0.23
3428509,1,0.71
3428512,1,0.79
3428953,0,0.41
3429214,0,0.35195652173913045
3429216,0,0.4925
3429217,0,0.14017080745341615
3430625,1,0.6
3430637,1,0.56
3430642,1,0.65
3430817,0,0.4706896551724138
3431243,0,0.17090909090909093
3431392,0,0.4
3432264,0,0.39
3432865,0,0.4068661257606491
3433766,0,0.49
3433792,0,0.49
348136,1,0.7305555555555556
36362,1,0.62
3703201,0,0.48
3703354,1,0.7451298701298701
3703637,1,0.5756389010725939
37140,0,0.34937062937062935
37741,0,0.317
38016,1,0.7438888888888888
384335,1,0.8354018140225037
38768,1,0.92
412463,0,0.33211934025357487
430511,0,0.49
433730,1,0.74
433731,1,0.74
433732,1,0.7633333333333333
47681,1,0.5516666666666666
481493,0,0.33211934025357487
481494,1,0.7504090909090909
481495,0,0.46050020958490867
481497,1,0.57
481498,0,0.33211934025357487
481502,0,0.33211934025357487
481503,1,0.55
481504,1,0.8279197140578719
481505,0,0.33211934025357487
481506,0,0.33211934025357487
481507,0,0.33211934025357487
481508,0,0.33211934025357487
481510,1,0.58
481511,0,0.33211934025357487
481513,1,0.7766666666666667
481515,0,0.33211934025357487
481516,0,0.33211934025357487
481517,0,0.33211934025357487
496406,1,0.6805555555555555
496407,0,0.48
496408,1,0.6805555555555555
496409,0,0.48
497343,1,0.65
497344,1,0.65
497915,1,0.6805555555555555
532080,0,0.33211934025357487
532081,0,0.33211934025357487
532082,0,0.33211934025357487
532083,0,0.33211934025357487
532084,0,0.33211934025357487
532085,0,0.33211934025357487
532086,0,0.33211934025357487
532087,0,0.33211934025357487
532088,0,0.33211934025357487
532089,0,0.33211934025357487
532090,0,0.33211934025357487
532091,0,0.33211934025357487
532092,0,0.33211934025357487
532093,0,0.33211934025357487
532094,0,0.33211934025357487
532095,0,0.33211934025357487
532096,0,0.33211934025357487
532097,0,0.33211934025357487
532098,0,0.33211934025357487
532099,0,0.33211934025357487
532100,0,0.33211934025357487
532101,0,0.33211934025357487
532102,0,0.33211934025357487
537508,0,0.33211934025357487
537509,0,0.33211934025357487
537510,0,0.33211934025357487
537511,0,0.33211934025357487
537512,0,0.33211934025357487
537513,1,0.8367745831891343
537514,1,0.6694431598966333
537515,0,0.33211934025357487
537516,1,0.7036400277282631
537517,1,0.6740259740259741
537518,0,0.33211934025357487
537519,0,0.33211934025357487
537520,0,0.33211934025357487
537521,0,0.33211934025357487
537522,0,0.33211934025357487
537523,0,0.33211934025357487
537524,1,0.5143444759364164
537525,0,0.33211934025357487
537526,1,0.5143444759364164
537527,0,0.33211934025357487
537528,0,0.32241933388739197
537529,0,0.33211934025357487
537530,1,0.6886070196367846
537531,0,0.32241933388739197
537532,0,0.33211934025357487
537533,0,0.33211934025357487
537534,0,0.4176104932477224
537535,0,0.4176104932477224
537536,0,0.33211934025357487
537537,0,0.33211934025357487
537538,0,0.33211934025357487
537539,0,0.392
537540,0,0.33211934025357487
537541,0,0.33211934025357487
537542,0,0.33211934025357487
537543,0,0.3428812450154796
537544,0,0.33211934025357487
537545,0,0.33211934025357487
537546,0,0.33211934025357487
537547,1,0.5143444759364164
537548,0,0.33211934025357487
537549,0,0.33211934025357487
537550,1,0.5143444759364164
537551,1,0.6886070196367846
537552,1,0.8142438966262495
537553,1,0.7125
537554,0,0.33211934025357487
537555,0,0.37
537556,0,0.33211934025357487
537557,1,0.7396581196581197
537558,1,0.5143444759364164
537559,1,0.7336929736929737
537560,1,0.7204545454545455
537561,1,0.6180229885057471
537562,0,0.33211934025357487
537563,1,0.6886070196367846
537564,0,0.33211934025357487
537565,0,0.392
537566,1,0.8168557422969188
537567,0,0.33211934025357487
537568,0,0.33211934025357487
537569,0,0.33211934025357487
537570,0,0.46
537571,0,0.33211934025357487
537572,0,0.33211934025357487
537573,1,0.7858888888888889
537574,1,0.6886070196367846
537575,0,0.33211934025357487
537576,0,0.33211934025357487
537577,1,0.7509999999999999
537578,1,0.55
537579,0,0.33211934025357487
537580,0,0.33211934025357487
537581,0,0.33211934025357487
537582,0,0.33211934025357487
537583,0,0.33211934025357487
537584,1,0.7125
537585,0,0.33211934025357487
537586,0,0.33211934025357487
537587,1,0.8557508983391336
537588,1,0.5139955497691707
537589,1,0.58
537590,0,0.33211934025357487
537591,1,0.7347400140279398
537592,0,0.33211934025357487
537593,0,0.33211934025357487
543937,0,0.5
546676,0,0.47101468364055926
546677,0,0.453676080181919
546678,0,0.37580701476516576
546679,0,0.46229909426389176
546680,1,0.6356741804865785
546681,1,0.5198315139366998
546682,1,0.6356741804865785
546683,1,0.5520510973272049
546684,0,0.33211934025357487
546685,0,0.341996219952823
546686,0,0.33211934025357487
546687,0,0.46229909426389176
546688,0,0.4439421910838995
546689,0,0.4439421910838995
546690,0,0.33211934025357487
546691,0,0.4439421910838995
546692,1,0.7583980355300014
546693,1,0.6635888748708548
546694,1,0.7222609691649937
546695,0,0.33211934025357487
546696,1,0.6666656141045599
546697,1,0.7280385385855973
546698,1,0.7693178619310972
546699,0,0.46229909426389176
546700,1,0.7240413438918756
546701,1,0.6621183631224119
546702,1,0.6255497273845038
546703,0,0.453676080181919
546704,0,0.33211934025357487
546705,0,0.33211934025357487
546706,0,0.33211934025357487
546707,0,0.33211934025357487
546708,0,0.33211934025357487
546709,0,0.3808294039892141
546710,0,0.453676080181919
546711,1,0.7166193702302741
546712,0,0.33211934025357487
546713,0,0.33211934025357487
546714,1,0.5528086208491009
546715,1,0.6482051978563055
546716,0,0.33211934025357487
546717,0,0.33211934025357487
546718,0,0.33211934025357487
546719,0,0.33211934025357487
546720,0,0.33211934025357487
546721,0,0.39353442466563066
546722,1,0.69
546723,0,0.3745138778177044
546725,0,0.46229909426389176
546726,1,0.6716471380471379
546727,1,0.7575550868120525
546728,1,0.6268701498948643
546729,0,0.3808294039892141
57667,0,0.46
580061,1,0.8242424242424242
586421,1,0.6794409361421745
611726,1,0.784028387253842
611727,0,0.33211934025357487
611728,1,0.69
611729,0,0.33211934025357487
611730,0,0.4450360325172049
611731,0,0.33211934025357487
611732,0,0.33211934025357487
611733,0,0.33211934025357487
611734,1,0.76636380736685
611735,0,0.33211934025357487
611736,0,0.33211934025357487
611737,1,0.7600267379679144
611738,1,0.7942857142857142
611739,1,0.7942857142857142
611740,1,0.76636380736685
611741,1,0.8354545454545454
611742,0,0.33211934025357487
611743,0,0.33211934025357487
611744,0,0.33211934025357487
611745,0,0.33211934025357487
611746,0,0.33211934025357487
611747,0,0.33211934025357487
611748,0,0.33211934025357487
611749,0,0.33211934025357487
611750,0,0.33211934025357487
611751,0,0.33211934025357487
611752,0,0.33211934025357487
611753,0,0.33211934025357487
611754,0,0.33211934025357487
611755,0,0.33211934025357487
611756,0,0.33211934025357487
611757,1,0.7170625603631696
611758,1,0.55
611759,1,0.55
611760,0,0.33211934025357487
611761,1,0.565
611762,1,0.7818244944490202
611763,1,0.5947481617844521
611764,1,0.6660406698564594
630715,0,0.33211934025357487
630716,1,0.6325555555555555
630717,0,0.33211934025357487
630718,1,0.5202914741537707
630719,0,0.33211934025357487
630720,0,0.33211934025357487
641884,0,0.45
64318,1,0.53
647366,0,0.33211934025357487
647367,1,0.5793946792865428
647368,0,0.33211934025357487
647369,1,0.76
647370,0,0.33211934025357487
647371,0,0.33211934025357487
647372,1,0.72
647373,0,0.33211934025357487
647374,1,0.6786965929387659
650036,0,0.36200000000000004
658667,0,0.49
659265,1,0.5300464090244518
662948,0,0.4733333333333334
664661,0,0.33211934025357487
682383,1,0.61
682384,1,0.62
686195,1,0.6688888888888889
686196,1,0.6588888888888889
686197,1,0.6688888888888889
686198,1,0.6582222222222223
686199,1,0.6188888888888888
686200,1,0.6588888888888889
686201,1,0.6588888888888889
688450,1,0.7988733474065954
688451,1,0.7343434343434343
688452,1,0.796427952494129
688453,1,0.7852380952380952
688454,1,0.6842268170426066
688456,0,0.45
688457,1,0.7754545454545455
688458,1,0.6888406698564593
688459,1,0.6848978127136022
688460,0,0.33211934025357487
688461,1,0.670302574618364
688462,1,0.725621212293039
688463,1,0.75
688464,1,0.81
688465,1,0.7242424242424242
688466,1,0.82
697906,0,0.33211934025357487
723802,0,0.37
741955,0,0.46558290445618217
741956,0,0.46558290445618217
741957,1,0.6525757575757575
741958,1,0.6525757575757575
741959,1,0.8388888888888889
741960,1,0.8388888888888889
741961,0,0.33211934025357487
741962,0,0.33211934025357487
742926,1,0.807728422520605
742927,1,0.9120551584180068
742928,1,0.8647832969461452
742929,1,0.7469671086023253
742930,1,0.8534769493206025
742931,1,0.7469671086023253
742932,1,0.8566658366286849
742933,1,0.7039205930648121
742934,1,0.8069178332045205
742935,1,0.57218513716601
742936,1,0.6371205157210239
742937,1,0.6882257278669043
742938,1,0.6432776299988278
742944,1,0.6731471769317109
742945,1,0.6715198203066427
742946,1,0.7058631925089158
742947,1,0.8208888888888889
742948,1,0.7120816399286987
742949,1,0.5963650793650793
742950,1,0.5218095238095237
742951,0,0.43
742952,1,0.8291041760670242
742953,0,0.33211934025357487
742954,1,0.7226196018391401
742955,1,0.8414143863933338
742956,1,0.7447900735057854
742957,1,0.8132218231258479
742958,1,0.7649690315847435
742959,1,0.6190448809717722
742960,1,0.58
743528,1,0.7291688311688311
743529,0,0.453676080181919
745091,1,0.7768650793650792
745094,1,0.8802665667665667
745095,1,0.5630904721624873
745097,1,0.8007711587575365
745098,1,0.7773809523809524
745099,1,0.9050479797979798
745100,1,0.6379551226551227
745101,1,0.6815888694781882
745102,1,0.7373809523809524
745103,1,0.5982191282231671
745104,1,0.5605698576011512
745105,1,0.8166017457488044
745106,1,0.6898700789406672
745108,1,0.81
745109,1,0.8016888888888889
764236,0,0.33211934025357487
764237,0,0.33211934025357487
764238,0,0.33211934025357487
764239,1,0.8160306296513192
764240,0,0.33211934025357487
764241,0,0.33211934025357487
764242,0,0.33211934025357487
764243,1,0.6876177937542729
764244,0,0.33211934025357487
764245,0,0.33211934025357487
764246,0,0.33211934025357487
764247,0,0.33211934025357487
764248,0,0.33211934025357487
764249,0,0.33211934025357487
764250,0,0.33211934025357487
764251,0,0.33211934025357487
764252,0,0.45
764253,0,0.33211934025357487
764254,0,0.33211934025357487
764255,0,0.33211934025357487
764256,0,0.33211934025357487
764257,0,0.33211934025357487
764258,0,0.33211934025357487
764259,0,0.33211934025357487
764260,0,0.33211934025357487
764261,0,0.33211934025357487
764262,0,0.33211934025357487
764263,0,0.33211934025357487
764264,0,0.33211934025357487
764265,0,0.33211934025357487
764266,1,0.51
764267,1,0.55
764268,1,0.58
858567,1,0.7288888888888888
858568,1,0.7288888888888888
858569,1,0.5956315789473684
858570,0,0.33211934025357487
858571,1,0.6712100840336135
858572,0,0.33211934025357487
858573,1,0.5956315789473684
862148,1,0.6666666666666665
862149,1,0.6491666666666666
862150,1,0.6491666666666666
862151,1,0.6491666666666666
862152,1,0.6491666666666666
862153,1,0.6866666666666665
862154,1,0.6491666666666666
862155,1,0.7266666666666666
862156,1,0.7266666666666666
862157,1,0.6251666666666666
862158,1,0.6491666666666666
862159,1,0.7224999999999998
862160,1,0.6491666666666666
862161,1,0.5915555555555555
862162,1,0.76
862163,1,0.65
862164,1,0.6491666666666666
862165,1,0.6491666666666666
862166,1,0.6491666666666666
862167,1,0.7388888888888888
862168,1,0.7188888888888889
862169,1,0.7388888888888888
862170,1,0.7388888888888888
862171,1,0.7388888888888888
862172,1,0.7388888888888888
862173,1,0.7388888888888888
862174,1,0.7388888888888888
862175,1,0.7388888888888888
862176,1,0.7388888888888888
862177,1,0.7388888888888888
862178,1,0.7388888888888888
862179,1,0.7388888888888888
862180,1,0.7388888888888888
862181,1,0.7388888888888888
862182,1,0.7388888888888888
862183,1,0.7388888888888888
864558,0,0.33211934025357487
864559,0,0.33211934025357487
864560,1,0.63
864561,0,0.33211934025357487
864623,1,0.7388888888888888
864624,1,0.7388888888888888
870710,1,0.574
870711,1,0.6072727272727273
870712,1,0.5193939393939394
871260,0,0.43
87786,1,0.7016666666666665
934413,1,0.8024974588031332
937784,1,0.55
941281,0,0.33211934025357487
941282,0,0.33211934025357487
941283,0,0.33211934025357487
941284,0,0.33211934025357487
941285,1,0.6255497273845038
941286,0,0.33211934025357487
941287,0,0.33211934025357487
941288,0,0.33211934025357487
941289,0,0.33211934025357487
941290,0,0.33211934025357487
941291,0,0.33211934025357487
941292,0,0.3716083577930667
941293,1,0.6391479611224434
941294,0,0.33211934025357487
941295,0,0.33211934025357487
941296,0,0.33211934025357487
941297,0,0.33211934025357487
941298,0,0.33211934025357487
941299,0,0.33211934025357487
941300,0,0.33211934025357487
941301,0,0.33211934025357487
941302,0,0.33211934025357487
941303,0,0.33211934025357487
941304,0,0.33211934025357487
941305,1,0.7090283772883859
941306,0,0.33211934025357487
941307,0,0.33211934025357487
941308,0,0.33211934025357487
941309,0,0.33211934025357487
941310,0,0.33211934025357487
941311,0,0.33211934025357487
941312,0,0.33211934025357487
941313,0,0.33211934025357487
941314,0,0.33211934025357487
941315,0,0.33211934025357487
941316,0,0.33211934025357487
941317,1,0.6851447906469716
941318,0,0.33211934025357487
941319,0,0.33211934025357487
941320,0,0.33211934025357487
941321,0,0.33211934025357487
999535,1,0.628287100326574
